ISO-10303-21;
HEADER;
FILE_DESCRIPTION(('KiCad electronic assembly'),'2;1');
FILE_NAME('mg.step','2026-04-26T20:09:07',('Pcbnew'),('Kicad'),
  'Open CASCADE STEP processor 7.9','KiCad to STEP converter','Unknown'
  );
FILE_SCHEMA(('AUTOMOTIVE_DESIGN { 1 0 10303 214 1 1 1 1 }'));
ENDSEC;
DATA;
#1 = APPLICATION_PROTOCOL_DEFINITION('international standard',
  'automotive_design',2000,#2);
#2 = APPLICATION_CONTEXT(
  'core data for automotive mechanical design processes');
#3 = SHAPE_DEFINITION_REPRESENTATION(#4,#10);
#4 = PRODUCT_DEFINITION_SHAPE('','',#5);
#5 = PRODUCT_DEFINITION('design','',#6,#9);
#6 = PRODUCT_DEFINITION_FORMATION('','',#7);
#7 = PRODUCT('mg 1','mg 1','',(#8));
#8 = PRODUCT_CONTEXT('',#2,'mechanical');
#9 = PRODUCT_DEFINITION_CONTEXT('part definition',#2,'design');
#10 = SHAPE_REPRESENTATION('',(#11,#15,#19,#23,#27,#31,#35,#39,#43,#47,
    #51,#55,#59,#63,#67,#71,#75,#79,#83,#87,#91),#95);
#11 = AXIS2_PLACEMENT_3D('',#12,#13,#14);
#12 = CARTESIAN_POINT('',(0.,0.,0.));
#13 = DIRECTION('',(0.,0.,1.));
#14 = DIRECTION('',(1.,0.,-0.));
#15 = AXIS2_PLACEMENT_3D('',#16,#17,#18);
#16 = CARTESIAN_POINT('',(173.815,-122.94,1.595));
#17 = DIRECTION('',(0.,0.,1.));
#18 = DIRECTION('',(1.,0.,0.));
#19 = AXIS2_PLACEMENT_3D('',#20,#21,#22);
#20 = CARTESIAN_POINT('',(154.675,-146.5,1.595));
#21 = DIRECTION('',(0.,0.,1.));
#22 = DIRECTION('',(1.,0.,0.));
#23 = AXIS2_PLACEMENT_3D('',#24,#25,#26);
#24 = CARTESIAN_POINT('',(151.2125,-99.5,1.595));
#25 = DIRECTION('',(0.,0.,1.));
#26 = DIRECTION('',(1.,0.,0.));
#27 = AXIS2_PLACEMENT_3D('',#28,#29,#30);
#28 = CARTESIAN_POINT('',(174.49,-99.7,1.595));
#29 = DIRECTION('',(0.,0.,1.));
#30 = DIRECTION('',(1.,0.,0.));
#31 = AXIS2_PLACEMENT_3D('',#32,#33,#34);
#32 = CARTESIAN_POINT('',(178.5,-99.5,1.595));
#33 = DIRECTION('',(0.,0.,1.));
#34 = DIRECTION('',(1.,0.,0.));
#35 = AXIS2_PLACEMENT_3D('',#36,#37,#38);
#36 = CARTESIAN_POINT('',(127.7125,-99.5,1.595));
#37 = DIRECTION('',(0.,0.,1.));
#38 = DIRECTION('',(1.,0.,0.));
#39 = AXIS2_PLACEMENT_3D('',#40,#41,#42);
#40 = CARTESIAN_POINT('',(177.825,-122.5,1.595));
#41 = DIRECTION('',(0.,0.,1.));
#42 = DIRECTION('',(1.,0.,0.));
#43 = AXIS2_PLACEMENT_3D('',#44,#45,#46);
#44 = CARTESIAN_POINT('',(166.,-67.5,1.595));
#45 = DIRECTION('',(0.,0.,1.));
#46 = DIRECTION('',(1.,0.,0.));
#47 = AXIS2_PLACEMENT_3D('',#48,#49,#50);
#48 = CARTESIAN_POINT('',(155.2225,-99.38,1.595));
#49 = DIRECTION('',(0.,0.,1.));
#50 = DIRECTION('',(1.,0.,0.));
#51 = AXIS2_PLACEMENT_3D('',#52,#53,#54);
#52 = CARTESIAN_POINT('',(178.7975,-147.32,1.595));
#53 = DIRECTION('',(0.,0.,1.));
#54 = DIRECTION('',(1.,0.,0.));
#55 = AXIS2_PLACEMENT_3D('',#56,#57,#58);
#56 = CARTESIAN_POINT('',(155.175,-122.5,1.595));
#57 = DIRECTION('',(0.,0.,1.));
#58 = DIRECTION('',(1.,0.,0.));
#59 = AXIS2_PLACEMENT_3D('',#60,#61,#62);
#60 = CARTESIAN_POINT('',(150.665,-147.1,1.595));
#61 = DIRECTION('',(0.,0.,1.));
#62 = DIRECTION('',(1.,0.,0.));
#63 = AXIS2_PLACEMENT_3D('',#64,#65,#66);
#64 = CARTESIAN_POINT('',(151.165,-122.86,1.595));
#65 = DIRECTION('',(0.,0.,1.));
#66 = DIRECTION('',(1.,0.,0.));
#67 = AXIS2_PLACEMENT_3D('',#68,#69,#70);
#68 = CARTESIAN_POINT('',(174.7875,-148.,1.595));
#69 = DIRECTION('',(0.,0.,1.));
#70 = DIRECTION('',(1.,0.,0.));
#71 = AXIS2_PLACEMENT_3D('',#72,#73,#74);
#72 = CARTESIAN_POINT('',(131.7225,-99.46,1.595));
#73 = DIRECTION('',(0.,0.,1.));
#74 = DIRECTION('',(1.,0.,0.));
#75 = AXIS2_PLACEMENT_3D('',#76,#77,#78);
#76 = CARTESIAN_POINT('',(131.675,-122.5,1.595));
#77 = DIRECTION('',(0.,0.,1.));
#78 = DIRECTION('',(1.,0.,0.));
#79 = AXIS2_PLACEMENT_3D('',#80,#81,#82);
#80 = CARTESIAN_POINT('',(131.,-147.,1.595));
#81 = DIRECTION('',(0.,0.,1.));
#82 = DIRECTION('',(1.,0.,0.));
#83 = AXIS2_PLACEMENT_3D('',#84,#85,#86);
#84 = CARTESIAN_POINT('',(126.99,-147.52,1.595));
#85 = DIRECTION('',(0.,0.,1.));
#86 = DIRECTION('',(1.,0.,0.));
#87 = AXIS2_PLACEMENT_3D('',#88,#89,#90);
#88 = CARTESIAN_POINT('',(127.665,-122.78,1.595));
#89 = DIRECTION('',(0.,0.,1.));
#90 = DIRECTION('',(1.,0.,0.));
#91 = AXIS2_PLACEMENT_3D('',#92,#93,#94);
#92 = CARTESIAN_POINT('',(0.,0.,0.));
#93 = DIRECTION('',(0.,0.,1.));
#94 = DIRECTION('',(1.,0.,-0.));
#95 = ( GEOMETRIC_REPRESENTATION_CONTEXT(3) 
GLOBAL_UNCERTAINTY_ASSIGNED_CONTEXT((#99)) GLOBAL_UNIT_ASSIGNED_CONTEXT(
(#96,#97,#98)) REPRESENTATION_CONTEXT('Context #1',
  '3D Context with UNIT and UNCERTAINTY') );
#96 = ( LENGTH_UNIT() NAMED_UNIT(*) SI_UNIT(.MILLI.,.METRE.) );
#97 = ( NAMED_UNIT(*) PLANE_ANGLE_UNIT() SI_UNIT($,.RADIAN.) );
#98 = ( NAMED_UNIT(*) SI_UNIT($,.STERADIAN.) SOLID_ANGLE_UNIT() );
#99 = UNCERTAINTY_MEASURE_WITH_UNIT(LENGTH_MEASURE(1.E-07),#96,
  'distance_accuracy_value','confusion accuracy');
#100 = PRODUCT_RELATED_PRODUCT_CATEGORY('part',$,(#7));
#101 = SHAPE_DEFINITION_REPRESENTATION(#102,#108);
#102 = PRODUCT_DEFINITION_SHAPE('','',#103);
#103 = PRODUCT_DEFINITION('design','',#104,#107);
#104 = PRODUCT_DEFINITION_FORMATION('','',#105);
#105 = PRODUCT('LED_0603_1608Metric','LED_0603_1608Metric','',(#106));
#106 = PRODUCT_CONTEXT('',#2,'mechanical');
#107 = PRODUCT_DEFINITION_CONTEXT('part definition',#2,'design');
#108 = ADVANCED_BREP_SHAPE_REPRESENTATION('',(#11,#109),#1632);
#109 = MANIFOLD_SOLID_BREP('',#110);
#110 = CLOSED_SHELL('',(#111,#151,#198,#277,#301,#341,#372,#389,#422,
    #446,#513,#634,#701,#725,#756,#789,#845,#869,#893,#917,#950,#962,
    #1025,#1050,#1067,#1091,#1109,#1127,#1145,#1162,#1179,#1210,#1235,
    #1260,#1284,#1301,#1332,#1356,#1373,#1401,#1426,#1450,#1475,#1522,
    #1539,#1551,#1573,#1585,#1603,#1621));
#111 = ADVANCED_FACE('',(#112),#146,.F.);
#112 = FACE_BOUND('',#113,.F.);
#113 = EDGE_LOOP('',(#114,#124,#132,#140));
#114 = ORIENTED_EDGE('',*,*,#115,.T.);
#115 = EDGE_CURVE('',#116,#118,#120,.T.);
#116 = VERTEX_POINT('',#117);
#117 = CARTESIAN_POINT('',(-0.5,-0.4,0.47));
#118 = VERTEX_POINT('',#119);
#119 = CARTESIAN_POINT('',(-0.45,-0.4,1.1));
#120 = LINE('',#121,#122);
#121 = CARTESIAN_POINT('',(-0.5,-0.4,0.47));
#122 = VECTOR('',#123,1.);
#123 = DIRECTION('',(7.911630099815E-02,0.,0.996865392576));
#124 = ORIENTED_EDGE('',*,*,#125,.T.);
#125 = EDGE_CURVE('',#118,#126,#128,.T.);
#126 = VERTEX_POINT('',#127);
#127 = CARTESIAN_POINT('',(0.45,-0.4,1.1));
#128 = LINE('',#129,#130);
#129 = CARTESIAN_POINT('',(-0.45,-0.4,1.1));
#130 = VECTOR('',#131,1.);
#131 = DIRECTION('',(1.,0.,0.));
#132 = ORIENTED_EDGE('',*,*,#133,.T.);
#133 = EDGE_CURVE('',#126,#134,#136,.T.);
#134 = VERTEX_POINT('',#135);
#135 = CARTESIAN_POINT('',(0.5,-0.4,0.47));
#136 = LINE('',#137,#138);
#137 = CARTESIAN_POINT('',(0.45,-0.4,1.1));
#138 = VECTOR('',#139,1.);
#139 = DIRECTION('',(7.911630099815E-02,0.,-0.996865392576));
#140 = ORIENTED_EDGE('',*,*,#141,.T.);
#141 = EDGE_CURVE('',#134,#116,#142,.T.);
#142 = LINE('',#143,#144);
#143 = CARTESIAN_POINT('',(0.5,-0.4,0.47));
#144 = VECTOR('',#145,1.);
#145 = DIRECTION('',(-1.,0.,0.));
#146 = PLANE('',#147);
#147 = AXIS2_PLACEMENT_3D('',#148,#149,#150);
#148 = CARTESIAN_POINT('',(-8.772411109409E-18,-0.4,0.775044128294));
#149 = DIRECTION('',(0.,1.,0.));
#150 = DIRECTION('',(0.,-0.,1.));
#151 = ADVANCED_FACE('',(#152),#193,.T.);
#152 = FACE_BOUND('',#153,.T.);
#153 = EDGE_LOOP('',(#154,#164,#172,#178,#179,#187));
#154 = ORIENTED_EDGE('',*,*,#155,.T.);
#155 = EDGE_CURVE('',#156,#158,#160,.T.);
#156 = VERTEX_POINT('',#157);
#157 = CARTESIAN_POINT('',(-0.5,0.4,0.47));
#158 = VERTEX_POINT('',#159);
#159 = CARTESIAN_POINT('',(-0.5,0.3,0.47));
#160 = LINE('',#161,#162);
#161 = CARTESIAN_POINT('',(-0.5,0.4,0.47));
#162 = VECTOR('',#163,1.);
#163 = DIRECTION('',(0.,-1.,0.));
#164 = ORIENTED_EDGE('',*,*,#165,.F.);
#165 = EDGE_CURVE('',#166,#158,#168,.T.);
#166 = VERTEX_POINT('',#167);
#167 = CARTESIAN_POINT('',(-0.5,-0.3,0.47));
#168 = LINE('',#169,#170);
#169 = CARTESIAN_POINT('',(-0.5,-0.4,0.47));
#170 = VECTOR('',#171,1.);
#171 = DIRECTION('',(0.,1.,0.));
#172 = ORIENTED_EDGE('',*,*,#173,.T.);
#173 = EDGE_CURVE('',#166,#116,#174,.T.);
#174 = LINE('',#175,#176);
#175 = CARTESIAN_POINT('',(-0.5,0.4,0.47));
#176 = VECTOR('',#177,1.);
#177 = DIRECTION('',(0.,-1.,0.));
#178 = ORIENTED_EDGE('',*,*,#115,.T.);
#179 = ORIENTED_EDGE('',*,*,#180,.F.);
#180 = EDGE_CURVE('',#181,#118,#183,.T.);
#181 = VERTEX_POINT('',#182);
#182 = CARTESIAN_POINT('',(-0.45,0.4,1.1));
#183 = LINE('',#184,#185);
#184 = CARTESIAN_POINT('',(-0.45,0.4,1.1));
#185 = VECTOR('',#186,1.);
#186 = DIRECTION('',(0.,-1.,0.));
#187 = ORIENTED_EDGE('',*,*,#188,.F.);
#188 = EDGE_CURVE('',#156,#181,#189,.T.);
#189 = LINE('',#190,#191);
#190 = CARTESIAN_POINT('',(-0.5,0.4,0.47));
#191 = VECTOR('',#192,1.);
#192 = DIRECTION('',(7.911630099815E-02,0.,0.996865392576));
#193 = PLANE('',#194);
#194 = AXIS2_PLACEMENT_3D('',#195,#196,#197);
#195 = CARTESIAN_POINT('',(-0.5,0.4,0.47));
#196 = DIRECTION('',(-0.996865392576,0.,7.911630099815E-02));
#197 = DIRECTION('',(7.911630099815E-02,0.,0.996865392576));
#198 = ADVANCED_FACE('',(#199),#272,.F.);
#199 = FACE_BOUND('',#200,.F.);
#200 = EDGE_LOOP('',(#201,#211,#219,#227,#233,#234,#242,#250,#258,#266)
  );
#201 = ORIENTED_EDGE('',*,*,#202,.F.);
#202 = EDGE_CURVE('',#203,#205,#207,.T.);
#203 = VERTEX_POINT('',#204);
#204 = CARTESIAN_POINT('',(-0.77,-0.4,3.E-02));
#205 = VERTEX_POINT('',#206);
#206 = CARTESIAN_POINT('',(-0.725,-0.4,3.E-02));
#207 = LINE('',#208,#209);
#208 = CARTESIAN_POINT('',(-0.77,-0.4,3.E-02));
#209 = VECTOR('',#210,1.);
#210 = DIRECTION('',(1.,0.,0.));
#211 = ORIENTED_EDGE('',*,*,#212,.T.);
#212 = EDGE_CURVE('',#203,#213,#215,.T.);
#213 = VERTEX_POINT('',#214);
#214 = CARTESIAN_POINT('',(-0.77,-0.4,0.47));
#215 = LINE('',#216,#217);
#216 = CARTESIAN_POINT('',(-0.77,-0.4,3.E-02));
#217 = VECTOR('',#218,1.);
#218 = DIRECTION('',(0.,0.,1.));
#219 = ORIENTED_EDGE('',*,*,#220,.T.);
#220 = EDGE_CURVE('',#213,#221,#223,.T.);
#221 = VERTEX_POINT('',#222);
#222 = CARTESIAN_POINT('',(-0.725,-0.4,0.47));
#223 = LINE('',#224,#225);
#224 = CARTESIAN_POINT('',(-0.77,-0.4,0.47));
#225 = VECTOR('',#226,1.);
#226 = DIRECTION('',(1.,0.,0.));
#227 = ORIENTED_EDGE('',*,*,#228,.T.);
#228 = EDGE_CURVE('',#221,#116,#229,.T.);
#229 = LINE('',#230,#231);
#230 = CARTESIAN_POINT('',(-0.77,-0.4,0.47));
#231 = VECTOR('',#232,1.);
#232 = DIRECTION('',(1.,0.,0.));
#233 = ORIENTED_EDGE('',*,*,#141,.F.);
#234 = ORIENTED_EDGE('',*,*,#235,.T.);
#235 = EDGE_CURVE('',#134,#236,#238,.T.);
#236 = VERTEX_POINT('',#237);
#237 = CARTESIAN_POINT('',(0.725,-0.4,0.47));
#238 = LINE('',#239,#240);
#239 = CARTESIAN_POINT('',(-0.77,-0.4,0.47));
#240 = VECTOR('',#241,1.);
#241 = DIRECTION('',(1.,0.,0.));
#242 = ORIENTED_EDGE('',*,*,#243,.T.);
#243 = EDGE_CURVE('',#236,#244,#246,.T.);
#244 = VERTEX_POINT('',#245);
#245 = CARTESIAN_POINT('',(0.77,-0.4,0.47));
#246 = LINE('',#247,#248);
#247 = CARTESIAN_POINT('',(-0.77,-0.4,0.47));
#248 = VECTOR('',#249,1.);
#249 = DIRECTION('',(1.,0.,0.));
#250 = ORIENTED_EDGE('',*,*,#251,.F.);
#251 = EDGE_CURVE('',#252,#244,#254,.T.);
#252 = VERTEX_POINT('',#253);
#253 = CARTESIAN_POINT('',(0.77,-0.4,3.E-02));
#254 = LINE('',#255,#256);
#255 = CARTESIAN_POINT('',(0.77,-0.4,3.E-02));
#256 = VECTOR('',#257,1.);
#257 = DIRECTION('',(0.,0.,1.));
#258 = ORIENTED_EDGE('',*,*,#259,.F.);
#259 = EDGE_CURVE('',#260,#252,#262,.T.);
#260 = VERTEX_POINT('',#261);
#261 = CARTESIAN_POINT('',(0.725,-0.4,3.E-02));
#262 = LINE('',#263,#264);
#263 = CARTESIAN_POINT('',(-0.77,-0.4,3.E-02));
#264 = VECTOR('',#265,1.);
#265 = DIRECTION('',(1.,0.,0.));
#266 = ORIENTED_EDGE('',*,*,#267,.F.);
#267 = EDGE_CURVE('',#205,#260,#268,.T.);
#268 = LINE('',#269,#270);
#269 = CARTESIAN_POINT('',(-0.77,-0.4,3.E-02));
#270 = VECTOR('',#271,1.);
#271 = DIRECTION('',(1.,0.,0.));
#272 = PLANE('',#273);
#273 = AXIS2_PLACEMENT_3D('',#274,#275,#276);
#274 = CARTESIAN_POINT('',(-0.77,-0.4,3.E-02));
#275 = DIRECTION('',(0.,1.,0.));
#276 = DIRECTION('',(0.,-0.,1.));
#277 = ADVANCED_FACE('',(#278),#296,.T.);
#278 = FACE_BOUND('',#279,.T.);
#279 = EDGE_LOOP('',(#280,#281,#282,#290));
#280 = ORIENTED_EDGE('',*,*,#180,.T.);
#281 = ORIENTED_EDGE('',*,*,#125,.T.);
#282 = ORIENTED_EDGE('',*,*,#283,.F.);
#283 = EDGE_CURVE('',#284,#126,#286,.T.);
#284 = VERTEX_POINT('',#285);
#285 = CARTESIAN_POINT('',(0.45,0.4,1.1));
#286 = LINE('',#287,#288);
#287 = CARTESIAN_POINT('',(0.45,0.4,1.1));
#288 = VECTOR('',#289,1.);
#289 = DIRECTION('',(0.,-1.,0.));
#290 = ORIENTED_EDGE('',*,*,#291,.F.);
#291 = EDGE_CURVE('',#181,#284,#292,.T.);
#292 = LINE('',#293,#294);
#293 = CARTESIAN_POINT('',(-0.45,0.4,1.1));
#294 = VECTOR('',#295,1.);
#295 = DIRECTION('',(1.,0.,0.));
#296 = PLANE('',#297);
#297 = AXIS2_PLACEMENT_3D('',#298,#299,#300);
#298 = CARTESIAN_POINT('',(-0.45,0.4,1.1));
#299 = DIRECTION('',(0.,0.,1.));
#300 = DIRECTION('',(1.,0.,-0.));
#301 = ADVANCED_FACE('',(#302),#336,.T.);
#302 = FACE_BOUND('',#303,.T.);
#303 = EDGE_LOOP('',(#304,#305,#306,#314,#322,#330));
#304 = ORIENTED_EDGE('',*,*,#283,.T.);
#305 = ORIENTED_EDGE('',*,*,#133,.T.);
#306 = ORIENTED_EDGE('',*,*,#307,.F.);
#307 = EDGE_CURVE('',#308,#134,#310,.T.);
#308 = VERTEX_POINT('',#309);
#309 = CARTESIAN_POINT('',(0.5,-0.3,0.47));
#310 = LINE('',#311,#312);
#311 = CARTESIAN_POINT('',(0.5,0.4,0.47));
#312 = VECTOR('',#313,1.);
#313 = DIRECTION('',(0.,-1.,0.));
#314 = ORIENTED_EDGE('',*,*,#315,.T.);
#315 = EDGE_CURVE('',#308,#316,#318,.T.);
#316 = VERTEX_POINT('',#317);
#317 = CARTESIAN_POINT('',(0.5,0.3,0.47));
#318 = LINE('',#319,#320);
#319 = CARTESIAN_POINT('',(0.5,-0.4,0.47));
#320 = VECTOR('',#321,1.);
#321 = DIRECTION('',(0.,1.,0.));
#322 = ORIENTED_EDGE('',*,*,#323,.F.);
#323 = EDGE_CURVE('',#324,#316,#326,.T.);
#324 = VERTEX_POINT('',#325);
#325 = CARTESIAN_POINT('',(0.5,0.4,0.47));
#326 = LINE('',#327,#328);
#327 = CARTESIAN_POINT('',(0.5,0.4,0.47));
#328 = VECTOR('',#329,1.);
#329 = DIRECTION('',(0.,-1.,0.));
#330 = ORIENTED_EDGE('',*,*,#331,.F.);
#331 = EDGE_CURVE('',#284,#324,#332,.T.);
#332 = LINE('',#333,#334);
#333 = CARTESIAN_POINT('',(0.45,0.4,1.1));
#334 = VECTOR('',#335,1.);
#335 = DIRECTION('',(7.911630099815E-02,0.,-0.996865392576));
#336 = PLANE('',#337);
#337 = AXIS2_PLACEMENT_3D('',#338,#339,#340);
#338 = CARTESIAN_POINT('',(0.45,0.4,1.1));
#339 = DIRECTION('',(0.996865392576,0.,7.911630099815E-02));
#340 = DIRECTION('',(7.911630099815E-02,0.,-0.996865392576));
#341 = ADVANCED_FACE('',(#342),#367,.T.);
#342 = FACE_BOUND('',#343,.T.);
#343 = EDGE_LOOP('',(#344,#352,#360,#366));
#344 = ORIENTED_EDGE('',*,*,#345,.F.);
#345 = EDGE_CURVE('',#346,#156,#348,.T.);
#346 = VERTEX_POINT('',#347);
#347 = CARTESIAN_POINT('',(-0.725,0.4,0.47));
#348 = LINE('',#349,#350);
#349 = CARTESIAN_POINT('',(-0.77,0.4,0.47));
#350 = VECTOR('',#351,1.);
#351 = DIRECTION('',(1.,0.,0.));
#352 = ORIENTED_EDGE('',*,*,#353,.F.);
#353 = EDGE_CURVE('',#354,#346,#356,.T.);
#354 = VERTEX_POINT('',#355);
#355 = CARTESIAN_POINT('',(-0.725,0.3,0.47));
#356 = LINE('',#357,#358);
#357 = CARTESIAN_POINT('',(-0.725,5.E-02,0.47));
#358 = VECTOR('',#359,1.);
#359 = DIRECTION('',(0.,1.,0.));
#360 = ORIENTED_EDGE('',*,*,#361,.F.);
#361 = EDGE_CURVE('',#158,#354,#362,.T.);
#362 = LINE('',#363,#364);
#363 = CARTESIAN_POINT('',(-0.7475,0.3,0.47));
#364 = VECTOR('',#365,1.);
#365 = DIRECTION('',(-1.,0.,0.));
#366 = ORIENTED_EDGE('',*,*,#155,.F.);
#367 = PLANE('',#368);
#368 = AXIS2_PLACEMENT_3D('',#369,#370,#371);
#369 = CARTESIAN_POINT('',(-0.77,-0.4,0.47));
#370 = DIRECTION('',(0.,0.,1.));
#371 = DIRECTION('',(1.,0.,-0.));
#372 = ADVANCED_FACE('',(#373),#384,.T.);
#373 = FACE_BOUND('',#374,.T.);
#374 = EDGE_LOOP('',(#375,#376,#377,#378));
#375 = ORIENTED_EDGE('',*,*,#188,.T.);
#376 = ORIENTED_EDGE('',*,*,#291,.T.);
#377 = ORIENTED_EDGE('',*,*,#331,.T.);
#378 = ORIENTED_EDGE('',*,*,#379,.T.);
#379 = EDGE_CURVE('',#324,#156,#380,.T.);
#380 = LINE('',#381,#382);
#381 = CARTESIAN_POINT('',(0.5,0.4,0.47));
#382 = VECTOR('',#383,1.);
#383 = DIRECTION('',(-1.,0.,0.));
#384 = PLANE('',#385);
#385 = AXIS2_PLACEMENT_3D('',#386,#387,#388);
#386 = CARTESIAN_POINT('',(-8.772411109409E-18,0.4,0.775044128294));
#387 = DIRECTION('',(0.,1.,0.));
#388 = DIRECTION('',(0.,-0.,1.));
#389 = ADVANCED_FACE('',(#390),#417,.T.);
#390 = FACE_BOUND('',#391,.T.);
#391 = EDGE_LOOP('',(#392,#401,#409,#416));
#392 = ORIENTED_EDGE('',*,*,#393,.F.);
#393 = EDGE_CURVE('',#394,#158,#396,.T.);
#394 = VERTEX_POINT('',#395);
#395 = CARTESIAN_POINT('',(-0.53,0.3,0.5));
#396 = CIRCLE('',#397,3.E-02);
#397 = AXIS2_PLACEMENT_3D('',#398,#399,#400);
#398 = CARTESIAN_POINT('',(-0.53,0.3,0.47));
#399 = DIRECTION('',(-0.,1.,0.));
#400 = DIRECTION('',(1.,0.,0.));
#401 = ORIENTED_EDGE('',*,*,#402,.F.);
#402 = EDGE_CURVE('',#403,#394,#405,.T.);
#403 = VERTEX_POINT('',#404);
#404 = CARTESIAN_POINT('',(-0.53,-0.3,0.5));
#405 = LINE('',#406,#407);
#406 = CARTESIAN_POINT('',(-0.53,-0.4,0.5));
#407 = VECTOR('',#408,1.);
#408 = DIRECTION('',(0.,1.,0.));
#409 = ORIENTED_EDGE('',*,*,#410,.T.);
#410 = EDGE_CURVE('',#403,#166,#411,.T.);
#411 = CIRCLE('',#412,3.E-02);
#412 = AXIS2_PLACEMENT_3D('',#413,#414,#415);
#413 = CARTESIAN_POINT('',(-0.53,-0.3,0.47));
#414 = DIRECTION('',(-0.,1.,0.));
#415 = DIRECTION('',(1.,0.,0.));
#416 = ORIENTED_EDGE('',*,*,#165,.T.);
#417 = CYLINDRICAL_SURFACE('',#418,3.E-02);
#418 = AXIS2_PLACEMENT_3D('',#419,#420,#421);
#419 = CARTESIAN_POINT('',(-0.53,-0.4,0.47));
#420 = DIRECTION('',(0.,1.,0.));
#421 = DIRECTION('',(1.,0.,0.));
#422 = ADVANCED_FACE('',(#423),#441,.T.);
#423 = FACE_BOUND('',#424,.T.);
#424 = EDGE_LOOP('',(#425,#433,#434,#435));
#425 = ORIENTED_EDGE('',*,*,#426,.F.);
#426 = EDGE_CURVE('',#221,#427,#429,.T.);
#427 = VERTEX_POINT('',#428);
#428 = CARTESIAN_POINT('',(-0.725,-0.3,0.47));
#429 = LINE('',#430,#431);
#430 = CARTESIAN_POINT('',(-0.725,-0.35,0.47));
#431 = VECTOR('',#432,1.);
#432 = DIRECTION('',(0.,1.,0.));
#433 = ORIENTED_EDGE('',*,*,#228,.T.);
#434 = ORIENTED_EDGE('',*,*,#173,.F.);
#435 = ORIENTED_EDGE('',*,*,#436,.F.);
#436 = EDGE_CURVE('',#427,#166,#437,.T.);
#437 = LINE('',#438,#439);
#438 = CARTESIAN_POINT('',(-2.25E-02,-0.3,0.47));
#439 = VECTOR('',#440,1.);
#440 = DIRECTION('',(1.,0.,0.));
#441 = PLANE('',#442);
#442 = AXIS2_PLACEMENT_3D('',#443,#444,#445);
#443 = CARTESIAN_POINT('',(-0.77,-0.4,0.47));
#444 = DIRECTION('',(0.,0.,1.));
#445 = DIRECTION('',(1.,0.,-0.));
#446 = ADVANCED_FACE('',(#447),#508,.F.);
#447 = FACE_BOUND('',#448,.F.);
#448 = EDGE_LOOP('',(#449,#459,#468,#476,#485,#493,#499,#500,#501,#502)
  );
#449 = ORIENTED_EDGE('',*,*,#450,.F.);
#450 = EDGE_CURVE('',#451,#453,#455,.T.);
#451 = VERTEX_POINT('',#452);
#452 = CARTESIAN_POINT('',(-0.77,-0.4,-3.469446951954E-18));
#453 = VERTEX_POINT('',#454);
#454 = CARTESIAN_POINT('',(-0.725,-0.4,0.));
#455 = LINE('',#456,#457);
#456 = CARTESIAN_POINT('',(-0.8,-0.4,0.));
#457 = VECTOR('',#458,1.);
#458 = DIRECTION('',(1.,0.,0.));
#459 = ORIENTED_EDGE('',*,*,#460,.F.);
#460 = EDGE_CURVE('',#461,#451,#463,.T.);
#461 = VERTEX_POINT('',#462);
#462 = CARTESIAN_POINT('',(-0.8,-0.4,3.E-02));
#463 = CIRCLE('',#464,3.E-02);
#464 = AXIS2_PLACEMENT_3D('',#465,#466,#467);
#465 = CARTESIAN_POINT('',(-0.77,-0.4,3.E-02));
#466 = DIRECTION('',(0.,-1.,0.));
#467 = DIRECTION('',(0.,0.,1.));
#468 = ORIENTED_EDGE('',*,*,#469,.T.);
#469 = EDGE_CURVE('',#461,#470,#472,.T.);
#470 = VERTEX_POINT('',#471);
#471 = CARTESIAN_POINT('',(-0.8,-0.4,0.47));
#472 = LINE('',#473,#474);
#473 = CARTESIAN_POINT('',(-0.8,-0.4,0.));
#474 = VECTOR('',#475,1.);
#475 = DIRECTION('',(0.,0.,1.));
#476 = ORIENTED_EDGE('',*,*,#477,.T.);
#477 = EDGE_CURVE('',#470,#478,#480,.T.);
#478 = VERTEX_POINT('',#479);
#479 = CARTESIAN_POINT('',(-0.77,-0.4,0.5));
#480 = CIRCLE('',#481,3.E-02);
#481 = AXIS2_PLACEMENT_3D('',#482,#483,#484);
#482 = CARTESIAN_POINT('',(-0.77,-0.4,0.47));
#483 = DIRECTION('',(0.,1.,0.));
#484 = DIRECTION('',(0.,-0.,1.));
#485 = ORIENTED_EDGE('',*,*,#486,.T.);
#486 = EDGE_CURVE('',#478,#487,#489,.T.);
#487 = VERTEX_POINT('',#488);
#488 = CARTESIAN_POINT('',(-0.725,-0.4,0.5));
#489 = LINE('',#490,#491);
#490 = CARTESIAN_POINT('',(-0.8,-0.4,0.5));
#491 = VECTOR('',#492,1.);
#492 = DIRECTION('',(1.,0.,0.));
#493 = ORIENTED_EDGE('',*,*,#494,.F.);
#494 = EDGE_CURVE('',#221,#487,#495,.T.);
#495 = LINE('',#496,#497);
#496 = CARTESIAN_POINT('',(-0.725,-0.4,0.375));
#497 = VECTOR('',#498,1.);
#498 = DIRECTION('',(0.,0.,1.));
#499 = ORIENTED_EDGE('',*,*,#220,.F.);
#500 = ORIENTED_EDGE('',*,*,#212,.F.);
#501 = ORIENTED_EDGE('',*,*,#202,.T.);
#502 = ORIENTED_EDGE('',*,*,#503,.F.);
#503 = EDGE_CURVE('',#453,#205,#504,.T.);
#504 = LINE('',#505,#506);
#505 = CARTESIAN_POINT('',(-0.725,-0.4,0.375));
#506 = VECTOR('',#507,1.);
#507 = DIRECTION('',(0.,0.,1.));
#508 = PLANE('',#509);
#509 = AXIS2_PLACEMENT_3D('',#510,#511,#512);
#510 = CARTESIAN_POINT('',(-0.8,-0.4,0.));
#511 = DIRECTION('',(0.,1.,0.));
#512 = DIRECTION('',(0.,-0.,1.));
#513 = ADVANCED_FACE('',(#514,#603),#629,.F.);
#514 = FACE_BOUND('',#515,.F.);
#515 = EDGE_LOOP('',(#516,#524,#525,#533,#541,#549,#557,#565,#573,#581,
    #589,#597));
#516 = ORIENTED_EDGE('',*,*,#517,.F.);
#517 = EDGE_CURVE('',#205,#518,#520,.T.);
#518 = VERTEX_POINT('',#519);
#519 = CARTESIAN_POINT('',(-0.725,-0.3,3.E-02));
#520 = LINE('',#521,#522);
#521 = CARTESIAN_POINT('',(-0.725,-0.35,3.E-02));
#522 = VECTOR('',#523,1.);
#523 = DIRECTION('',(0.,1.,0.));
#524 = ORIENTED_EDGE('',*,*,#267,.T.);
#525 = ORIENTED_EDGE('',*,*,#526,.F.);
#526 = EDGE_CURVE('',#527,#260,#529,.T.);
#527 = VERTEX_POINT('',#528);
#528 = CARTESIAN_POINT('',(0.725,-0.3,3.E-02));
#529 = LINE('',#530,#531);
#530 = CARTESIAN_POINT('',(0.725,-0.45,3.E-02));
#531 = VECTOR('',#532,1.);
#532 = DIRECTION('',(0.,-1.,0.));
#533 = ORIENTED_EDGE('',*,*,#534,.F.);
#534 = EDGE_CURVE('',#535,#527,#537,.T.);
#535 = VERTEX_POINT('',#536);
#536 = CARTESIAN_POINT('',(0.5,-0.3,3.E-02));
#537 = LINE('',#538,#539);
#538 = CARTESIAN_POINT('',(-2.25E-02,-0.3,3.E-02));
#539 = VECTOR('',#540,1.);
#540 = DIRECTION('',(1.,0.,0.));
#541 = ORIENTED_EDGE('',*,*,#542,.T.);
#542 = EDGE_CURVE('',#535,#543,#545,.T.);
#543 = VERTEX_POINT('',#544);
#544 = CARTESIAN_POINT('',(0.5,0.3,3.E-02));
#545 = LINE('',#546,#547);
#546 = CARTESIAN_POINT('',(0.5,-0.4,3.E-02));
#547 = VECTOR('',#548,1.);
#548 = DIRECTION('',(0.,1.,0.));
#549 = ORIENTED_EDGE('',*,*,#550,.F.);
#550 = EDGE_CURVE('',#551,#543,#553,.T.);
#551 = VERTEX_POINT('',#552);
#552 = CARTESIAN_POINT('',(0.725,0.3,3.E-02));
#553 = LINE('',#554,#555);
#554 = CARTESIAN_POINT('',(-0.7475,0.3,3.E-02));
#555 = VECTOR('',#556,1.);
#556 = DIRECTION('',(-1.,0.,0.));
#557 = ORIENTED_EDGE('',*,*,#558,.F.);
#558 = EDGE_CURVE('',#559,#551,#561,.T.);
#559 = VERTEX_POINT('',#560);
#560 = CARTESIAN_POINT('',(0.725,0.4,3.E-02));
#561 = LINE('',#562,#563);
#562 = CARTESIAN_POINT('',(0.725,-5.E-02,3.E-02));
#563 = VECTOR('',#564,1.);
#564 = DIRECTION('',(0.,-1.,0.));
#565 = ORIENTED_EDGE('',*,*,#566,.F.);
#566 = EDGE_CURVE('',#567,#559,#569,.T.);
#567 = VERTEX_POINT('',#568);
#568 = CARTESIAN_POINT('',(-0.725,0.4,3.E-02));
#569 = LINE('',#570,#571);
#570 = CARTESIAN_POINT('',(-0.77,0.4,3.E-02));
#571 = VECTOR('',#572,1.);
#572 = DIRECTION('',(1.,0.,0.));
#573 = ORIENTED_EDGE('',*,*,#574,.F.);
#574 = EDGE_CURVE('',#575,#567,#577,.T.);
#575 = VERTEX_POINT('',#576);
#576 = CARTESIAN_POINT('',(-0.725,0.3,3.E-02));
#577 = LINE('',#578,#579);
#578 = CARTESIAN_POINT('',(-0.725,5.E-02,3.E-02));
#579 = VECTOR('',#580,1.);
#580 = DIRECTION('',(0.,1.,0.));
#581 = ORIENTED_EDGE('',*,*,#582,.F.);
#582 = EDGE_CURVE('',#583,#575,#585,.T.);
#583 = VERTEX_POINT('',#584);
#584 = CARTESIAN_POINT('',(-0.5,0.3,3.E-02));
#585 = LINE('',#586,#587);
#586 = CARTESIAN_POINT('',(-0.7475,0.3,3.E-02));
#587 = VECTOR('',#588,1.);
#588 = DIRECTION('',(-1.,0.,0.));
#589 = ORIENTED_EDGE('',*,*,#590,.F.);
#590 = EDGE_CURVE('',#591,#583,#593,.T.);
#591 = VERTEX_POINT('',#592);
#592 = CARTESIAN_POINT('',(-0.5,-0.3,3.E-02));
#593 = LINE('',#594,#595);
#594 = CARTESIAN_POINT('',(-0.5,-0.4,3.E-02));
#595 = VECTOR('',#596,1.);
#596 = DIRECTION('',(0.,1.,0.));
#597 = ORIENTED_EDGE('',*,*,#598,.F.);
#598 = EDGE_CURVE('',#518,#591,#599,.T.);
#599 = LINE('',#600,#601);
#600 = CARTESIAN_POINT('',(-2.25E-02,-0.3,3.E-02));
#601 = VECTOR('',#602,1.);
#602 = DIRECTION('',(1.,0.,0.));
#603 = FACE_BOUND('',#604,.F.);
#604 = EDGE_LOOP('',(#605,#615,#623));
#605 = ORIENTED_EDGE('',*,*,#606,.T.);
#606 = EDGE_CURVE('',#607,#609,#611,.T.);
#607 = VERTEX_POINT('',#608);
#608 = CARTESIAN_POINT('',(0.277128129211,0.32,3.E-02));
#609 = VERTEX_POINT('',#610);
#610 = CARTESIAN_POINT('',(0.277128129211,-0.32,3.E-02));
#611 = LINE('',#612,#613);
#612 = CARTESIAN_POINT('',(0.277128129211,0.32,3.E-02));
#613 = VECTOR('',#614,1.);
#614 = DIRECTION('',(0.,-1.,0.));
#615 = ORIENTED_EDGE('',*,*,#616,.T.);
#616 = EDGE_CURVE('',#609,#617,#619,.T.);
#617 = VERTEX_POINT('',#618);
#618 = CARTESIAN_POINT('',(-0.277128129211,0.,3.E-02));
#619 = LINE('',#620,#621);
#620 = CARTESIAN_POINT('',(0.277128129211,-0.32,3.E-02));
#621 = VECTOR('',#622,1.);
#622 = DIRECTION('',(-0.866025403784,0.5,0.));
#623 = ORIENTED_EDGE('',*,*,#624,.T.);
#624 = EDGE_CURVE('',#617,#607,#625,.T.);
#625 = LINE('',#626,#627);
#626 = CARTESIAN_POINT('',(-0.277128129211,0.,3.E-02));
#627 = VECTOR('',#628,1.);
#628 = DIRECTION('',(0.866025403784,0.5,0.));
#629 = PLANE('',#630);
#630 = AXIS2_PLACEMENT_3D('',#631,#632,#633);
#631 = CARTESIAN_POINT('',(-0.77,-0.4,3.E-02));
#632 = DIRECTION('',(0.,0.,1.));
#633 = DIRECTION('',(1.,0.,-0.));
#634 = ADVANCED_FACE('',(#635),#696,.F.);
#635 = FACE_BOUND('',#636,.F.);
#636 = EDGE_LOOP('',(#637,#647,#653,#654,#655,#656,#664,#672,#681,#689)
  );
#637 = ORIENTED_EDGE('',*,*,#638,.F.);
#638 = EDGE_CURVE('',#639,#641,#643,.T.);
#639 = VERTEX_POINT('',#640);
#640 = CARTESIAN_POINT('',(0.725,-0.4,0.));
#641 = VERTEX_POINT('',#642);
#642 = CARTESIAN_POINT('',(0.77,-0.4,-3.469446951954E-18));
#643 = LINE('',#644,#645);
#644 = CARTESIAN_POINT('',(0.5,-0.4,0.));
#645 = VECTOR('',#646,1.);
#646 = DIRECTION('',(1.,0.,0.));
#647 = ORIENTED_EDGE('',*,*,#648,.F.);
#648 = EDGE_CURVE('',#260,#639,#649,.T.);
#649 = LINE('',#650,#651);
#650 = CARTESIAN_POINT('',(0.725,-0.4,0.375));
#651 = VECTOR('',#652,1.);
#652 = DIRECTION('',(0.,0.,-1.));
#653 = ORIENTED_EDGE('',*,*,#259,.T.);
#654 = ORIENTED_EDGE('',*,*,#251,.T.);
#655 = ORIENTED_EDGE('',*,*,#243,.F.);
#656 = ORIENTED_EDGE('',*,*,#657,.F.);
#657 = EDGE_CURVE('',#658,#236,#660,.T.);
#658 = VERTEX_POINT('',#659);
#659 = CARTESIAN_POINT('',(0.725,-0.4,0.5));
#660 = LINE('',#661,#662);
#661 = CARTESIAN_POINT('',(0.725,-0.4,0.375));
#662 = VECTOR('',#663,1.);
#663 = DIRECTION('',(0.,0.,-1.));
#664 = ORIENTED_EDGE('',*,*,#665,.T.);
#665 = EDGE_CURVE('',#658,#666,#668,.T.);
#666 = VERTEX_POINT('',#667);
#667 = CARTESIAN_POINT('',(0.77,-0.4,0.5));
#668 = LINE('',#669,#670);
#669 = CARTESIAN_POINT('',(0.5,-0.4,0.5));
#670 = VECTOR('',#671,1.);
#671 = DIRECTION('',(1.,0.,0.));
#672 = ORIENTED_EDGE('',*,*,#673,.F.);
#673 = EDGE_CURVE('',#674,#666,#676,.T.);
#674 = VERTEX_POINT('',#675);
#675 = CARTESIAN_POINT('',(0.8,-0.4,0.47));
#676 = CIRCLE('',#677,3.E-02);
#677 = AXIS2_PLACEMENT_3D('',#678,#679,#680);
#678 = CARTESIAN_POINT('',(0.77,-0.4,0.47));
#679 = DIRECTION('',(0.,-1.,0.));
#680 = DIRECTION('',(0.,0.,1.));
#681 = ORIENTED_EDGE('',*,*,#682,.F.);
#682 = EDGE_CURVE('',#683,#674,#685,.T.);
#683 = VERTEX_POINT('',#684);
#684 = CARTESIAN_POINT('',(0.8,-0.4,3.E-02));
#685 = LINE('',#686,#687);
#686 = CARTESIAN_POINT('',(0.8,-0.4,0.));
#687 = VECTOR('',#688,1.);
#688 = DIRECTION('',(0.,0.,1.));
#689 = ORIENTED_EDGE('',*,*,#690,.T.);
#690 = EDGE_CURVE('',#683,#641,#691,.T.);
#691 = CIRCLE('',#692,3.E-02);
#692 = AXIS2_PLACEMENT_3D('',#693,#694,#695);
#693 = CARTESIAN_POINT('',(0.77,-0.4,3.E-02));
#694 = DIRECTION('',(0.,1.,0.));
#695 = DIRECTION('',(0.,-0.,1.));
#696 = PLANE('',#697);
#697 = AXIS2_PLACEMENT_3D('',#698,#699,#700);
#698 = CARTESIAN_POINT('',(0.5,-0.4,0.));
#699 = DIRECTION('',(0.,1.,0.));
#700 = DIRECTION('',(0.,-0.,1.));
#701 = ADVANCED_FACE('',(#702),#720,.T.);
#702 = FACE_BOUND('',#703,.T.);
#703 = EDGE_LOOP('',(#704,#712,#713,#714));
#704 = ORIENTED_EDGE('',*,*,#705,.F.);
#705 = EDGE_CURVE('',#308,#706,#708,.T.);
#706 = VERTEX_POINT('',#707);
#707 = CARTESIAN_POINT('',(0.725,-0.3,0.47));
#708 = LINE('',#709,#710);
#709 = CARTESIAN_POINT('',(-2.25E-02,-0.3,0.47));
#710 = VECTOR('',#711,1.);
#711 = DIRECTION('',(1.,0.,0.));
#712 = ORIENTED_EDGE('',*,*,#307,.T.);
#713 = ORIENTED_EDGE('',*,*,#235,.T.);
#714 = ORIENTED_EDGE('',*,*,#715,.F.);
#715 = EDGE_CURVE('',#706,#236,#716,.T.);
#716 = LINE('',#717,#718);
#717 = CARTESIAN_POINT('',(0.725,-0.45,0.47));
#718 = VECTOR('',#719,1.);
#719 = DIRECTION('',(0.,-1.,0.));
#720 = PLANE('',#721);
#721 = AXIS2_PLACEMENT_3D('',#722,#723,#724);
#722 = CARTESIAN_POINT('',(-0.77,-0.4,0.47));
#723 = DIRECTION('',(0.,0.,1.));
#724 = DIRECTION('',(1.,0.,-0.));
#725 = ADVANCED_FACE('',(#726),#751,.T.);
#726 = FACE_BOUND('',#727,.T.);
#727 = EDGE_LOOP('',(#728,#736,#737,#745));
#728 = ORIENTED_EDGE('',*,*,#729,.F.);
#729 = EDGE_CURVE('',#324,#730,#732,.T.);
#730 = VERTEX_POINT('',#731);
#731 = CARTESIAN_POINT('',(0.725,0.4,0.47));
#732 = LINE('',#733,#734);
#733 = CARTESIAN_POINT('',(-0.77,0.4,0.47));
#734 = VECTOR('',#735,1.);
#735 = DIRECTION('',(1.,0.,0.));
#736 = ORIENTED_EDGE('',*,*,#323,.T.);
#737 = ORIENTED_EDGE('',*,*,#738,.F.);
#738 = EDGE_CURVE('',#739,#316,#741,.T.);
#739 = VERTEX_POINT('',#740);
#740 = CARTESIAN_POINT('',(0.725,0.3,0.47));
#741 = LINE('',#742,#743);
#742 = CARTESIAN_POINT('',(-0.7475,0.3,0.47));
#743 = VECTOR('',#744,1.);
#744 = DIRECTION('',(-1.,0.,0.));
#745 = ORIENTED_EDGE('',*,*,#746,.F.);
#746 = EDGE_CURVE('',#730,#739,#747,.T.);
#747 = LINE('',#748,#749);
#748 = CARTESIAN_POINT('',(0.725,-5.E-02,0.47));
#749 = VECTOR('',#750,1.);
#750 = DIRECTION('',(0.,-1.,0.));
#751 = PLANE('',#752);
#752 = AXIS2_PLACEMENT_3D('',#753,#754,#755);
#753 = CARTESIAN_POINT('',(-0.77,-0.4,0.47));
#754 = DIRECTION('',(0.,0.,1.));
#755 = DIRECTION('',(1.,0.,-0.));
#756 = ADVANCED_FACE('',(#757),#784,.T.);
#757 = FACE_BOUND('',#758,.T.);
#758 = EDGE_LOOP('',(#759,#760,#769,#777));
#759 = ORIENTED_EDGE('',*,*,#315,.F.);
#760 = ORIENTED_EDGE('',*,*,#761,.T.);
#761 = EDGE_CURVE('',#308,#762,#764,.T.);
#762 = VERTEX_POINT('',#763);
#763 = CARTESIAN_POINT('',(0.53,-0.3,0.5));
#764 = CIRCLE('',#765,3.E-02);
#765 = AXIS2_PLACEMENT_3D('',#766,#767,#768);
#766 = CARTESIAN_POINT('',(0.53,-0.3,0.47));
#767 = DIRECTION('',(0.,1.,-0.));
#768 = DIRECTION('',(-1.,0.,0.));
#769 = ORIENTED_EDGE('',*,*,#770,.T.);
#770 = EDGE_CURVE('',#762,#771,#773,.T.);
#771 = VERTEX_POINT('',#772);
#772 = CARTESIAN_POINT('',(0.53,0.3,0.5));
#773 = LINE('',#774,#775);
#774 = CARTESIAN_POINT('',(0.53,-0.4,0.5));
#775 = VECTOR('',#776,1.);
#776 = DIRECTION('',(0.,1.,0.));
#777 = ORIENTED_EDGE('',*,*,#778,.F.);
#778 = EDGE_CURVE('',#316,#771,#779,.T.);
#779 = CIRCLE('',#780,3.E-02);
#780 = AXIS2_PLACEMENT_3D('',#781,#782,#783);
#781 = CARTESIAN_POINT('',(0.53,0.3,0.47));
#782 = DIRECTION('',(0.,1.,-0.));
#783 = DIRECTION('',(-1.,0.,0.));
#784 = CYLINDRICAL_SURFACE('',#785,3.E-02);
#785 = AXIS2_PLACEMENT_3D('',#786,#787,#788);
#786 = CARTESIAN_POINT('',(0.53,-0.4,0.47));
#787 = DIRECTION('',(0.,1.,0.));
#788 = DIRECTION('',(-1.,0.,0.));
#789 = ADVANCED_FACE('',(#790),#840,.T.);
#790 = FACE_BOUND('',#791,.T.);
#791 = EDGE_LOOP('',(#792,#800,#808,#814,#815,#816,#817,#825,#833,#839)
  );
#792 = ORIENTED_EDGE('',*,*,#793,.F.);
#793 = EDGE_CURVE('',#794,#567,#796,.T.);
#794 = VERTEX_POINT('',#795);
#795 = CARTESIAN_POINT('',(-0.77,0.4,3.E-02));
#796 = LINE('',#797,#798);
#797 = CARTESIAN_POINT('',(-0.77,0.4,3.E-02));
#798 = VECTOR('',#799,1.);
#799 = DIRECTION('',(1.,0.,0.));
#800 = ORIENTED_EDGE('',*,*,#801,.T.);
#801 = EDGE_CURVE('',#794,#802,#804,.T.);
#802 = VERTEX_POINT('',#803);
#803 = CARTESIAN_POINT('',(-0.77,0.4,0.47));
#804 = LINE('',#805,#806);
#805 = CARTESIAN_POINT('',(-0.77,0.4,3.E-02));
#806 = VECTOR('',#807,1.);
#807 = DIRECTION('',(0.,0.,1.));
#808 = ORIENTED_EDGE('',*,*,#809,.T.);
#809 = EDGE_CURVE('',#802,#346,#810,.T.);
#810 = LINE('',#811,#812);
#811 = CARTESIAN_POINT('',(-0.77,0.4,0.47));
#812 = VECTOR('',#813,1.);
#813 = DIRECTION('',(1.,0.,0.));
#814 = ORIENTED_EDGE('',*,*,#345,.T.);
#815 = ORIENTED_EDGE('',*,*,#379,.F.);
#816 = ORIENTED_EDGE('',*,*,#729,.T.);
#817 = ORIENTED_EDGE('',*,*,#818,.T.);
#818 = EDGE_CURVE('',#730,#819,#821,.T.);
#819 = VERTEX_POINT('',#820);
#820 = CARTESIAN_POINT('',(0.77,0.4,0.47));
#821 = LINE('',#822,#823);
#822 = CARTESIAN_POINT('',(-0.77,0.4,0.47));
#823 = VECTOR('',#824,1.);
#824 = DIRECTION('',(1.,0.,0.));
#825 = ORIENTED_EDGE('',*,*,#826,.F.);
#826 = EDGE_CURVE('',#827,#819,#829,.T.);
#827 = VERTEX_POINT('',#828);
#828 = CARTESIAN_POINT('',(0.77,0.4,3.E-02));
#829 = LINE('',#830,#831);
#830 = CARTESIAN_POINT('',(0.77,0.4,3.E-02));
#831 = VECTOR('',#832,1.);
#832 = DIRECTION('',(0.,0.,1.));
#833 = ORIENTED_EDGE('',*,*,#834,.F.);
#834 = EDGE_CURVE('',#559,#827,#835,.T.);
#835 = LINE('',#836,#837);
#836 = CARTESIAN_POINT('',(-0.77,0.4,3.E-02));
#837 = VECTOR('',#838,1.);
#838 = DIRECTION('',(1.,0.,0.));
#839 = ORIENTED_EDGE('',*,*,#566,.F.);
#840 = PLANE('',#841);
#841 = AXIS2_PLACEMENT_3D('',#842,#843,#844);
#842 = CARTESIAN_POINT('',(-0.77,0.4,3.E-02));
#843 = DIRECTION('',(0.,1.,0.));
#844 = DIRECTION('',(0.,-0.,1.));
#845 = ADVANCED_FACE('',(#846),#864,.F.);
#846 = FACE_BOUND('',#847,.F.);
#847 = EDGE_LOOP('',(#848,#856,#862,#863));
#848 = ORIENTED_EDGE('',*,*,#849,.F.);
#849 = EDGE_CURVE('',#850,#394,#852,.T.);
#850 = VERTEX_POINT('',#851);
#851 = CARTESIAN_POINT('',(-0.725,0.3,0.5));
#852 = LINE('',#853,#854);
#853 = CARTESIAN_POINT('',(-0.7625,0.3,0.5));
#854 = VECTOR('',#855,1.);
#855 = DIRECTION('',(1.,0.,0.));
#856 = ORIENTED_EDGE('',*,*,#857,.T.);
#857 = EDGE_CURVE('',#850,#354,#858,.T.);
#858 = LINE('',#859,#860);
#859 = CARTESIAN_POINT('',(-0.725,0.3,0.75));
#860 = VECTOR('',#861,1.);
#861 = DIRECTION('',(-0.,-0.,-1.));
#862 = ORIENTED_EDGE('',*,*,#361,.F.);
#863 = ORIENTED_EDGE('',*,*,#393,.F.);
#864 = PLANE('',#865);
#865 = AXIS2_PLACEMENT_3D('',#866,#867,#868);
#866 = CARTESIAN_POINT('',(-0.725,0.3,0.75));
#867 = DIRECTION('',(0.,-1.,0.));
#868 = DIRECTION('',(1.,0.,0.));
#869 = ADVANCED_FACE('',(#870),#888,.F.);
#870 = FACE_BOUND('',#871,.F.);
#871 = EDGE_LOOP('',(#872,#873,#881,#887));
#872 = ORIENTED_EDGE('',*,*,#857,.F.);
#873 = ORIENTED_EDGE('',*,*,#874,.F.);
#874 = EDGE_CURVE('',#875,#850,#877,.T.);
#875 = VERTEX_POINT('',#876);
#876 = CARTESIAN_POINT('',(-0.725,0.4,0.5));
#877 = LINE('',#878,#879);
#878 = CARTESIAN_POINT('',(-0.725,5.E-02,0.5));
#879 = VECTOR('',#880,1.);
#880 = DIRECTION('',(0.,-1.,0.));
#881 = ORIENTED_EDGE('',*,*,#882,.F.);
#882 = EDGE_CURVE('',#346,#875,#883,.T.);
#883 = LINE('',#884,#885);
#884 = CARTESIAN_POINT('',(-0.725,0.4,0.375));
#885 = VECTOR('',#886,1.);
#886 = DIRECTION('',(0.,0.,1.));
#887 = ORIENTED_EDGE('',*,*,#353,.F.);
#888 = PLANE('',#889);
#889 = AXIS2_PLACEMENT_3D('',#890,#891,#892);
#890 = CARTESIAN_POINT('',(-0.725,0.5,0.75));
#891 = DIRECTION('',(-1.,0.,0.));
#892 = DIRECTION('',(0.,-1.,0.));
#893 = ADVANCED_FACE('',(#894),#912,.F.);
#894 = FACE_BOUND('',#895,.F.);
#895 = EDGE_LOOP('',(#896,#904,#910,#911));
#896 = ORIENTED_EDGE('',*,*,#897,.F.);
#897 = EDGE_CURVE('',#898,#427,#900,.T.);
#898 = VERTEX_POINT('',#899);
#899 = CARTESIAN_POINT('',(-0.725,-0.3,0.5));
#900 = LINE('',#901,#902);
#901 = CARTESIAN_POINT('',(-0.725,-0.3,0.75));
#902 = VECTOR('',#903,1.);
#903 = DIRECTION('',(-0.,-0.,-1.));
#904 = ORIENTED_EDGE('',*,*,#905,.F.);
#905 = EDGE_CURVE('',#403,#898,#906,.T.);
#906 = LINE('',#907,#908);
#907 = CARTESIAN_POINT('',(-3.75E-02,-0.3,0.5));
#908 = VECTOR('',#909,1.);
#909 = DIRECTION('',(-1.,0.,0.));
#910 = ORIENTED_EDGE('',*,*,#410,.T.);
#911 = ORIENTED_EDGE('',*,*,#436,.F.);
#912 = PLANE('',#913);
#913 = AXIS2_PLACEMENT_3D('',#914,#915,#916);
#914 = CARTESIAN_POINT('',(0.725,-0.3,0.75));
#915 = DIRECTION('',(0.,1.,0.));
#916 = DIRECTION('',(-1.,0.,0.));
#917 = ADVANCED_FACE('',(#918),#945,.T.);
#918 = FACE_BOUND('',#919,.T.);
#919 = EDGE_LOOP('',(#920,#928,#934,#935,#941,#942,#943,#944));
#920 = ORIENTED_EDGE('',*,*,#921,.F.);
#921 = EDGE_CURVE('',#922,#875,#924,.T.);
#922 = VERTEX_POINT('',#923);
#923 = CARTESIAN_POINT('',(-0.77,0.4,0.5));
#924 = LINE('',#925,#926);
#925 = CARTESIAN_POINT('',(-0.8,0.4,0.5));
#926 = VECTOR('',#927,1.);
#927 = DIRECTION('',(1.,0.,0.));
#928 = ORIENTED_EDGE('',*,*,#929,.F.);
#929 = EDGE_CURVE('',#478,#922,#930,.T.);
#930 = LINE('',#931,#932);
#931 = CARTESIAN_POINT('',(-0.77,-0.4,0.5));
#932 = VECTOR('',#933,1.);
#933 = DIRECTION('',(0.,1.,0.));
#934 = ORIENTED_EDGE('',*,*,#486,.T.);
#935 = ORIENTED_EDGE('',*,*,#936,.F.);
#936 = EDGE_CURVE('',#898,#487,#937,.T.);
#937 = LINE('',#938,#939);
#938 = CARTESIAN_POINT('',(-0.725,-0.35,0.5));
#939 = VECTOR('',#940,1.);
#940 = DIRECTION('',(0.,-1.,0.));
#941 = ORIENTED_EDGE('',*,*,#905,.F.);
#942 = ORIENTED_EDGE('',*,*,#402,.T.);
#943 = ORIENTED_EDGE('',*,*,#849,.F.);
#944 = ORIENTED_EDGE('',*,*,#874,.F.);
#945 = PLANE('',#946);
#946 = AXIS2_PLACEMENT_3D('',#947,#948,#949);
#947 = CARTESIAN_POINT('',(-0.8,-0.4,0.5));
#948 = DIRECTION('',(0.,0.,1.));
#949 = DIRECTION('',(1.,0.,-0.));
#950 = ADVANCED_FACE('',(#951),#957,.F.);
#951 = FACE_BOUND('',#952,.F.);
#952 = EDGE_LOOP('',(#953,#954,#955,#956));
#953 = ORIENTED_EDGE('',*,*,#936,.F.);
#954 = ORIENTED_EDGE('',*,*,#897,.T.);
#955 = ORIENTED_EDGE('',*,*,#426,.F.);
#956 = ORIENTED_EDGE('',*,*,#494,.T.);
#957 = PLANE('',#958);
#958 = AXIS2_PLACEMENT_3D('',#959,#960,#961);
#959 = CARTESIAN_POINT('',(-0.725,-0.3,0.75));
#960 = DIRECTION('',(-1.,0.,0.));
#961 = DIRECTION('',(0.,-1.,0.));
#962 = ADVANCED_FACE('',(#963),#1020,.F.);
#963 = FACE_BOUND('',#964,.F.);
#964 = EDGE_LOOP('',(#965,#975,#981,#982,#990,#998,#1006,#1014));
#965 = ORIENTED_EDGE('',*,*,#966,.F.);
#966 = EDGE_CURVE('',#967,#969,#971,.T.);
#967 = VERTEX_POINT('',#968);
#968 = CARTESIAN_POINT('',(-0.77,0.4,-3.469446951954E-18));
#969 = VERTEX_POINT('',#970);
#970 = CARTESIAN_POINT('',(-0.725,0.4,0.));
#971 = LINE('',#972,#973);
#972 = CARTESIAN_POINT('',(-0.8,0.4,0.));
#973 = VECTOR('',#974,1.);
#974 = DIRECTION('',(1.,0.,0.));
#975 = ORIENTED_EDGE('',*,*,#976,.F.);
#976 = EDGE_CURVE('',#451,#967,#977,.T.);
#977 = LINE('',#978,#979);
#978 = CARTESIAN_POINT('',(-0.77,-0.4,-3.469446951954E-18));
#979 = VECTOR('',#980,1.);
#980 = DIRECTION('',(0.,1.,0.));
#981 = ORIENTED_EDGE('',*,*,#450,.T.);
#982 = ORIENTED_EDGE('',*,*,#983,.F.);
#983 = EDGE_CURVE('',#984,#453,#986,.T.);
#984 = VERTEX_POINT('',#985);
#985 = CARTESIAN_POINT('',(-0.725,-0.3,0.));
#986 = LINE('',#987,#988);
#987 = CARTESIAN_POINT('',(-0.725,-0.35,0.));
#988 = VECTOR('',#989,1.);
#989 = DIRECTION('',(0.,-1.,0.));
#990 = ORIENTED_EDGE('',*,*,#991,.F.);
#991 = EDGE_CURVE('',#992,#984,#994,.T.);
#992 = VERTEX_POINT('',#993);
#993 = CARTESIAN_POINT('',(-0.53,-0.3,-3.469446951954E-18));
#994 = LINE('',#995,#996);
#995 = CARTESIAN_POINT('',(-3.75E-02,-0.3,0.));
#996 = VECTOR('',#997,1.);
#997 = DIRECTION('',(-1.,0.,0.));
#998 = ORIENTED_EDGE('',*,*,#999,.T.);
#999 = EDGE_CURVE('',#992,#1000,#1002,.T.);
#1000 = VERTEX_POINT('',#1001);
#1001 = CARTESIAN_POINT('',(-0.53,0.3,-3.469446951954E-18));
#1002 = LINE('',#1003,#1004);
#1003 = CARTESIAN_POINT('',(-0.53,-0.4,-3.469446951954E-18));
#1004 = VECTOR('',#1005,1.);
#1005 = DIRECTION('',(0.,1.,0.));
#1006 = ORIENTED_EDGE('',*,*,#1007,.F.);
#1007 = EDGE_CURVE('',#1008,#1000,#1010,.T.);
#1008 = VERTEX_POINT('',#1009);
#1009 = CARTESIAN_POINT('',(-0.725,0.3,0.));
#1010 = LINE('',#1011,#1012);
#1011 = CARTESIAN_POINT('',(-0.7625,0.3,0.));
#1012 = VECTOR('',#1013,1.);
#1013 = DIRECTION('',(1.,0.,0.));
#1014 = ORIENTED_EDGE('',*,*,#1015,.F.);
#1015 = EDGE_CURVE('',#969,#1008,#1016,.T.);
#1016 = LINE('',#1017,#1018);
#1017 = CARTESIAN_POINT('',(-0.725,5.E-02,0.));
#1018 = VECTOR('',#1019,1.);
#1019 = DIRECTION('',(0.,-1.,0.));
#1020 = PLANE('',#1021);
#1021 = AXIS2_PLACEMENT_3D('',#1022,#1023,#1024);
#1022 = CARTESIAN_POINT('',(-0.8,-0.4,0.));
#1023 = DIRECTION('',(0.,0.,1.));
#1024 = DIRECTION('',(1.,0.,-0.));
#1025 = ADVANCED_FACE('',(#1026),#1045,.T.);
#1026 = FACE_BOUND('',#1027,.T.);
#1027 = EDGE_LOOP('',(#1028,#1036,#1043,#1044));
#1028 = ORIENTED_EDGE('',*,*,#1029,.T.);
#1029 = EDGE_CURVE('',#461,#1030,#1032,.T.);
#1030 = VERTEX_POINT('',#1031);
#1031 = CARTESIAN_POINT('',(-0.8,0.4,3.E-02));
#1032 = LINE('',#1033,#1034);
#1033 = CARTESIAN_POINT('',(-0.8,-0.4,3.E-02));
#1034 = VECTOR('',#1035,1.);
#1035 = DIRECTION('',(0.,1.,0.));
#1036 = ORIENTED_EDGE('',*,*,#1037,.T.);
#1037 = EDGE_CURVE('',#1030,#967,#1038,.T.);
#1038 = CIRCLE('',#1039,3.E-02);
#1039 = AXIS2_PLACEMENT_3D('',#1040,#1041,#1042);
#1040 = CARTESIAN_POINT('',(-0.77,0.4,3.E-02));
#1041 = DIRECTION('',(0.,-1.,0.));
#1042 = DIRECTION('',(0.,0.,1.));
#1043 = ORIENTED_EDGE('',*,*,#976,.F.);
#1044 = ORIENTED_EDGE('',*,*,#460,.F.);
#1045 = CYLINDRICAL_SURFACE('',#1046,3.E-02);
#1046 = AXIS2_PLACEMENT_3D('',#1047,#1048,#1049);
#1047 = CARTESIAN_POINT('',(-0.77,-0.4,3.E-02));
#1048 = DIRECTION('',(0.,1.,0.));
#1049 = DIRECTION('',(-1.,0.,0.));
#1050 = ADVANCED_FACE('',(#1051),#1062,.F.);
#1051 = FACE_BOUND('',#1052,.F.);
#1052 = EDGE_LOOP('',(#1053,#1054,#1060,#1061));
#1053 = ORIENTED_EDGE('',*,*,#517,.T.);
#1054 = ORIENTED_EDGE('',*,*,#1055,.T.);
#1055 = EDGE_CURVE('',#518,#984,#1056,.T.);
#1056 = LINE('',#1057,#1058);
#1057 = CARTESIAN_POINT('',(-0.725,-0.3,0.75));
#1058 = VECTOR('',#1059,1.);
#1059 = DIRECTION('',(-0.,-0.,-1.));
#1060 = ORIENTED_EDGE('',*,*,#983,.T.);
#1061 = ORIENTED_EDGE('',*,*,#503,.T.);
#1062 = PLANE('',#1063);
#1063 = AXIS2_PLACEMENT_3D('',#1064,#1065,#1066);
#1064 = CARTESIAN_POINT('',(-0.725,-0.3,0.75));
#1065 = DIRECTION('',(-1.,0.,0.));
#1066 = DIRECTION('',(0.,-1.,0.));
#1067 = ADVANCED_FACE('',(#1068),#1086,.F.);
#1068 = FACE_BOUND('',#1069,.F.);
#1069 = EDGE_LOOP('',(#1070,#1071,#1072,#1080));
#1070 = ORIENTED_EDGE('',*,*,#469,.F.);
#1071 = ORIENTED_EDGE('',*,*,#1029,.T.);
#1072 = ORIENTED_EDGE('',*,*,#1073,.T.);
#1073 = EDGE_CURVE('',#1030,#1074,#1076,.T.);
#1074 = VERTEX_POINT('',#1075);
#1075 = CARTESIAN_POINT('',(-0.8,0.4,0.47));
#1076 = LINE('',#1077,#1078);
#1077 = CARTESIAN_POINT('',(-0.8,0.4,0.));
#1078 = VECTOR('',#1079,1.);
#1079 = DIRECTION('',(0.,0.,1.));
#1080 = ORIENTED_EDGE('',*,*,#1081,.F.);
#1081 = EDGE_CURVE('',#470,#1074,#1082,.T.);
#1082 = LINE('',#1083,#1084);
#1083 = CARTESIAN_POINT('',(-0.8,-0.4,0.47));
#1084 = VECTOR('',#1085,1.);
#1085 = DIRECTION('',(0.,1.,0.));
#1086 = PLANE('',#1087);
#1087 = AXIS2_PLACEMENT_3D('',#1088,#1089,#1090);
#1088 = CARTESIAN_POINT('',(-0.8,-0.4,0.));
#1089 = DIRECTION('',(1.,0.,0.));
#1090 = DIRECTION('',(0.,0.,1.));
#1091 = ADVANCED_FACE('',(#1092),#1104,.T.);
#1092 = FACE_BOUND('',#1093,.T.);
#1093 = EDGE_LOOP('',(#1094,#1095,#1096,#1103));
#1094 = ORIENTED_EDGE('',*,*,#477,.T.);
#1095 = ORIENTED_EDGE('',*,*,#929,.T.);
#1096 = ORIENTED_EDGE('',*,*,#1097,.F.);
#1097 = EDGE_CURVE('',#1074,#922,#1098,.T.);
#1098 = CIRCLE('',#1099,3.E-02);
#1099 = AXIS2_PLACEMENT_3D('',#1100,#1101,#1102);
#1100 = CARTESIAN_POINT('',(-0.77,0.4,0.47));
#1101 = DIRECTION('',(0.,1.,0.));
#1102 = DIRECTION('',(0.,-0.,1.));
#1103 = ORIENTED_EDGE('',*,*,#1081,.F.);
#1104 = CYLINDRICAL_SURFACE('',#1105,3.E-02);
#1105 = AXIS2_PLACEMENT_3D('',#1106,#1107,#1108);
#1106 = CARTESIAN_POINT('',(-0.77,-0.4,0.47));
#1107 = DIRECTION('',(0.,1.,0.));
#1108 = DIRECTION('',(-1.,0.,0.));
#1109 = ADVANCED_FACE('',(#1110),#1122,.F.);
#1110 = FACE_BOUND('',#1111,.F.);
#1111 = EDGE_LOOP('',(#1112,#1113,#1114,#1121));
#1112 = ORIENTED_EDGE('',*,*,#1055,.F.);
#1113 = ORIENTED_EDGE('',*,*,#598,.T.);
#1114 = ORIENTED_EDGE('',*,*,#1115,.T.);
#1115 = EDGE_CURVE('',#591,#992,#1116,.T.);
#1116 = CIRCLE('',#1117,3.E-02);
#1117 = AXIS2_PLACEMENT_3D('',#1118,#1119,#1120);
#1118 = CARTESIAN_POINT('',(-0.53,-0.3,3.E-02));
#1119 = DIRECTION('',(-0.,1.,0.));
#1120 = DIRECTION('',(1.,0.,0.));
#1121 = ORIENTED_EDGE('',*,*,#991,.T.);
#1122 = PLANE('',#1123);
#1123 = AXIS2_PLACEMENT_3D('',#1124,#1125,#1126);
#1124 = CARTESIAN_POINT('',(0.725,-0.3,0.75));
#1125 = DIRECTION('',(0.,1.,0.));
#1126 = DIRECTION('',(-1.,0.,0.));
#1127 = ADVANCED_FACE('',(#1128),#1140,.T.);
#1128 = FACE_BOUND('',#1129,.T.);
#1129 = EDGE_LOOP('',(#1130,#1131,#1132,#1133));
#1130 = ORIENTED_EDGE('',*,*,#590,.F.);
#1131 = ORIENTED_EDGE('',*,*,#1115,.T.);
#1132 = ORIENTED_EDGE('',*,*,#999,.T.);
#1133 = ORIENTED_EDGE('',*,*,#1134,.F.);
#1134 = EDGE_CURVE('',#583,#1000,#1135,.T.);
#1135 = CIRCLE('',#1136,3.E-02);
#1136 = AXIS2_PLACEMENT_3D('',#1137,#1138,#1139);
#1137 = CARTESIAN_POINT('',(-0.53,0.3,3.E-02));
#1138 = DIRECTION('',(-0.,1.,0.));
#1139 = DIRECTION('',(1.,0.,0.));
#1140 = CYLINDRICAL_SURFACE('',#1141,3.E-02);
#1141 = AXIS2_PLACEMENT_3D('',#1142,#1143,#1144);
#1142 = CARTESIAN_POINT('',(-0.53,-0.4,3.E-02));
#1143 = DIRECTION('',(0.,1.,0.));
#1144 = DIRECTION('',(1.,0.,0.));
#1145 = ADVANCED_FACE('',(#1146),#1157,.F.);
#1146 = FACE_BOUND('',#1147,.F.);
#1147 = EDGE_LOOP('',(#1148,#1149,#1155,#1156));
#1148 = ORIENTED_EDGE('',*,*,#582,.T.);
#1149 = ORIENTED_EDGE('',*,*,#1150,.T.);
#1150 = EDGE_CURVE('',#575,#1008,#1151,.T.);
#1151 = LINE('',#1152,#1153);
#1152 = CARTESIAN_POINT('',(-0.725,0.3,0.75));
#1153 = VECTOR('',#1154,1.);
#1154 = DIRECTION('',(-0.,-0.,-1.));
#1155 = ORIENTED_EDGE('',*,*,#1007,.T.);
#1156 = ORIENTED_EDGE('',*,*,#1134,.F.);
#1157 = PLANE('',#1158);
#1158 = AXIS2_PLACEMENT_3D('',#1159,#1160,#1161);
#1159 = CARTESIAN_POINT('',(-0.725,0.3,0.75));
#1160 = DIRECTION('',(0.,-1.,0.));
#1161 = DIRECTION('',(1.,0.,0.));
#1162 = ADVANCED_FACE('',(#1163),#1174,.F.);
#1163 = FACE_BOUND('',#1164,.F.);
#1164 = EDGE_LOOP('',(#1165,#1166,#1167,#1173));
#1165 = ORIENTED_EDGE('',*,*,#1150,.F.);
#1166 = ORIENTED_EDGE('',*,*,#574,.T.);
#1167 = ORIENTED_EDGE('',*,*,#1168,.F.);
#1168 = EDGE_CURVE('',#969,#567,#1169,.T.);
#1169 = LINE('',#1170,#1171);
#1170 = CARTESIAN_POINT('',(-0.725,0.4,0.375));
#1171 = VECTOR('',#1172,1.);
#1172 = DIRECTION('',(0.,0.,1.));
#1173 = ORIENTED_EDGE('',*,*,#1015,.T.);
#1174 = PLANE('',#1175);
#1175 = AXIS2_PLACEMENT_3D('',#1176,#1177,#1178);
#1176 = CARTESIAN_POINT('',(-0.725,0.5,0.75));
#1177 = DIRECTION('',(-1.,0.,0.));
#1178 = DIRECTION('',(0.,-1.,0.));
#1179 = ADVANCED_FACE('',(#1180),#1205,.F.);
#1180 = FACE_BOUND('',#1181,.F.);
#1181 = EDGE_LOOP('',(#1182,#1183,#1191,#1199));
#1182 = ORIENTED_EDGE('',*,*,#558,.T.);
#1183 = ORIENTED_EDGE('',*,*,#1184,.T.);
#1184 = EDGE_CURVE('',#551,#1185,#1187,.T.);
#1185 = VERTEX_POINT('',#1186);
#1186 = CARTESIAN_POINT('',(0.725,0.3,0.));
#1187 = LINE('',#1188,#1189);
#1188 = CARTESIAN_POINT('',(0.725,0.3,0.75));
#1189 = VECTOR('',#1190,1.);
#1190 = DIRECTION('',(-0.,-0.,-1.));
#1191 = ORIENTED_EDGE('',*,*,#1192,.T.);
#1192 = EDGE_CURVE('',#1185,#1193,#1195,.T.);
#1193 = VERTEX_POINT('',#1194);
#1194 = CARTESIAN_POINT('',(0.725,0.4,0.));
#1195 = LINE('',#1196,#1197);
#1196 = CARTESIAN_POINT('',(0.725,-5.E-02,0.));
#1197 = VECTOR('',#1198,1.);
#1198 = DIRECTION('',(0.,1.,0.));
#1199 = ORIENTED_EDGE('',*,*,#1200,.F.);
#1200 = EDGE_CURVE('',#559,#1193,#1201,.T.);
#1201 = LINE('',#1202,#1203);
#1202 = CARTESIAN_POINT('',(0.725,0.4,0.375));
#1203 = VECTOR('',#1204,1.);
#1204 = DIRECTION('',(0.,0.,-1.));
#1205 = PLANE('',#1206);
#1206 = AXIS2_PLACEMENT_3D('',#1207,#1208,#1209);
#1207 = CARTESIAN_POINT('',(0.725,0.3,0.75));
#1208 = DIRECTION('',(1.,0.,0.));
#1209 = DIRECTION('',(-0.,1.,0.));
#1210 = ADVANCED_FACE('',(#1211),#1230,.F.);
#1211 = FACE_BOUND('',#1212,.F.);
#1212 = EDGE_LOOP('',(#1213,#1214,#1215,#1224));
#1213 = ORIENTED_EDGE('',*,*,#1184,.F.);
#1214 = ORIENTED_EDGE('',*,*,#550,.T.);
#1215 = ORIENTED_EDGE('',*,*,#1216,.F.);
#1216 = EDGE_CURVE('',#1217,#543,#1219,.T.);
#1217 = VERTEX_POINT('',#1218);
#1218 = CARTESIAN_POINT('',(0.53,0.3,-3.469446951954E-18));
#1219 = CIRCLE('',#1220,3.E-02);
#1220 = AXIS2_PLACEMENT_3D('',#1221,#1222,#1223);
#1221 = CARTESIAN_POINT('',(0.53,0.3,3.E-02));
#1222 = DIRECTION('',(0.,1.,-0.));
#1223 = DIRECTION('',(-1.,0.,0.));
#1224 = ORIENTED_EDGE('',*,*,#1225,.T.);
#1225 = EDGE_CURVE('',#1217,#1185,#1226,.T.);
#1226 = LINE('',#1227,#1228);
#1227 = CARTESIAN_POINT('',(-0.1125,0.3,0.));
#1228 = VECTOR('',#1229,1.);
#1229 = DIRECTION('',(1.,0.,0.));
#1230 = PLANE('',#1231);
#1231 = AXIS2_PLACEMENT_3D('',#1232,#1233,#1234);
#1232 = CARTESIAN_POINT('',(-0.725,0.3,0.75));
#1233 = DIRECTION('',(0.,-1.,0.));
#1234 = DIRECTION('',(1.,0.,0.));
#1235 = ADVANCED_FACE('',(#1236),#1255,.T.);
#1236 = FACE_BOUND('',#1237,.T.);
#1237 = EDGE_LOOP('',(#1238,#1239,#1247,#1254));
#1238 = ORIENTED_EDGE('',*,*,#1216,.F.);
#1239 = ORIENTED_EDGE('',*,*,#1240,.F.);
#1240 = EDGE_CURVE('',#1241,#1217,#1243,.T.);
#1241 = VERTEX_POINT('',#1242);
#1242 = CARTESIAN_POINT('',(0.53,-0.3,-3.469446951954E-18));
#1243 = LINE('',#1244,#1245);
#1244 = CARTESIAN_POINT('',(0.53,-0.4,-3.469446951954E-18));
#1245 = VECTOR('',#1246,1.);
#1246 = DIRECTION('',(0.,1.,0.));
#1247 = ORIENTED_EDGE('',*,*,#1248,.T.);
#1248 = EDGE_CURVE('',#1241,#535,#1249,.T.);
#1249 = CIRCLE('',#1250,3.E-02);
#1250 = AXIS2_PLACEMENT_3D('',#1251,#1252,#1253);
#1251 = CARTESIAN_POINT('',(0.53,-0.3,3.E-02));
#1252 = DIRECTION('',(0.,1.,-0.));
#1253 = DIRECTION('',(-1.,0.,0.));
#1254 = ORIENTED_EDGE('',*,*,#542,.T.);
#1255 = CYLINDRICAL_SURFACE('',#1256,3.E-02);
#1256 = AXIS2_PLACEMENT_3D('',#1257,#1258,#1259);
#1257 = CARTESIAN_POINT('',(0.53,-0.4,3.E-02));
#1258 = DIRECTION('',(0.,1.,0.));
#1259 = DIRECTION('',(-1.,0.,0.));
#1260 = ADVANCED_FACE('',(#1261),#1279,.F.);
#1261 = FACE_BOUND('',#1262,.F.);
#1262 = EDGE_LOOP('',(#1263,#1264,#1272,#1278));
#1263 = ORIENTED_EDGE('',*,*,#534,.T.);
#1264 = ORIENTED_EDGE('',*,*,#1265,.T.);
#1265 = EDGE_CURVE('',#527,#1266,#1268,.T.);
#1266 = VERTEX_POINT('',#1267);
#1267 = CARTESIAN_POINT('',(0.725,-0.3,0.));
#1268 = LINE('',#1269,#1270);
#1269 = CARTESIAN_POINT('',(0.725,-0.3,0.75));
#1270 = VECTOR('',#1271,1.);
#1271 = DIRECTION('',(-0.,-0.,-1.));
#1272 = ORIENTED_EDGE('',*,*,#1273,.T.);
#1273 = EDGE_CURVE('',#1266,#1241,#1274,.T.);
#1274 = LINE('',#1275,#1276);
#1275 = CARTESIAN_POINT('',(0.6125,-0.3,0.));
#1276 = VECTOR('',#1277,1.);
#1277 = DIRECTION('',(-1.,0.,0.));
#1278 = ORIENTED_EDGE('',*,*,#1248,.T.);
#1279 = PLANE('',#1280);
#1280 = AXIS2_PLACEMENT_3D('',#1281,#1282,#1283);
#1281 = CARTESIAN_POINT('',(0.725,-0.3,0.75));
#1282 = DIRECTION('',(0.,1.,0.));
#1283 = DIRECTION('',(-1.,0.,0.));
#1284 = ADVANCED_FACE('',(#1285),#1296,.F.);
#1285 = FACE_BOUND('',#1286,.F.);
#1286 = EDGE_LOOP('',(#1287,#1288,#1289,#1290));
#1287 = ORIENTED_EDGE('',*,*,#1265,.F.);
#1288 = ORIENTED_EDGE('',*,*,#526,.T.);
#1289 = ORIENTED_EDGE('',*,*,#648,.T.);
#1290 = ORIENTED_EDGE('',*,*,#1291,.T.);
#1291 = EDGE_CURVE('',#639,#1266,#1292,.T.);
#1292 = LINE('',#1293,#1294);
#1293 = CARTESIAN_POINT('',(0.725,-0.45,0.));
#1294 = VECTOR('',#1295,1.);
#1295 = DIRECTION('',(0.,1.,0.));
#1296 = PLANE('',#1297);
#1297 = AXIS2_PLACEMENT_3D('',#1298,#1299,#1300);
#1298 = CARTESIAN_POINT('',(0.725,-0.5,0.75));
#1299 = DIRECTION('',(1.,0.,0.));
#1300 = DIRECTION('',(-0.,1.,0.));
#1301 = ADVANCED_FACE('',(#1302),#1327,.T.);
#1302 = FACE_BOUND('',#1303,.T.);
#1303 = EDGE_LOOP('',(#1304,#1312,#1313,#1321));
#1304 = ORIENTED_EDGE('',*,*,#1305,.T.);
#1305 = EDGE_CURVE('',#1306,#607,#1308,.T.);
#1306 = VERTEX_POINT('',#1307);
#1307 = CARTESIAN_POINT('',(0.277128129211,0.32,1.5E-02));
#1308 = LINE('',#1309,#1310);
#1309 = CARTESIAN_POINT('',(0.277128129211,0.32,1.5E-02));
#1310 = VECTOR('',#1311,1.);
#1311 = DIRECTION('',(0.,0.,1.));
#1312 = ORIENTED_EDGE('',*,*,#606,.T.);
#1313 = ORIENTED_EDGE('',*,*,#1314,.F.);
#1314 = EDGE_CURVE('',#1315,#609,#1317,.T.);
#1315 = VERTEX_POINT('',#1316);
#1316 = CARTESIAN_POINT('',(0.277128129211,-0.32,1.5E-02));
#1317 = LINE('',#1318,#1319);
#1318 = CARTESIAN_POINT('',(0.277128129211,-0.32,1.5E-02));
#1319 = VECTOR('',#1320,1.);
#1320 = DIRECTION('',(0.,0.,1.));
#1321 = ORIENTED_EDGE('',*,*,#1322,.F.);
#1322 = EDGE_CURVE('',#1306,#1315,#1323,.T.);
#1323 = LINE('',#1324,#1325);
#1324 = CARTESIAN_POINT('',(0.277128129211,0.32,1.5E-02));
#1325 = VECTOR('',#1326,1.);
#1326 = DIRECTION('',(0.,-1.,0.));
#1327 = PLANE('',#1328);
#1328 = AXIS2_PLACEMENT_3D('',#1329,#1330,#1331);
#1329 = CARTESIAN_POINT('',(0.277128129211,0.32,1.5E-02));
#1330 = DIRECTION('',(1.,0.,0.));
#1331 = DIRECTION('',(0.,-1.,0.));
#1332 = ADVANCED_FACE('',(#1333),#1351,.T.);
#1333 = FACE_BOUND('',#1334,.T.);
#1334 = EDGE_LOOP('',(#1335,#1343,#1344,#1345));
#1335 = ORIENTED_EDGE('',*,*,#1336,.T.);
#1336 = EDGE_CURVE('',#1337,#617,#1339,.T.);
#1337 = VERTEX_POINT('',#1338);
#1338 = CARTESIAN_POINT('',(-0.277128129211,0.,1.5E-02));
#1339 = LINE('',#1340,#1341);
#1340 = CARTESIAN_POINT('',(-0.277128129211,0.,1.5E-02));
#1341 = VECTOR('',#1342,1.);
#1342 = DIRECTION('',(0.,0.,1.));
#1343 = ORIENTED_EDGE('',*,*,#624,.T.);
#1344 = ORIENTED_EDGE('',*,*,#1305,.F.);
#1345 = ORIENTED_EDGE('',*,*,#1346,.F.);
#1346 = EDGE_CURVE('',#1337,#1306,#1347,.T.);
#1347 = LINE('',#1348,#1349);
#1348 = CARTESIAN_POINT('',(-0.277128129211,0.,1.5E-02));
#1349 = VECTOR('',#1350,1.);
#1350 = DIRECTION('',(0.866025403784,0.5,0.));
#1351 = PLANE('',#1352);
#1352 = AXIS2_PLACEMENT_3D('',#1353,#1354,#1355);
#1353 = CARTESIAN_POINT('',(-0.277128129211,0.,1.5E-02));
#1354 = DIRECTION('',(-0.5,0.866025403784,0.));
#1355 = DIRECTION('',(0.866025403784,0.5,0.));
#1356 = ADVANCED_FACE('',(#1357),#1368,.T.);
#1357 = FACE_BOUND('',#1358,.T.);
#1358 = EDGE_LOOP('',(#1359,#1360,#1361,#1362));
#1359 = ORIENTED_EDGE('',*,*,#1314,.T.);
#1360 = ORIENTED_EDGE('',*,*,#616,.T.);
#1361 = ORIENTED_EDGE('',*,*,#1336,.F.);
#1362 = ORIENTED_EDGE('',*,*,#1363,.F.);
#1363 = EDGE_CURVE('',#1315,#1337,#1364,.T.);
#1364 = LINE('',#1365,#1366);
#1365 = CARTESIAN_POINT('',(0.277128129211,-0.32,1.5E-02));
#1366 = VECTOR('',#1367,1.);
#1367 = DIRECTION('',(-0.866025403784,0.5,0.));
#1368 = PLANE('',#1369);
#1369 = AXIS2_PLACEMENT_3D('',#1370,#1371,#1372);
#1370 = CARTESIAN_POINT('',(0.277128129211,-0.32,1.5E-02));
#1371 = DIRECTION('',(-0.5,-0.866025403784,0.));
#1372 = DIRECTION('',(-0.866025403784,0.5,0.));
#1373 = ADVANCED_FACE('',(#1374),#1396,.F.);
#1374 = FACE_BOUND('',#1375,.F.);
#1375 = EDGE_LOOP('',(#1376,#1384,#1385,#1386,#1387,#1388,#1389,#1390));
#1376 = ORIENTED_EDGE('',*,*,#1377,.F.);
#1377 = EDGE_CURVE('',#1193,#1378,#1380,.T.);
#1378 = VERTEX_POINT('',#1379);
#1379 = CARTESIAN_POINT('',(0.77,0.4,-3.469446951954E-18));
#1380 = LINE('',#1381,#1382);
#1381 = CARTESIAN_POINT('',(0.5,0.4,0.));
#1382 = VECTOR('',#1383,1.);
#1383 = DIRECTION('',(1.,0.,0.));
#1384 = ORIENTED_EDGE('',*,*,#1192,.F.);
#1385 = ORIENTED_EDGE('',*,*,#1225,.F.);
#1386 = ORIENTED_EDGE('',*,*,#1240,.F.);
#1387 = ORIENTED_EDGE('',*,*,#1273,.F.);
#1388 = ORIENTED_EDGE('',*,*,#1291,.F.);
#1389 = ORIENTED_EDGE('',*,*,#638,.T.);
#1390 = ORIENTED_EDGE('',*,*,#1391,.T.);
#1391 = EDGE_CURVE('',#641,#1378,#1392,.T.);
#1392 = LINE('',#1393,#1394);
#1393 = CARTESIAN_POINT('',(0.77,-0.4,-3.469446951954E-18));
#1394 = VECTOR('',#1395,1.);
#1395 = DIRECTION('',(0.,1.,0.));
#1396 = PLANE('',#1397);
#1397 = AXIS2_PLACEMENT_3D('',#1398,#1399,#1400);
#1398 = CARTESIAN_POINT('',(0.5,-0.4,0.));
#1399 = DIRECTION('',(0.,0.,1.));
#1400 = DIRECTION('',(1.,0.,-0.));
#1401 = ADVANCED_FACE('',(#1402),#1421,.T.);
#1402 = FACE_BOUND('',#1403,.T.);
#1403 = EDGE_LOOP('',(#1404,#1405,#1406,#1415));
#1404 = ORIENTED_EDGE('',*,*,#690,.T.);
#1405 = ORIENTED_EDGE('',*,*,#1391,.T.);
#1406 = ORIENTED_EDGE('',*,*,#1407,.F.);
#1407 = EDGE_CURVE('',#1408,#1378,#1410,.T.);
#1408 = VERTEX_POINT('',#1409);
#1409 = CARTESIAN_POINT('',(0.8,0.4,3.E-02));
#1410 = CIRCLE('',#1411,3.E-02);
#1411 = AXIS2_PLACEMENT_3D('',#1412,#1413,#1414);
#1412 = CARTESIAN_POINT('',(0.77,0.4,3.E-02));
#1413 = DIRECTION('',(0.,1.,0.));
#1414 = DIRECTION('',(0.,-0.,1.));
#1415 = ORIENTED_EDGE('',*,*,#1416,.F.);
#1416 = EDGE_CURVE('',#683,#1408,#1417,.T.);
#1417 = LINE('',#1418,#1419);
#1418 = CARTESIAN_POINT('',(0.8,-0.4,3.E-02));
#1419 = VECTOR('',#1420,1.);
#1420 = DIRECTION('',(0.,1.,0.));
#1421 = CYLINDRICAL_SURFACE('',#1422,3.E-02);
#1422 = AXIS2_PLACEMENT_3D('',#1423,#1424,#1425);
#1423 = CARTESIAN_POINT('',(0.77,-0.4,3.E-02));
#1424 = DIRECTION('',(0.,1.,0.));
#1425 = DIRECTION('',(1.,0.,0.));
#1426 = ADVANCED_FACE('',(#1427),#1445,.T.);
#1427 = FACE_BOUND('',#1428,.T.);
#1428 = EDGE_LOOP('',(#1429,#1430,#1431,#1439));
#1429 = ORIENTED_EDGE('',*,*,#682,.F.);
#1430 = ORIENTED_EDGE('',*,*,#1416,.T.);
#1431 = ORIENTED_EDGE('',*,*,#1432,.T.);
#1432 = EDGE_CURVE('',#1408,#1433,#1435,.T.);
#1433 = VERTEX_POINT('',#1434);
#1434 = CARTESIAN_POINT('',(0.8,0.4,0.47));
#1435 = LINE('',#1436,#1437);
#1436 = CARTESIAN_POINT('',(0.8,0.4,0.));
#1437 = VECTOR('',#1438,1.);
#1438 = DIRECTION('',(0.,0.,1.));
#1439 = ORIENTED_EDGE('',*,*,#1440,.F.);
#1440 = EDGE_CURVE('',#674,#1433,#1441,.T.);
#1441 = LINE('',#1442,#1443);
#1442 = CARTESIAN_POINT('',(0.8,-0.4,0.47));
#1443 = VECTOR('',#1444,1.);
#1444 = DIRECTION('',(0.,1.,0.));
#1445 = PLANE('',#1446);
#1446 = AXIS2_PLACEMENT_3D('',#1447,#1448,#1449);
#1447 = CARTESIAN_POINT('',(0.8,-0.4,0.));
#1448 = DIRECTION('',(1.,0.,0.));
#1449 = DIRECTION('',(0.,0.,1.));
#1450 = ADVANCED_FACE('',(#1451),#1470,.T.);
#1451 = FACE_BOUND('',#1452,.T.);
#1452 = EDGE_LOOP('',(#1453,#1454,#1463,#1469));
#1453 = ORIENTED_EDGE('',*,*,#1440,.T.);
#1454 = ORIENTED_EDGE('',*,*,#1455,.T.);
#1455 = EDGE_CURVE('',#1433,#1456,#1458,.T.);
#1456 = VERTEX_POINT('',#1457);
#1457 = CARTESIAN_POINT('',(0.77,0.4,0.5));
#1458 = CIRCLE('',#1459,3.E-02);
#1459 = AXIS2_PLACEMENT_3D('',#1460,#1461,#1462);
#1460 = CARTESIAN_POINT('',(0.77,0.4,0.47));
#1461 = DIRECTION('',(0.,-1.,0.));
#1462 = DIRECTION('',(0.,0.,1.));
#1463 = ORIENTED_EDGE('',*,*,#1464,.F.);
#1464 = EDGE_CURVE('',#666,#1456,#1465,.T.);
#1465 = LINE('',#1466,#1467);
#1466 = CARTESIAN_POINT('',(0.77,-0.4,0.5));
#1467 = VECTOR('',#1468,1.);
#1468 = DIRECTION('',(0.,1.,0.));
#1469 = ORIENTED_EDGE('',*,*,#673,.F.);
#1470 = CYLINDRICAL_SURFACE('',#1471,3.E-02);
#1471 = AXIS2_PLACEMENT_3D('',#1472,#1473,#1474);
#1472 = CARTESIAN_POINT('',(0.77,-0.4,0.47));
#1473 = DIRECTION('',(0.,1.,0.));
#1474 = DIRECTION('',(1.,0.,0.));
#1475 = ADVANCED_FACE('',(#1476),#1517,.T.);
#1476 = FACE_BOUND('',#1477,.T.);
#1477 = EDGE_LOOP('',(#1478,#1486,#1494,#1500,#1501,#1509,#1515,#1516));
#1478 = ORIENTED_EDGE('',*,*,#1479,.F.);
#1479 = EDGE_CURVE('',#1480,#1456,#1482,.T.);
#1480 = VERTEX_POINT('',#1481);
#1481 = CARTESIAN_POINT('',(0.725,0.4,0.5));
#1482 = LINE('',#1483,#1484);
#1483 = CARTESIAN_POINT('',(0.5,0.4,0.5));
#1484 = VECTOR('',#1485,1.);
#1485 = DIRECTION('',(1.,0.,0.));
#1486 = ORIENTED_EDGE('',*,*,#1487,.F.);
#1487 = EDGE_CURVE('',#1488,#1480,#1490,.T.);
#1488 = VERTEX_POINT('',#1489);
#1489 = CARTESIAN_POINT('',(0.725,0.3,0.5));
#1490 = LINE('',#1491,#1492);
#1491 = CARTESIAN_POINT('',(0.725,-5.E-02,0.5));
#1492 = VECTOR('',#1493,1.);
#1493 = DIRECTION('',(0.,1.,0.));
#1494 = ORIENTED_EDGE('',*,*,#1495,.F.);
#1495 = EDGE_CURVE('',#771,#1488,#1496,.T.);
#1496 = LINE('',#1497,#1498);
#1497 = CARTESIAN_POINT('',(-0.1125,0.3,0.5));
#1498 = VECTOR('',#1499,1.);
#1499 = DIRECTION('',(1.,0.,0.));
#1500 = ORIENTED_EDGE('',*,*,#770,.F.);
#1501 = ORIENTED_EDGE('',*,*,#1502,.F.);
#1502 = EDGE_CURVE('',#1503,#762,#1505,.T.);
#1503 = VERTEX_POINT('',#1504);
#1504 = CARTESIAN_POINT('',(0.725,-0.3,0.5));
#1505 = LINE('',#1506,#1507);
#1506 = CARTESIAN_POINT('',(0.6125,-0.3,0.5));
#1507 = VECTOR('',#1508,1.);
#1508 = DIRECTION('',(-1.,0.,0.));
#1509 = ORIENTED_EDGE('',*,*,#1510,.F.);
#1510 = EDGE_CURVE('',#658,#1503,#1511,.T.);
#1511 = LINE('',#1512,#1513);
#1512 = CARTESIAN_POINT('',(0.725,-0.45,0.5));
#1513 = VECTOR('',#1514,1.);
#1514 = DIRECTION('',(0.,1.,0.));
#1515 = ORIENTED_EDGE('',*,*,#665,.T.);
#1516 = ORIENTED_EDGE('',*,*,#1464,.T.);
#1517 = PLANE('',#1518);
#1518 = AXIS2_PLACEMENT_3D('',#1519,#1520,#1521);
#1519 = CARTESIAN_POINT('',(0.5,-0.4,0.5));
#1520 = DIRECTION('',(0.,0.,1.));
#1521 = DIRECTION('',(1.,0.,-0.));
#1522 = ADVANCED_FACE('',(#1523),#1534,.F.);
#1523 = FACE_BOUND('',#1524,.F.);
#1524 = EDGE_LOOP('',(#1525,#1531,#1532,#1533));
#1525 = ORIENTED_EDGE('',*,*,#1526,.F.);
#1526 = EDGE_CURVE('',#1503,#706,#1527,.T.);
#1527 = LINE('',#1528,#1529);
#1528 = CARTESIAN_POINT('',(0.725,-0.3,0.75));
#1529 = VECTOR('',#1530,1.);
#1530 = DIRECTION('',(-0.,-0.,-1.));
#1531 = ORIENTED_EDGE('',*,*,#1510,.F.);
#1532 = ORIENTED_EDGE('',*,*,#657,.T.);
#1533 = ORIENTED_EDGE('',*,*,#715,.F.);
#1534 = PLANE('',#1535);
#1535 = AXIS2_PLACEMENT_3D('',#1536,#1537,#1538);
#1536 = CARTESIAN_POINT('',(0.725,-0.5,0.75));
#1537 = DIRECTION('',(1.,0.,0.));
#1538 = DIRECTION('',(-0.,1.,0.));
#1539 = ADVANCED_FACE('',(#1540),#1546,.F.);
#1540 = FACE_BOUND('',#1541,.F.);
#1541 = EDGE_LOOP('',(#1542,#1543,#1544,#1545));
#1542 = ORIENTED_EDGE('',*,*,#1502,.F.);
#1543 = ORIENTED_EDGE('',*,*,#1526,.T.);
#1544 = ORIENTED_EDGE('',*,*,#705,.F.);
#1545 = ORIENTED_EDGE('',*,*,#761,.T.);
#1546 = PLANE('',#1547);
#1547 = AXIS2_PLACEMENT_3D('',#1548,#1549,#1550);
#1548 = CARTESIAN_POINT('',(0.725,-0.3,0.75));
#1549 = DIRECTION('',(0.,1.,0.));
#1550 = DIRECTION('',(-1.,0.,0.));
#1551 = ADVANCED_FACE('',(#1552),#1568,.F.);
#1552 = FACE_BOUND('',#1553,.F.);
#1553 = EDGE_LOOP('',(#1554,#1555,#1561,#1562));
#1554 = ORIENTED_EDGE('',*,*,#1487,.F.);
#1555 = ORIENTED_EDGE('',*,*,#1556,.T.);
#1556 = EDGE_CURVE('',#1488,#739,#1557,.T.);
#1557 = LINE('',#1558,#1559);
#1558 = CARTESIAN_POINT('',(0.725,0.3,0.75));
#1559 = VECTOR('',#1560,1.);
#1560 = DIRECTION('',(-0.,-0.,-1.));
#1561 = ORIENTED_EDGE('',*,*,#746,.F.);
#1562 = ORIENTED_EDGE('',*,*,#1563,.F.);
#1563 = EDGE_CURVE('',#1480,#730,#1564,.T.);
#1564 = LINE('',#1565,#1566);
#1565 = CARTESIAN_POINT('',(0.725,0.4,0.375));
#1566 = VECTOR('',#1567,1.);
#1567 = DIRECTION('',(0.,0.,-1.));
#1568 = PLANE('',#1569);
#1569 = AXIS2_PLACEMENT_3D('',#1570,#1571,#1572);
#1570 = CARTESIAN_POINT('',(0.725,0.3,0.75));
#1571 = DIRECTION('',(1.,0.,0.));
#1572 = DIRECTION('',(-0.,1.,0.));
#1573 = ADVANCED_FACE('',(#1574),#1580,.F.);
#1574 = FACE_BOUND('',#1575,.F.);
#1575 = EDGE_LOOP('',(#1576,#1577,#1578,#1579));
#1576 = ORIENTED_EDGE('',*,*,#1556,.F.);
#1577 = ORIENTED_EDGE('',*,*,#1495,.F.);
#1578 = ORIENTED_EDGE('',*,*,#778,.F.);
#1579 = ORIENTED_EDGE('',*,*,#738,.F.);
#1580 = PLANE('',#1581);
#1581 = AXIS2_PLACEMENT_3D('',#1582,#1583,#1584);
#1582 = CARTESIAN_POINT('',(-0.725,0.3,0.75));
#1583 = DIRECTION('',(0.,-1.,0.));
#1584 = DIRECTION('',(1.,0.,0.));
#1585 = ADVANCED_FACE('',(#1586),#1598,.T.);
#1586 = FACE_BOUND('',#1587,.T.);
#1587 = EDGE_LOOP('',(#1588,#1589,#1590,#1591,#1592,#1593,#1594,#1595,
    #1596,#1597));
#1588 = ORIENTED_EDGE('',*,*,#966,.F.);
#1589 = ORIENTED_EDGE('',*,*,#1037,.F.);
#1590 = ORIENTED_EDGE('',*,*,#1073,.T.);
#1591 = ORIENTED_EDGE('',*,*,#1097,.T.);
#1592 = ORIENTED_EDGE('',*,*,#921,.T.);
#1593 = ORIENTED_EDGE('',*,*,#882,.F.);
#1594 = ORIENTED_EDGE('',*,*,#809,.F.);
#1595 = ORIENTED_EDGE('',*,*,#801,.F.);
#1596 = ORIENTED_EDGE('',*,*,#793,.T.);
#1597 = ORIENTED_EDGE('',*,*,#1168,.F.);
#1598 = PLANE('',#1599);
#1599 = AXIS2_PLACEMENT_3D('',#1600,#1601,#1602);
#1600 = CARTESIAN_POINT('',(-0.8,0.4,0.));
#1601 = DIRECTION('',(0.,1.,0.));
#1602 = DIRECTION('',(0.,-0.,1.));
#1603 = ADVANCED_FACE('',(#1604),#1616,.T.);
#1604 = FACE_BOUND('',#1605,.T.);
#1605 = EDGE_LOOP('',(#1606,#1607,#1608,#1609,#1610,#1611,#1612,#1613,
    #1614,#1615));
#1606 = ORIENTED_EDGE('',*,*,#1377,.F.);
#1607 = ORIENTED_EDGE('',*,*,#1200,.F.);
#1608 = ORIENTED_EDGE('',*,*,#834,.T.);
#1609 = ORIENTED_EDGE('',*,*,#826,.T.);
#1610 = ORIENTED_EDGE('',*,*,#818,.F.);
#1611 = ORIENTED_EDGE('',*,*,#1563,.F.);
#1612 = ORIENTED_EDGE('',*,*,#1479,.T.);
#1613 = ORIENTED_EDGE('',*,*,#1455,.F.);
#1614 = ORIENTED_EDGE('',*,*,#1432,.F.);
#1615 = ORIENTED_EDGE('',*,*,#1407,.T.);
#1616 = PLANE('',#1617);
#1617 = AXIS2_PLACEMENT_3D('',#1618,#1619,#1620);
#1618 = CARTESIAN_POINT('',(0.5,0.4,0.));
#1619 = DIRECTION('',(0.,1.,0.));
#1620 = DIRECTION('',(0.,-0.,1.));
#1621 = ADVANCED_FACE('',(#1622),#1627,.T.);
#1622 = FACE_BOUND('',#1623,.T.);
#1623 = EDGE_LOOP('',(#1624,#1625,#1626));
#1624 = ORIENTED_EDGE('',*,*,#1346,.T.);
#1625 = ORIENTED_EDGE('',*,*,#1322,.T.);
#1626 = ORIENTED_EDGE('',*,*,#1363,.T.);
#1627 = PLANE('',#1628);
#1628 = AXIS2_PLACEMENT_3D('',#1629,#1630,#1631);
#1629 = CARTESIAN_POINT('',(9.237604307034E-02,0.,1.5E-02));
#1630 = DIRECTION('',(-0.,-0.,-1.));
#1631 = DIRECTION('',(-1.,0.,0.));
#1632 = ( GEOMETRIC_REPRESENTATION_CONTEXT(3) 
GLOBAL_UNCERTAINTY_ASSIGNED_CONTEXT((#1636)) 
GLOBAL_UNIT_ASSIGNED_CONTEXT((#1633,#1634,#1635)) REPRESENTATION_CONTEXT
('Context #1','3D Context with UNIT and UNCERTAINTY') );
#1633 = ( LENGTH_UNIT() NAMED_UNIT(*) SI_UNIT(.MILLI.,.METRE.) );
#1634 = ( NAMED_UNIT(*) PLANE_ANGLE_UNIT() SI_UNIT($,.RADIAN.) );
#1635 = ( NAMED_UNIT(*) SI_UNIT($,.STERADIAN.) SOLID_ANGLE_UNIT() );
#1636 = UNCERTAINTY_MEASURE_WITH_UNIT(LENGTH_MEASURE(1.E-07),#1633,
  'distance_accuracy_value','confusion accuracy');
#1637 = CONTEXT_DEPENDENT_SHAPE_REPRESENTATION(#1638,#1640);
#1638 = ( REPRESENTATION_RELATIONSHIP('','',#108,#10) 
REPRESENTATION_RELATIONSHIP_WITH_TRANSFORMATION(#1639) 
SHAPE_REPRESENTATION_RELATIONSHIP() );
#1639 = ITEM_DEFINED_TRANSFORMATION('','',#11,#15);
#1640 = PRODUCT_DEFINITION_SHAPE('Placement','Placement of an item',
  #1641);
#1641 = NEXT_ASSEMBLY_USAGE_OCCURRENCE('1','D6','',#5,#103,$);
#1642 = PRODUCT_RELATED_PRODUCT_CATEGORY('part',$,(#105));
#1643 = SHAPE_DEFINITION_REPRESENTATION(#1644,#1650);
#1644 = PRODUCT_DEFINITION_SHAPE('','',#1645);
#1645 = PRODUCT_DEFINITION('design','',#1646,#1649);
#1646 = PRODUCT_DEFINITION_FORMATION('','',#1647);
#1647 = PRODUCT('R_0603_1608Metric','R_0603_1608Metric','',(#1648));
#1648 = PRODUCT_CONTEXT('',#2,'mechanical');
#1649 = PRODUCT_DEFINITION_CONTEXT('part definition',#2,'design');
#1650 = ADVANCED_BREP_SHAPE_REPRESENTATION('',(#11,#1651),#2441);
#1651 = MANIFOLD_SOLID_BREP('',#1652);
#1652 = CLOSED_SHELL('',(#1653,#1693,#1776,#1801,#1826,#1893,#1910,#1927
    ,#1976,#1993,#2010,#2059,#2076,#2145,#2176,#2200,#2269,#2293,#2310,
    #2327,#2344,#2361,#2378,#2395,#2412,#2429));
#1653 = ADVANCED_FACE('',(#1654),#1688,.F.);
#1654 = FACE_BOUND('',#1655,.F.);
#1655 = EDGE_LOOP('',(#1656,#1666,#1674,#1682));
#1656 = ORIENTED_EDGE('',*,*,#1657,.F.);
#1657 = EDGE_CURVE('',#1658,#1660,#1662,.T.);
#1658 = VERTEX_POINT('',#1659);
#1659 = CARTESIAN_POINT('',(-0.8,-0.4,4.5E-02));
#1660 = VERTEX_POINT('',#1661);
#1661 = CARTESIAN_POINT('',(-0.8,-0.4,0.405));
#1662 = LINE('',#1663,#1664);
#1663 = CARTESIAN_POINT('',(-0.8,-0.4,0.));
#1664 = VECTOR('',#1665,1.);
#1665 = DIRECTION('',(0.,0.,1.));
#1666 = ORIENTED_EDGE('',*,*,#1667,.T.);
#1667 = EDGE_CURVE('',#1658,#1668,#1670,.T.);
#1668 = VERTEX_POINT('',#1669);
#1669 = CARTESIAN_POINT('',(-0.8,0.4,4.5E-02));
#1670 = LINE('',#1671,#1672);
#1671 = CARTESIAN_POINT('',(-0.8,-0.4,4.5E-02));
#1672 = VECTOR('',#1673,1.);
#1673 = DIRECTION('',(0.,1.,0.));
#1674 = ORIENTED_EDGE('',*,*,#1675,.T.);
#1675 = EDGE_CURVE('',#1668,#1676,#1678,.T.);
#1676 = VERTEX_POINT('',#1677);
#1677 = CARTESIAN_POINT('',(-0.8,0.4,0.405));
#1678 = LINE('',#1679,#1680);
#1679 = CARTESIAN_POINT('',(-0.8,0.4,0.));
#1680 = VECTOR('',#1681,1.);
#1681 = DIRECTION('',(0.,0.,1.));
#1682 = ORIENTED_EDGE('',*,*,#1683,.F.);
#1683 = EDGE_CURVE('',#1660,#1676,#1684,.T.);
#1684 = LINE('',#1685,#1686);
#1685 = CARTESIAN_POINT('',(-0.8,-0.4,0.405));
#1686 = VECTOR('',#1687,1.);
#1687 = DIRECTION('',(0.,1.,0.));
#1688 = PLANE('',#1689);
#1689 = AXIS2_PLACEMENT_3D('',#1690,#1691,#1692);
#1690 = CARTESIAN_POINT('',(-0.8,-0.4,0.));
#1691 = DIRECTION('',(1.,0.,0.));
#1692 = DIRECTION('',(0.,0.,1.));
#1693 = ADVANCED_FACE('',(#1694),#1771,.F.);
#1694 = FACE_BOUND('',#1695,.F.);
#1695 = EDGE_LOOP('',(#1696,#1706,#1713,#1714,#1723,#1731,#1740,#1748,
    #1756,#1764));
#1696 = ORIENTED_EDGE('',*,*,#1697,.F.);
#1697 = EDGE_CURVE('',#1698,#1700,#1702,.T.);
#1698 = VERTEX_POINT('',#1699);
#1699 = CARTESIAN_POINT('',(-0.755,-0.4,-2.775557561563E-17));
#1700 = VERTEX_POINT('',#1701);
#1701 = CARTESIAN_POINT('',(-0.545,-0.4,-2.775557561563E-17));
#1702 = LINE('',#1703,#1704);
#1703 = CARTESIAN_POINT('',(-0.8,-0.4,0.));
#1704 = VECTOR('',#1705,1.);
#1705 = DIRECTION('',(1.,0.,0.));
#1706 = ORIENTED_EDGE('',*,*,#1707,.F.);
#1707 = EDGE_CURVE('',#1658,#1698,#1708,.T.);
#1708 = CIRCLE('',#1709,4.5E-02);
#1709 = AXIS2_PLACEMENT_3D('',#1710,#1711,#1712);
#1710 = CARTESIAN_POINT('',(-0.755,-0.4,4.5E-02));
#1711 = DIRECTION('',(0.,-1.,0.));
#1712 = DIRECTION('',(0.,0.,1.));
#1713 = ORIENTED_EDGE('',*,*,#1657,.T.);
#1714 = ORIENTED_EDGE('',*,*,#1715,.T.);
#1715 = EDGE_CURVE('',#1660,#1716,#1718,.T.);
#1716 = VERTEX_POINT('',#1717);
#1717 = CARTESIAN_POINT('',(-0.755,-0.4,0.45));
#1718 = CIRCLE('',#1719,4.5E-02);
#1719 = AXIS2_PLACEMENT_3D('',#1720,#1721,#1722);
#1720 = CARTESIAN_POINT('',(-0.755,-0.4,0.405));
#1721 = DIRECTION('',(0.,1.,0.));
#1722 = DIRECTION('',(0.,-0.,1.));
#1723 = ORIENTED_EDGE('',*,*,#1724,.T.);
#1724 = EDGE_CURVE('',#1716,#1725,#1727,.T.);
#1725 = VERTEX_POINT('',#1726);
#1726 = CARTESIAN_POINT('',(-0.545,-0.4,0.45));
#1727 = LINE('',#1728,#1729);
#1728 = CARTESIAN_POINT('',(-0.8,-0.4,0.45));
#1729 = VECTOR('',#1730,1.);
#1730 = DIRECTION('',(1.,0.,0.));
#1731 = ORIENTED_EDGE('',*,*,#1732,.F.);
#1732 = EDGE_CURVE('',#1733,#1725,#1735,.T.);
#1733 = VERTEX_POINT('',#1734);
#1734 = CARTESIAN_POINT('',(-0.5,-0.4,0.405));
#1735 = CIRCLE('',#1736,4.5E-02);
#1736 = AXIS2_PLACEMENT_3D('',#1737,#1738,#1739);
#1737 = CARTESIAN_POINT('',(-0.545,-0.4,0.405));
#1738 = DIRECTION('',(0.,-1.,0.));
#1739 = DIRECTION('',(0.,0.,1.));
#1740 = ORIENTED_EDGE('',*,*,#1741,.F.);
#1741 = EDGE_CURVE('',#1742,#1733,#1744,.T.);
#1742 = VERTEX_POINT('',#1743);
#1743 = CARTESIAN_POINT('',(-0.755,-0.4,0.405));
#1744 = LINE('',#1745,#1746);
#1745 = CARTESIAN_POINT('',(-0.755,-0.4,0.405));
#1746 = VECTOR('',#1747,1.);
#1747 = DIRECTION('',(1.,0.,0.));
#1748 = ORIENTED_EDGE('',*,*,#1749,.F.);
#1749 = EDGE_CURVE('',#1750,#1742,#1752,.T.);
#1750 = VERTEX_POINT('',#1751);
#1751 = CARTESIAN_POINT('',(-0.755,-0.4,4.5E-02));
#1752 = LINE('',#1753,#1754);
#1753 = CARTESIAN_POINT('',(-0.755,-0.4,4.5E-02));
#1754 = VECTOR('',#1755,1.);
#1755 = DIRECTION('',(0.,0.,1.));
#1756 = ORIENTED_EDGE('',*,*,#1757,.T.);
#1757 = EDGE_CURVE('',#1750,#1758,#1760,.T.);
#1758 = VERTEX_POINT('',#1759);
#1759 = CARTESIAN_POINT('',(-0.5,-0.4,4.5E-02));
#1760 = LINE('',#1761,#1762);
#1761 = CARTESIAN_POINT('',(-0.755,-0.4,4.5E-02));
#1762 = VECTOR('',#1763,1.);
#1763 = DIRECTION('',(1.,0.,0.));
#1764 = ORIENTED_EDGE('',*,*,#1765,.T.);
#1765 = EDGE_CURVE('',#1758,#1700,#1766,.T.);
#1766 = CIRCLE('',#1767,4.5E-02);
#1767 = AXIS2_PLACEMENT_3D('',#1768,#1769,#1770);
#1768 = CARTESIAN_POINT('',(-0.545,-0.4,4.5E-02));
#1769 = DIRECTION('',(0.,1.,0.));
#1770 = DIRECTION('',(0.,-0.,1.));
#1771 = PLANE('',#1772);
#1772 = AXIS2_PLACEMENT_3D('',#1773,#1774,#1775);
#1773 = CARTESIAN_POINT('',(-0.8,-0.4,0.));
#1774 = DIRECTION('',(0.,1.,0.));
#1775 = DIRECTION('',(0.,-0.,1.));
#1776 = ADVANCED_FACE('',(#1777),#1796,.T.);
#1777 = FACE_BOUND('',#1778,.T.);
#1778 = EDGE_LOOP('',(#1779,#1780,#1789,#1795));
#1779 = ORIENTED_EDGE('',*,*,#1667,.T.);
#1780 = ORIENTED_EDGE('',*,*,#1781,.T.);
#1781 = EDGE_CURVE('',#1668,#1782,#1784,.T.);
#1782 = VERTEX_POINT('',#1783);
#1783 = CARTESIAN_POINT('',(-0.755,0.4,-2.775557561563E-17));
#1784 = CIRCLE('',#1785,4.5E-02);
#1785 = AXIS2_PLACEMENT_3D('',#1786,#1787,#1788);
#1786 = CARTESIAN_POINT('',(-0.755,0.4,4.5E-02));
#1787 = DIRECTION('',(0.,-1.,0.));
#1788 = DIRECTION('',(0.,0.,1.));
#1789 = ORIENTED_EDGE('',*,*,#1790,.F.);
#1790 = EDGE_CURVE('',#1698,#1782,#1791,.T.);
#1791 = LINE('',#1792,#1793);
#1792 = CARTESIAN_POINT('',(-0.755,-0.4,-2.775557561563E-17));
#1793 = VECTOR('',#1794,1.);
#1794 = DIRECTION('',(0.,1.,0.));
#1795 = ORIENTED_EDGE('',*,*,#1707,.F.);
#1796 = CYLINDRICAL_SURFACE('',#1797,4.5E-02);
#1797 = AXIS2_PLACEMENT_3D('',#1798,#1799,#1800);
#1798 = CARTESIAN_POINT('',(-0.755,-0.4,4.5E-02));
#1799 = DIRECTION('',(0.,1.,0.));
#1800 = DIRECTION('',(-1.,0.,0.));
#1801 = ADVANCED_FACE('',(#1802),#1821,.T.);
#1802 = FACE_BOUND('',#1803,.T.);
#1803 = EDGE_LOOP('',(#1804,#1805,#1813,#1820));
#1804 = ORIENTED_EDGE('',*,*,#1715,.T.);
#1805 = ORIENTED_EDGE('',*,*,#1806,.T.);
#1806 = EDGE_CURVE('',#1716,#1807,#1809,.T.);
#1807 = VERTEX_POINT('',#1808);
#1808 = CARTESIAN_POINT('',(-0.755,0.4,0.45));
#1809 = LINE('',#1810,#1811);
#1810 = CARTESIAN_POINT('',(-0.755,-0.4,0.45));
#1811 = VECTOR('',#1812,1.);
#1812 = DIRECTION('',(0.,1.,0.));
#1813 = ORIENTED_EDGE('',*,*,#1814,.F.);
#1814 = EDGE_CURVE('',#1676,#1807,#1815,.T.);
#1815 = CIRCLE('',#1816,4.5E-02);
#1816 = AXIS2_PLACEMENT_3D('',#1817,#1818,#1819);
#1817 = CARTESIAN_POINT('',(-0.755,0.4,0.405));
#1818 = DIRECTION('',(0.,1.,0.));
#1819 = DIRECTION('',(0.,-0.,1.));
#1820 = ORIENTED_EDGE('',*,*,#1683,.F.);
#1821 = CYLINDRICAL_SURFACE('',#1822,4.5E-02);
#1822 = AXIS2_PLACEMENT_3D('',#1823,#1824,#1825);
#1823 = CARTESIAN_POINT('',(-0.755,-0.4,0.405));
#1824 = DIRECTION('',(0.,1.,0.));
#1825 = DIRECTION('',(-1.,0.,0.));
#1826 = ADVANCED_FACE('',(#1827),#1888,.T.);
#1827 = FACE_BOUND('',#1828,.T.);
#1828 = EDGE_LOOP('',(#1829,#1837,#1838,#1839,#1840,#1848,#1857,#1865,
    #1873,#1881));
#1829 = ORIENTED_EDGE('',*,*,#1830,.F.);
#1830 = EDGE_CURVE('',#1782,#1831,#1833,.T.);
#1831 = VERTEX_POINT('',#1832);
#1832 = CARTESIAN_POINT('',(-0.545,0.4,-2.775557561563E-17));
#1833 = LINE('',#1834,#1835);
#1834 = CARTESIAN_POINT('',(-0.8,0.4,0.));
#1835 = VECTOR('',#1836,1.);
#1836 = DIRECTION('',(1.,0.,0.));
#1837 = ORIENTED_EDGE('',*,*,#1781,.F.);
#1838 = ORIENTED_EDGE('',*,*,#1675,.T.);
#1839 = ORIENTED_EDGE('',*,*,#1814,.T.);
#1840 = ORIENTED_EDGE('',*,*,#1841,.T.);
#1841 = EDGE_CURVE('',#1807,#1842,#1844,.T.);
#1842 = VERTEX_POINT('',#1843);
#1843 = CARTESIAN_POINT('',(-0.545,0.4,0.45));
#1844 = LINE('',#1845,#1846);
#1845 = CARTESIAN_POINT('',(-0.8,0.4,0.45));
#1846 = VECTOR('',#1847,1.);
#1847 = DIRECTION('',(1.,0.,0.));
#1848 = ORIENTED_EDGE('',*,*,#1849,.F.);
#1849 = EDGE_CURVE('',#1850,#1842,#1852,.T.);
#1850 = VERTEX_POINT('',#1851);
#1851 = CARTESIAN_POINT('',(-0.5,0.4,0.405));
#1852 = CIRCLE('',#1853,4.5E-02);
#1853 = AXIS2_PLACEMENT_3D('',#1854,#1855,#1856);
#1854 = CARTESIAN_POINT('',(-0.545,0.4,0.405));
#1855 = DIRECTION('',(0.,-1.,0.));
#1856 = DIRECTION('',(0.,0.,1.));
#1857 = ORIENTED_EDGE('',*,*,#1858,.F.);
#1858 = EDGE_CURVE('',#1859,#1850,#1861,.T.);
#1859 = VERTEX_POINT('',#1860);
#1860 = CARTESIAN_POINT('',(-0.755,0.4,0.405));
#1861 = LINE('',#1862,#1863);
#1862 = CARTESIAN_POINT('',(-0.755,0.4,0.405));
#1863 = VECTOR('',#1864,1.);
#1864 = DIRECTION('',(1.,0.,0.));
#1865 = ORIENTED_EDGE('',*,*,#1866,.F.);
#1866 = EDGE_CURVE('',#1867,#1859,#1869,.T.);
#1867 = VERTEX_POINT('',#1868);
#1868 = CARTESIAN_POINT('',(-0.755,0.4,4.5E-02));
#1869 = LINE('',#1870,#1871);
#1870 = CARTESIAN_POINT('',(-0.755,0.4,4.5E-02));
#1871 = VECTOR('',#1872,1.);
#1872 = DIRECTION('',(0.,0.,1.));
#1873 = ORIENTED_EDGE('',*,*,#1874,.T.);
#1874 = EDGE_CURVE('',#1867,#1875,#1877,.T.);
#1875 = VERTEX_POINT('',#1876);
#1876 = CARTESIAN_POINT('',(-0.5,0.4,4.5E-02));
#1877 = LINE('',#1878,#1879);
#1878 = CARTESIAN_POINT('',(-0.755,0.4,4.5E-02));
#1879 = VECTOR('',#1880,1.);
#1880 = DIRECTION('',(1.,0.,0.));
#1881 = ORIENTED_EDGE('',*,*,#1882,.T.);
#1882 = EDGE_CURVE('',#1875,#1831,#1883,.T.);
#1883 = CIRCLE('',#1884,4.5E-02);
#1884 = AXIS2_PLACEMENT_3D('',#1885,#1886,#1887);
#1885 = CARTESIAN_POINT('',(-0.545,0.4,4.5E-02));
#1886 = DIRECTION('',(0.,1.,0.));
#1887 = DIRECTION('',(0.,-0.,1.));
#1888 = PLANE('',#1889);
#1889 = AXIS2_PLACEMENT_3D('',#1890,#1891,#1892);
#1890 = CARTESIAN_POINT('',(-0.8,0.4,0.));
#1891 = DIRECTION('',(0.,1.,0.));
#1892 = DIRECTION('',(0.,-0.,1.));
#1893 = ADVANCED_FACE('',(#1894),#1905,.F.);
#1894 = FACE_BOUND('',#1895,.F.);
#1895 = EDGE_LOOP('',(#1896,#1897,#1898,#1899));
#1896 = ORIENTED_EDGE('',*,*,#1830,.F.);
#1897 = ORIENTED_EDGE('',*,*,#1790,.F.);
#1898 = ORIENTED_EDGE('',*,*,#1697,.T.);
#1899 = ORIENTED_EDGE('',*,*,#1900,.T.);
#1900 = EDGE_CURVE('',#1700,#1831,#1901,.T.);
#1901 = LINE('',#1902,#1903);
#1902 = CARTESIAN_POINT('',(-0.545,-0.4,-2.775557561563E-17));
#1903 = VECTOR('',#1904,1.);
#1904 = DIRECTION('',(0.,1.,0.));
#1905 = PLANE('',#1906);
#1906 = AXIS2_PLACEMENT_3D('',#1907,#1908,#1909);
#1907 = CARTESIAN_POINT('',(-0.8,-0.4,0.));
#1908 = DIRECTION('',(0.,0.,1.));
#1909 = DIRECTION('',(1.,0.,-0.));
#1910 = ADVANCED_FACE('',(#1911),#1922,.T.);
#1911 = FACE_BOUND('',#1912,.T.);
#1912 = EDGE_LOOP('',(#1913,#1914,#1915,#1916));
#1913 = ORIENTED_EDGE('',*,*,#1765,.T.);
#1914 = ORIENTED_EDGE('',*,*,#1900,.T.);
#1915 = ORIENTED_EDGE('',*,*,#1882,.F.);
#1916 = ORIENTED_EDGE('',*,*,#1917,.F.);
#1917 = EDGE_CURVE('',#1758,#1875,#1918,.T.);
#1918 = LINE('',#1919,#1920);
#1919 = CARTESIAN_POINT('',(-0.5,-0.4,4.5E-02));
#1920 = VECTOR('',#1921,1.);
#1921 = DIRECTION('',(0.,1.,0.));
#1922 = CYLINDRICAL_SURFACE('',#1923,4.5E-02);
#1923 = AXIS2_PLACEMENT_3D('',#1924,#1925,#1926);
#1924 = CARTESIAN_POINT('',(-0.545,-0.4,4.5E-02));
#1925 = DIRECTION('',(0.,1.,0.));
#1926 = DIRECTION('',(1.,0.,0.));
#1927 = ADVANCED_FACE('',(#1928),#1971,.F.);
#1928 = FACE_BOUND('',#1929,.F.);
#1929 = EDGE_LOOP('',(#1930,#1931,#1932,#1933,#1941,#1949,#1957,#1965));
#1930 = ORIENTED_EDGE('',*,*,#1757,.F.);
#1931 = ORIENTED_EDGE('',*,*,#1749,.T.);
#1932 = ORIENTED_EDGE('',*,*,#1741,.T.);
#1933 = ORIENTED_EDGE('',*,*,#1934,.T.);
#1934 = EDGE_CURVE('',#1733,#1935,#1937,.T.);
#1935 = VERTEX_POINT('',#1936);
#1936 = CARTESIAN_POINT('',(0.5,-0.4,0.405));
#1937 = LINE('',#1938,#1939);
#1938 = CARTESIAN_POINT('',(-0.5,-0.4,0.405));
#1939 = VECTOR('',#1940,1.);
#1940 = DIRECTION('',(1.,0.,0.));
#1941 = ORIENTED_EDGE('',*,*,#1942,.T.);
#1942 = EDGE_CURVE('',#1935,#1943,#1945,.T.);
#1943 = VERTEX_POINT('',#1944);
#1944 = CARTESIAN_POINT('',(0.755,-0.4,0.405));
#1945 = LINE('',#1946,#1947);
#1946 = CARTESIAN_POINT('',(-0.755,-0.4,0.405));
#1947 = VECTOR('',#1948,1.);
#1948 = DIRECTION('',(1.,0.,0.));
#1949 = ORIENTED_EDGE('',*,*,#1950,.F.);
#1950 = EDGE_CURVE('',#1951,#1943,#1953,.T.);
#1951 = VERTEX_POINT('',#1952);
#1952 = CARTESIAN_POINT('',(0.755,-0.4,4.5E-02));
#1953 = LINE('',#1954,#1955);
#1954 = CARTESIAN_POINT('',(0.755,-0.4,4.5E-02));
#1955 = VECTOR('',#1956,1.);
#1956 = DIRECTION('',(0.,0.,1.));
#1957 = ORIENTED_EDGE('',*,*,#1958,.F.);
#1958 = EDGE_CURVE('',#1959,#1951,#1961,.T.);
#1959 = VERTEX_POINT('',#1960);
#1960 = CARTESIAN_POINT('',(0.5,-0.4,4.5E-02));
#1961 = LINE('',#1962,#1963);
#1962 = CARTESIAN_POINT('',(-0.755,-0.4,4.5E-02));
#1963 = VECTOR('',#1964,1.);
#1964 = DIRECTION('',(1.,0.,0.));
#1965 = ORIENTED_EDGE('',*,*,#1966,.F.);
#1966 = EDGE_CURVE('',#1758,#1959,#1967,.T.);
#1967 = LINE('',#1968,#1969);
#1968 = CARTESIAN_POINT('',(-0.755,-0.4,4.5E-02));
#1969 = VECTOR('',#1970,1.);
#1970 = DIRECTION('',(1.,0.,0.));
#1971 = PLANE('',#1972);
#1972 = AXIS2_PLACEMENT_3D('',#1973,#1974,#1975);
#1973 = CARTESIAN_POINT('',(-0.755,-0.4,4.5E-02));
#1974 = DIRECTION('',(0.,1.,0.));
#1975 = DIRECTION('',(0.,-0.,1.));
#1976 = ADVANCED_FACE('',(#1977),#1988,.T.);
#1977 = FACE_BOUND('',#1978,.T.);
#1978 = EDGE_LOOP('',(#1979,#1980,#1981,#1982));
#1979 = ORIENTED_EDGE('',*,*,#1841,.F.);
#1980 = ORIENTED_EDGE('',*,*,#1806,.F.);
#1981 = ORIENTED_EDGE('',*,*,#1724,.T.);
#1982 = ORIENTED_EDGE('',*,*,#1983,.T.);
#1983 = EDGE_CURVE('',#1725,#1842,#1984,.T.);
#1984 = LINE('',#1985,#1986);
#1985 = CARTESIAN_POINT('',(-0.545,-0.4,0.45));
#1986 = VECTOR('',#1987,1.);
#1987 = DIRECTION('',(0.,1.,0.));
#1988 = PLANE('',#1989);
#1989 = AXIS2_PLACEMENT_3D('',#1990,#1991,#1992);
#1990 = CARTESIAN_POINT('',(-0.8,-0.4,0.45));
#1991 = DIRECTION('',(0.,0.,1.));
#1992 = DIRECTION('',(1.,0.,-0.));
#1993 = ADVANCED_FACE('',(#1994),#2005,.T.);
#1994 = FACE_BOUND('',#1995,.T.);
#1995 = EDGE_LOOP('',(#1996,#2002,#2003,#2004));
#1996 = ORIENTED_EDGE('',*,*,#1997,.T.);
#1997 = EDGE_CURVE('',#1733,#1850,#1998,.T.);
#1998 = LINE('',#1999,#2000);
#1999 = CARTESIAN_POINT('',(-0.5,-0.4,0.405));
#2000 = VECTOR('',#2001,1.);
#2001 = DIRECTION('',(0.,1.,0.));
#2002 = ORIENTED_EDGE('',*,*,#1849,.T.);
#2003 = ORIENTED_EDGE('',*,*,#1983,.F.);
#2004 = ORIENTED_EDGE('',*,*,#1732,.F.);
#2005 = CYLINDRICAL_SURFACE('',#2006,4.5E-02);
#2006 = AXIS2_PLACEMENT_3D('',#2007,#2008,#2009);
#2007 = CARTESIAN_POINT('',(-0.545,-0.4,0.405));
#2008 = DIRECTION('',(0.,1.,0.));
#2009 = DIRECTION('',(1.,0.,0.));
#2010 = ADVANCED_FACE('',(#2011),#2054,.T.);
#2011 = FACE_BOUND('',#2012,.T.);
#2012 = EDGE_LOOP('',(#2013,#2014,#2015,#2016,#2024,#2032,#2040,#2048));
#2013 = ORIENTED_EDGE('',*,*,#1874,.F.);
#2014 = ORIENTED_EDGE('',*,*,#1866,.T.);
#2015 = ORIENTED_EDGE('',*,*,#1858,.T.);
#2016 = ORIENTED_EDGE('',*,*,#2017,.T.);
#2017 = EDGE_CURVE('',#1850,#2018,#2020,.T.);
#2018 = VERTEX_POINT('',#2019);
#2019 = CARTESIAN_POINT('',(0.5,0.4,0.405));
#2020 = LINE('',#2021,#2022);
#2021 = CARTESIAN_POINT('',(-0.5,0.4,0.405));
#2022 = VECTOR('',#2023,1.);
#2023 = DIRECTION('',(1.,0.,0.));
#2024 = ORIENTED_EDGE('',*,*,#2025,.T.);
#2025 = EDGE_CURVE('',#2018,#2026,#2028,.T.);
#2026 = VERTEX_POINT('',#2027);
#2027 = CARTESIAN_POINT('',(0.755,0.4,0.405));
#2028 = LINE('',#2029,#2030);
#2029 = CARTESIAN_POINT('',(-0.755,0.4,0.405));
#2030 = VECTOR('',#2031,1.);
#2031 = DIRECTION('',(1.,0.,0.));
#2032 = ORIENTED_EDGE('',*,*,#2033,.F.);
#2033 = EDGE_CURVE('',#2034,#2026,#2036,.T.);
#2034 = VERTEX_POINT('',#2035);
#2035 = CARTESIAN_POINT('',(0.755,0.4,4.5E-02));
#2036 = LINE('',#2037,#2038);
#2037 = CARTESIAN_POINT('',(0.755,0.4,4.5E-02));
#2038 = VECTOR('',#2039,1.);
#2039 = DIRECTION('',(0.,0.,1.));
#2040 = ORIENTED_EDGE('',*,*,#2041,.F.);
#2041 = EDGE_CURVE('',#2042,#2034,#2044,.T.);
#2042 = VERTEX_POINT('',#2043);
#2043 = CARTESIAN_POINT('',(0.5,0.4,4.5E-02));
#2044 = LINE('',#2045,#2046);
#2045 = CARTESIAN_POINT('',(-0.755,0.4,4.5E-02));
#2046 = VECTOR('',#2047,1.);
#2047 = DIRECTION('',(1.,0.,0.));
#2048 = ORIENTED_EDGE('',*,*,#2049,.F.);
#2049 = EDGE_CURVE('',#1875,#2042,#2050,.T.);
#2050 = LINE('',#2051,#2052);
#2051 = CARTESIAN_POINT('',(-0.755,0.4,4.5E-02));
#2052 = VECTOR('',#2053,1.);
#2053 = DIRECTION('',(1.,0.,0.));
#2054 = PLANE('',#2055);
#2055 = AXIS2_PLACEMENT_3D('',#2056,#2057,#2058);
#2056 = CARTESIAN_POINT('',(-0.755,0.4,4.5E-02));
#2057 = DIRECTION('',(0.,1.,0.));
#2058 = DIRECTION('',(0.,-0.,1.));
#2059 = ADVANCED_FACE('',(#2060),#2071,.F.);
#2060 = FACE_BOUND('',#2061,.F.);
#2061 = EDGE_LOOP('',(#2062,#2063,#2064,#2070));
#2062 = ORIENTED_EDGE('',*,*,#1917,.F.);
#2063 = ORIENTED_EDGE('',*,*,#1966,.T.);
#2064 = ORIENTED_EDGE('',*,*,#2065,.T.);
#2065 = EDGE_CURVE('',#1959,#2042,#2066,.T.);
#2066 = LINE('',#2067,#2068);
#2067 = CARTESIAN_POINT('',(0.5,-0.4,4.5E-02));
#2068 = VECTOR('',#2069,1.);
#2069 = DIRECTION('',(0.,1.,0.));
#2070 = ORIENTED_EDGE('',*,*,#2049,.F.);
#2071 = PLANE('',#2072);
#2072 = AXIS2_PLACEMENT_3D('',#2073,#2074,#2075);
#2073 = CARTESIAN_POINT('',(-0.755,-0.4,4.5E-02));
#2074 = DIRECTION('',(0.,0.,1.));
#2075 = DIRECTION('',(1.,0.,-0.));
#2076 = ADVANCED_FACE('',(#2077),#2140,.F.);
#2077 = FACE_BOUND('',#2078,.F.);
#2078 = EDGE_LOOP('',(#2079,#2089,#2096,#2097,#2098,#2099,#2108,#2116,
    #2125,#2133));
#2079 = ORIENTED_EDGE('',*,*,#2080,.F.);
#2080 = EDGE_CURVE('',#2081,#2083,#2085,.T.);
#2081 = VERTEX_POINT('',#2082);
#2082 = CARTESIAN_POINT('',(0.545,-0.4,-2.775557561563E-17));
#2083 = VERTEX_POINT('',#2084);
#2084 = CARTESIAN_POINT('',(0.755,-0.4,-2.775557561563E-17));
#2085 = LINE('',#2086,#2087);
#2086 = CARTESIAN_POINT('',(0.5,-0.4,0.));
#2087 = VECTOR('',#2088,1.);
#2088 = DIRECTION('',(1.,0.,0.));
#2089 = ORIENTED_EDGE('',*,*,#2090,.F.);
#2090 = EDGE_CURVE('',#1959,#2081,#2091,.T.);
#2091 = CIRCLE('',#2092,4.5E-02);
#2092 = AXIS2_PLACEMENT_3D('',#2093,#2094,#2095);
#2093 = CARTESIAN_POINT('',(0.545,-0.4,4.5E-02));
#2094 = DIRECTION('',(0.,-1.,0.));
#2095 = DIRECTION('',(0.,0.,1.));
#2096 = ORIENTED_EDGE('',*,*,#1958,.T.);
#2097 = ORIENTED_EDGE('',*,*,#1950,.T.);
#2098 = ORIENTED_EDGE('',*,*,#1942,.F.);
#2099 = ORIENTED_EDGE('',*,*,#2100,.T.);
#2100 = EDGE_CURVE('',#1935,#2101,#2103,.T.);
#2101 = VERTEX_POINT('',#2102);
#2102 = CARTESIAN_POINT('',(0.545,-0.4,0.45));
#2103 = CIRCLE('',#2104,4.5E-02);
#2104 = AXIS2_PLACEMENT_3D('',#2105,#2106,#2107);
#2105 = CARTESIAN_POINT('',(0.545,-0.4,0.405));
#2106 = DIRECTION('',(0.,1.,0.));
#2107 = DIRECTION('',(0.,-0.,1.));
#2108 = ORIENTED_EDGE('',*,*,#2109,.T.);
#2109 = EDGE_CURVE('',#2101,#2110,#2112,.T.);
#2110 = VERTEX_POINT('',#2111);
#2111 = CARTESIAN_POINT('',(0.755,-0.4,0.45));
#2112 = LINE('',#2113,#2114);
#2113 = CARTESIAN_POINT('',(0.5,-0.4,0.45));
#2114 = VECTOR('',#2115,1.);
#2115 = DIRECTION('',(1.,0.,0.));
#2116 = ORIENTED_EDGE('',*,*,#2117,.F.);
#2117 = EDGE_CURVE('',#2118,#2110,#2120,.T.);
#2118 = VERTEX_POINT('',#2119);
#2119 = CARTESIAN_POINT('',(0.8,-0.4,0.405));
#2120 = CIRCLE('',#2121,4.5E-02);
#2121 = AXIS2_PLACEMENT_3D('',#2122,#2123,#2124);
#2122 = CARTESIAN_POINT('',(0.755,-0.4,0.405));
#2123 = DIRECTION('',(0.,-1.,0.));
#2124 = DIRECTION('',(0.,0.,1.));
#2125 = ORIENTED_EDGE('',*,*,#2126,.F.);
#2126 = EDGE_CURVE('',#2127,#2118,#2129,.T.);
#2127 = VERTEX_POINT('',#2128);
#2128 = CARTESIAN_POINT('',(0.8,-0.4,4.5E-02));
#2129 = LINE('',#2130,#2131);
#2130 = CARTESIAN_POINT('',(0.8,-0.4,0.));
#2131 = VECTOR('',#2132,1.);
#2132 = DIRECTION('',(0.,0.,1.));
#2133 = ORIENTED_EDGE('',*,*,#2134,.T.);
#2134 = EDGE_CURVE('',#2127,#2083,#2135,.T.);
#2135 = CIRCLE('',#2136,4.5E-02);
#2136 = AXIS2_PLACEMENT_3D('',#2137,#2138,#2139);
#2137 = CARTESIAN_POINT('',(0.755,-0.4,4.5E-02));
#2138 = DIRECTION('',(0.,1.,0.));
#2139 = DIRECTION('',(0.,-0.,1.));
#2140 = PLANE('',#2141);
#2141 = AXIS2_PLACEMENT_3D('',#2142,#2143,#2144);
#2142 = CARTESIAN_POINT('',(0.5,-0.4,0.));
#2143 = DIRECTION('',(0.,1.,0.));
#2144 = DIRECTION('',(0.,-0.,1.));
#2145 = ADVANCED_FACE('',(#2146),#2171,.F.);
#2146 = FACE_BOUND('',#2147,.F.);
#2147 = EDGE_LOOP('',(#2148,#2149,#2157,#2165));
#2148 = ORIENTED_EDGE('',*,*,#1934,.F.);
#2149 = ORIENTED_EDGE('',*,*,#2150,.T.);
#2150 = EDGE_CURVE('',#1733,#2151,#2153,.T.);
#2151 = VERTEX_POINT('',#2152);
#2152 = CARTESIAN_POINT('',(-0.5,-0.4,0.45));
#2153 = LINE('',#2154,#2155);
#2154 = CARTESIAN_POINT('',(-0.5,-0.4,0.405));
#2155 = VECTOR('',#2156,1.);
#2156 = DIRECTION('',(0.,0.,1.));
#2157 = ORIENTED_EDGE('',*,*,#2158,.T.);
#2158 = EDGE_CURVE('',#2151,#2159,#2161,.T.);
#2159 = VERTEX_POINT('',#2160);
#2160 = CARTESIAN_POINT('',(0.5,-0.4,0.45));
#2161 = LINE('',#2162,#2163);
#2162 = CARTESIAN_POINT('',(-0.5,-0.4,0.45));
#2163 = VECTOR('',#2164,1.);
#2164 = DIRECTION('',(1.,0.,0.));
#2165 = ORIENTED_EDGE('',*,*,#2166,.F.);
#2166 = EDGE_CURVE('',#1935,#2159,#2167,.T.);
#2167 = LINE('',#2168,#2169);
#2168 = CARTESIAN_POINT('',(0.5,-0.4,0.405));
#2169 = VECTOR('',#2170,1.);
#2170 = DIRECTION('',(0.,0.,1.));
#2171 = PLANE('',#2172);
#2172 = AXIS2_PLACEMENT_3D('',#2173,#2174,#2175);
#2173 = CARTESIAN_POINT('',(-0.5,-0.4,0.405));
#2174 = DIRECTION('',(0.,1.,0.));
#2175 = DIRECTION('',(0.,-0.,1.));
#2176 = ADVANCED_FACE('',(#2177),#2195,.F.);
#2177 = FACE_BOUND('',#2178,.F.);
#2178 = EDGE_LOOP('',(#2179,#2180,#2181,#2189));
#2179 = ORIENTED_EDGE('',*,*,#2150,.F.);
#2180 = ORIENTED_EDGE('',*,*,#1997,.T.);
#2181 = ORIENTED_EDGE('',*,*,#2182,.T.);
#2182 = EDGE_CURVE('',#1850,#2183,#2185,.T.);
#2183 = VERTEX_POINT('',#2184);
#2184 = CARTESIAN_POINT('',(-0.5,0.4,0.45));
#2185 = LINE('',#2186,#2187);
#2186 = CARTESIAN_POINT('',(-0.5,0.4,0.405));
#2187 = VECTOR('',#2188,1.);
#2188 = DIRECTION('',(0.,0.,1.));
#2189 = ORIENTED_EDGE('',*,*,#2190,.F.);
#2190 = EDGE_CURVE('',#2151,#2183,#2191,.T.);
#2191 = LINE('',#2192,#2193);
#2192 = CARTESIAN_POINT('',(-0.5,-0.4,0.45));
#2193 = VECTOR('',#2194,1.);
#2194 = DIRECTION('',(0.,1.,0.));
#2195 = PLANE('',#2196);
#2196 = AXIS2_PLACEMENT_3D('',#2197,#2198,#2199);
#2197 = CARTESIAN_POINT('',(-0.5,-0.4,0.405));
#2198 = DIRECTION('',(1.,0.,0.));
#2199 = DIRECTION('',(0.,0.,1.));
#2200 = ADVANCED_FACE('',(#2201),#2264,.T.);
#2201 = FACE_BOUND('',#2202,.T.);
#2202 = EDGE_LOOP('',(#2203,#2213,#2220,#2221,#2222,#2223,#2232,#2240,
    #2249,#2257));
#2203 = ORIENTED_EDGE('',*,*,#2204,.F.);
#2204 = EDGE_CURVE('',#2205,#2207,#2209,.T.);
#2205 = VERTEX_POINT('',#2206);
#2206 = CARTESIAN_POINT('',(0.545,0.4,-2.775557561563E-17));
#2207 = VERTEX_POINT('',#2208);
#2208 = CARTESIAN_POINT('',(0.755,0.4,-2.775557561563E-17));
#2209 = LINE('',#2210,#2211);
#2210 = CARTESIAN_POINT('',(0.5,0.4,0.));
#2211 = VECTOR('',#2212,1.);
#2212 = DIRECTION('',(1.,0.,0.));
#2213 = ORIENTED_EDGE('',*,*,#2214,.F.);
#2214 = EDGE_CURVE('',#2042,#2205,#2215,.T.);
#2215 = CIRCLE('',#2216,4.5E-02);
#2216 = AXIS2_PLACEMENT_3D('',#2217,#2218,#2219);
#2217 = CARTESIAN_POINT('',(0.545,0.4,4.5E-02));
#2218 = DIRECTION('',(0.,-1.,0.));
#2219 = DIRECTION('',(0.,0.,1.));
#2220 = ORIENTED_EDGE('',*,*,#2041,.T.);
#2221 = ORIENTED_EDGE('',*,*,#2033,.T.);
#2222 = ORIENTED_EDGE('',*,*,#2025,.F.);
#2223 = ORIENTED_EDGE('',*,*,#2224,.T.);
#2224 = EDGE_CURVE('',#2018,#2225,#2227,.T.);
#2225 = VERTEX_POINT('',#2226);
#2226 = CARTESIAN_POINT('',(0.545,0.4,0.45));
#2227 = CIRCLE('',#2228,4.5E-02);
#2228 = AXIS2_PLACEMENT_3D('',#2229,#2230,#2231);
#2229 = CARTESIAN_POINT('',(0.545,0.4,0.405));
#2230 = DIRECTION('',(0.,1.,0.));
#2231 = DIRECTION('',(0.,-0.,1.));
#2232 = ORIENTED_EDGE('',*,*,#2233,.T.);
#2233 = EDGE_CURVE('',#2225,#2234,#2236,.T.);
#2234 = VERTEX_POINT('',#2235);
#2235 = CARTESIAN_POINT('',(0.755,0.4,0.45));
#2236 = LINE('',#2237,#2238);
#2237 = CARTESIAN_POINT('',(0.5,0.4,0.45));
#2238 = VECTOR('',#2239,1.);
#2239 = DIRECTION('',(1.,0.,0.));
#2240 = ORIENTED_EDGE('',*,*,#2241,.F.);
#2241 = EDGE_CURVE('',#2242,#2234,#2244,.T.);
#2242 = VERTEX_POINT('',#2243);
#2243 = CARTESIAN_POINT('',(0.8,0.4,0.405));
#2244 = CIRCLE('',#2245,4.5E-02);
#2245 = AXIS2_PLACEMENT_3D('',#2246,#2247,#2248);
#2246 = CARTESIAN_POINT('',(0.755,0.4,0.405));
#2247 = DIRECTION('',(0.,-1.,0.));
#2248 = DIRECTION('',(0.,0.,1.));
#2249 = ORIENTED_EDGE('',*,*,#2250,.F.);
#2250 = EDGE_CURVE('',#2251,#2242,#2253,.T.);
#2251 = VERTEX_POINT('',#2252);
#2252 = CARTESIAN_POINT('',(0.8,0.4,4.5E-02));
#2253 = LINE('',#2254,#2255);
#2254 = CARTESIAN_POINT('',(0.8,0.4,0.));
#2255 = VECTOR('',#2256,1.);
#2256 = DIRECTION('',(0.,0.,1.));
#2257 = ORIENTED_EDGE('',*,*,#2258,.T.);
#2258 = EDGE_CURVE('',#2251,#2207,#2259,.T.);
#2259 = CIRCLE('',#2260,4.5E-02);
#2260 = AXIS2_PLACEMENT_3D('',#2261,#2262,#2263);
#2261 = CARTESIAN_POINT('',(0.755,0.4,4.5E-02));
#2262 = DIRECTION('',(0.,1.,0.));
#2263 = DIRECTION('',(0.,-0.,1.));
#2264 = PLANE('',#2265);
#2265 = AXIS2_PLACEMENT_3D('',#2266,#2267,#2268);
#2266 = CARTESIAN_POINT('',(0.5,0.4,0.));
#2267 = DIRECTION('',(0.,1.,0.));
#2268 = DIRECTION('',(0.,-0.,1.));
#2269 = ADVANCED_FACE('',(#2270),#2288,.T.);
#2270 = FACE_BOUND('',#2271,.T.);
#2271 = EDGE_LOOP('',(#2272,#2273,#2274,#2282));
#2272 = ORIENTED_EDGE('',*,*,#2017,.F.);
#2273 = ORIENTED_EDGE('',*,*,#2182,.T.);
#2274 = ORIENTED_EDGE('',*,*,#2275,.T.);
#2275 = EDGE_CURVE('',#2183,#2276,#2278,.T.);
#2276 = VERTEX_POINT('',#2277);
#2277 = CARTESIAN_POINT('',(0.5,0.4,0.45));
#2278 = LINE('',#2279,#2280);
#2279 = CARTESIAN_POINT('',(-0.5,0.4,0.45));
#2280 = VECTOR('',#2281,1.);
#2281 = DIRECTION('',(1.,0.,0.));
#2282 = ORIENTED_EDGE('',*,*,#2283,.F.);
#2283 = EDGE_CURVE('',#2018,#2276,#2284,.T.);
#2284 = LINE('',#2285,#2286);
#2285 = CARTESIAN_POINT('',(0.5,0.4,0.405));
#2286 = VECTOR('',#2287,1.);
#2287 = DIRECTION('',(0.,0.,1.));
#2288 = PLANE('',#2289);
#2289 = AXIS2_PLACEMENT_3D('',#2290,#2291,#2292);
#2290 = CARTESIAN_POINT('',(-0.5,0.4,0.405));
#2291 = DIRECTION('',(0.,1.,0.));
#2292 = DIRECTION('',(0.,-0.,1.));
#2293 = ADVANCED_FACE('',(#2294),#2305,.T.);
#2294 = FACE_BOUND('',#2295,.T.);
#2295 = EDGE_LOOP('',(#2296,#2297,#2298,#2304));
#2296 = ORIENTED_EDGE('',*,*,#2065,.T.);
#2297 = ORIENTED_EDGE('',*,*,#2214,.T.);
#2298 = ORIENTED_EDGE('',*,*,#2299,.F.);
#2299 = EDGE_CURVE('',#2081,#2205,#2300,.T.);
#2300 = LINE('',#2301,#2302);
#2301 = CARTESIAN_POINT('',(0.545,-0.4,-2.775557561563E-17));
#2302 = VECTOR('',#2303,1.);
#2303 = DIRECTION('',(0.,1.,0.));
#2304 = ORIENTED_EDGE('',*,*,#2090,.F.);
#2305 = CYLINDRICAL_SURFACE('',#2306,4.5E-02);
#2306 = AXIS2_PLACEMENT_3D('',#2307,#2308,#2309);
#2307 = CARTESIAN_POINT('',(0.545,-0.4,4.5E-02));
#2308 = DIRECTION('',(0.,1.,0.));
#2309 = DIRECTION('',(-1.,0.,0.));
#2310 = ADVANCED_FACE('',(#2311),#2322,.F.);
#2311 = FACE_BOUND('',#2312,.F.);
#2312 = EDGE_LOOP('',(#2313,#2314,#2315,#2316));
#2313 = ORIENTED_EDGE('',*,*,#2204,.F.);
#2314 = ORIENTED_EDGE('',*,*,#2299,.F.);
#2315 = ORIENTED_EDGE('',*,*,#2080,.T.);
#2316 = ORIENTED_EDGE('',*,*,#2317,.T.);
#2317 = EDGE_CURVE('',#2083,#2207,#2318,.T.);
#2318 = LINE('',#2319,#2320);
#2319 = CARTESIAN_POINT('',(0.755,-0.4,-2.775557561563E-17));
#2320 = VECTOR('',#2321,1.);
#2321 = DIRECTION('',(0.,1.,0.));
#2322 = PLANE('',#2323);
#2323 = AXIS2_PLACEMENT_3D('',#2324,#2325,#2326);
#2324 = CARTESIAN_POINT('',(0.5,-0.4,0.));
#2325 = DIRECTION('',(0.,0.,1.));
#2326 = DIRECTION('',(1.,0.,-0.));
#2327 = ADVANCED_FACE('',(#2328),#2339,.T.);
#2328 = FACE_BOUND('',#2329,.T.);
#2329 = EDGE_LOOP('',(#2330,#2331,#2332,#2333));
#2330 = ORIENTED_EDGE('',*,*,#2134,.T.);
#2331 = ORIENTED_EDGE('',*,*,#2317,.T.);
#2332 = ORIENTED_EDGE('',*,*,#2258,.F.);
#2333 = ORIENTED_EDGE('',*,*,#2334,.F.);
#2334 = EDGE_CURVE('',#2127,#2251,#2335,.T.);
#2335 = LINE('',#2336,#2337);
#2336 = CARTESIAN_POINT('',(0.8,-0.4,4.5E-02));
#2337 = VECTOR('',#2338,1.);
#2338 = DIRECTION('',(0.,1.,0.));
#2339 = CYLINDRICAL_SURFACE('',#2340,4.5E-02);
#2340 = AXIS2_PLACEMENT_3D('',#2341,#2342,#2343);
#2341 = CARTESIAN_POINT('',(0.755,-0.4,4.5E-02));
#2342 = DIRECTION('',(0.,1.,0.));
#2343 = DIRECTION('',(1.,0.,0.));
#2344 = ADVANCED_FACE('',(#2345),#2356,.T.);
#2345 = FACE_BOUND('',#2346,.T.);
#2346 = EDGE_LOOP('',(#2347,#2348,#2349,#2350));
#2347 = ORIENTED_EDGE('',*,*,#2126,.F.);
#2348 = ORIENTED_EDGE('',*,*,#2334,.T.);
#2349 = ORIENTED_EDGE('',*,*,#2250,.T.);
#2350 = ORIENTED_EDGE('',*,*,#2351,.F.);
#2351 = EDGE_CURVE('',#2118,#2242,#2352,.T.);
#2352 = LINE('',#2353,#2354);
#2353 = CARTESIAN_POINT('',(0.8,-0.4,0.405));
#2354 = VECTOR('',#2355,1.);
#2355 = DIRECTION('',(0.,1.,0.));
#2356 = PLANE('',#2357);
#2357 = AXIS2_PLACEMENT_3D('',#2358,#2359,#2360);
#2358 = CARTESIAN_POINT('',(0.8,-0.4,0.));
#2359 = DIRECTION('',(1.,0.,0.));
#2360 = DIRECTION('',(0.,0.,1.));
#2361 = ADVANCED_FACE('',(#2362),#2373,.T.);
#2362 = FACE_BOUND('',#2363,.T.);
#2363 = EDGE_LOOP('',(#2364,#2365,#2366,#2372));
#2364 = ORIENTED_EDGE('',*,*,#2351,.T.);
#2365 = ORIENTED_EDGE('',*,*,#2241,.T.);
#2366 = ORIENTED_EDGE('',*,*,#2367,.F.);
#2367 = EDGE_CURVE('',#2110,#2234,#2368,.T.);
#2368 = LINE('',#2369,#2370);
#2369 = CARTESIAN_POINT('',(0.755,-0.4,0.45));
#2370 = VECTOR('',#2371,1.);
#2371 = DIRECTION('',(0.,1.,0.));
#2372 = ORIENTED_EDGE('',*,*,#2117,.F.);
#2373 = CYLINDRICAL_SURFACE('',#2374,4.5E-02);
#2374 = AXIS2_PLACEMENT_3D('',#2375,#2376,#2377);
#2375 = CARTESIAN_POINT('',(0.755,-0.4,0.405));
#2376 = DIRECTION('',(0.,1.,0.));
#2377 = DIRECTION('',(1.,0.,0.));
#2378 = ADVANCED_FACE('',(#2379),#2390,.T.);
#2379 = FACE_BOUND('',#2380,.T.);
#2380 = EDGE_LOOP('',(#2381,#2382,#2388,#2389));
#2381 = ORIENTED_EDGE('',*,*,#2233,.F.);
#2382 = ORIENTED_EDGE('',*,*,#2383,.F.);
#2383 = EDGE_CURVE('',#2101,#2225,#2384,.T.);
#2384 = LINE('',#2385,#2386);
#2385 = CARTESIAN_POINT('',(0.545,-0.4,0.45));
#2386 = VECTOR('',#2387,1.);
#2387 = DIRECTION('',(0.,1.,0.));
#2388 = ORIENTED_EDGE('',*,*,#2109,.T.);
#2389 = ORIENTED_EDGE('',*,*,#2367,.T.);
#2390 = PLANE('',#2391);
#2391 = AXIS2_PLACEMENT_3D('',#2392,#2393,#2394);
#2392 = CARTESIAN_POINT('',(0.5,-0.4,0.45));
#2393 = DIRECTION('',(0.,0.,1.));
#2394 = DIRECTION('',(1.,0.,-0.));
#2395 = ADVANCED_FACE('',(#2396),#2407,.T.);
#2396 = FACE_BOUND('',#2397,.T.);
#2397 = EDGE_LOOP('',(#2398,#2399,#2400,#2401));
#2398 = ORIENTED_EDGE('',*,*,#2100,.T.);
#2399 = ORIENTED_EDGE('',*,*,#2383,.T.);
#2400 = ORIENTED_EDGE('',*,*,#2224,.F.);
#2401 = ORIENTED_EDGE('',*,*,#2402,.F.);
#2402 = EDGE_CURVE('',#1935,#2018,#2403,.T.);
#2403 = LINE('',#2404,#2405);
#2404 = CARTESIAN_POINT('',(0.5,-0.4,0.405));
#2405 = VECTOR('',#2406,1.);
#2406 = DIRECTION('',(0.,1.,0.));
#2407 = CYLINDRICAL_SURFACE('',#2408,4.5E-02);
#2408 = AXIS2_PLACEMENT_3D('',#2409,#2410,#2411);
#2409 = CARTESIAN_POINT('',(0.545,-0.4,0.405));
#2410 = DIRECTION('',(0.,1.,0.));
#2411 = DIRECTION('',(-1.,0.,0.));
#2412 = ADVANCED_FACE('',(#2413),#2424,.T.);
#2413 = FACE_BOUND('',#2414,.T.);
#2414 = EDGE_LOOP('',(#2415,#2416,#2417,#2418));
#2415 = ORIENTED_EDGE('',*,*,#2166,.F.);
#2416 = ORIENTED_EDGE('',*,*,#2402,.T.);
#2417 = ORIENTED_EDGE('',*,*,#2283,.T.);
#2418 = ORIENTED_EDGE('',*,*,#2419,.F.);
#2419 = EDGE_CURVE('',#2159,#2276,#2420,.T.);
#2420 = LINE('',#2421,#2422);
#2421 = CARTESIAN_POINT('',(0.5,-0.4,0.45));
#2422 = VECTOR('',#2423,1.);
#2423 = DIRECTION('',(0.,1.,0.));
#2424 = PLANE('',#2425);
#2425 = AXIS2_PLACEMENT_3D('',#2426,#2427,#2428);
#2426 = CARTESIAN_POINT('',(0.5,-0.4,0.405));
#2427 = DIRECTION('',(1.,0.,0.));
#2428 = DIRECTION('',(0.,0.,1.));
#2429 = ADVANCED_FACE('',(#2430),#2436,.T.);
#2430 = FACE_BOUND('',#2431,.T.);
#2431 = EDGE_LOOP('',(#2432,#2433,#2434,#2435));
#2432 = ORIENTED_EDGE('',*,*,#2190,.F.);
#2433 = ORIENTED_EDGE('',*,*,#2158,.T.);
#2434 = ORIENTED_EDGE('',*,*,#2419,.T.);
#2435 = ORIENTED_EDGE('',*,*,#2275,.F.);
#2436 = PLANE('',#2437);
#2437 = AXIS2_PLACEMENT_3D('',#2438,#2439,#2440);
#2438 = CARTESIAN_POINT('',(-0.5,-0.4,0.45));
#2439 = DIRECTION('',(0.,0.,1.));
#2440 = DIRECTION('',(1.,0.,-0.));
#2441 = ( GEOMETRIC_REPRESENTATION_CONTEXT(3) 
GLOBAL_UNCERTAINTY_ASSIGNED_CONTEXT((#2445)) 
GLOBAL_UNIT_ASSIGNED_CONTEXT((#2442,#2443,#2444)) REPRESENTATION_CONTEXT
('Context #1','3D Context with UNIT and UNCERTAINTY') );
#2442 = ( LENGTH_UNIT() NAMED_UNIT(*) SI_UNIT(.MILLI.,.METRE.) );
#2443 = ( NAMED_UNIT(*) PLANE_ANGLE_UNIT() SI_UNIT($,.RADIAN.) );
#2444 = ( NAMED_UNIT(*) SI_UNIT($,.STERADIAN.) SOLID_ANGLE_UNIT() );
#2445 = UNCERTAINTY_MEASURE_WITH_UNIT(LENGTH_MEASURE(1.E-07),#2442,
  'distance_accuracy_value','confusion accuracy');
#2446 = CONTEXT_DEPENDENT_SHAPE_REPRESENTATION(#2447,#2449);
#2447 = ( REPRESENTATION_RELATIONSHIP('','',#1650,#10) 
REPRESENTATION_RELATIONSHIP_WITH_TRANSFORMATION(#2448) 
SHAPE_REPRESENTATION_RELATIONSHIP() );
#2448 = ITEM_DEFINED_TRANSFORMATION('','',#11,#19);
#2449 = PRODUCT_DEFINITION_SHAPE('Placement','Placement of an item',
  #2450);
#2450 = NEXT_ASSEMBLY_USAGE_OCCURRENCE('2','R8','',#5,#1645,$);
#2451 = PRODUCT_RELATED_PRODUCT_CATEGORY('part',$,(#1647));
#2452 = CONTEXT_DEPENDENT_SHAPE_REPRESENTATION(#2453,#2455);
#2453 = ( REPRESENTATION_RELATIONSHIP('','',#108,#10) 
REPRESENTATION_RELATIONSHIP_WITH_TRANSFORMATION(#2454) 
SHAPE_REPRESENTATION_RELATIONSHIP() );
#2454 = ITEM_DEFINED_TRANSFORMATION('','',#11,#23);
#2455 = PRODUCT_DEFINITION_SHAPE('Placement','Placement of an item',
  #2456);
#2456 = NEXT_ASSEMBLY_USAGE_OCCURRENCE('3','D2','',#5,#103,$);
#2457 = CONTEXT_DEPENDENT_SHAPE_REPRESENTATION(#2458,#2460);
#2458 = ( REPRESENTATION_RELATIONSHIP('','',#108,#10) 
REPRESENTATION_RELATIONSHIP_WITH_TRANSFORMATION(#2459) 
SHAPE_REPRESENTATION_RELATIONSHIP() );
#2459 = ITEM_DEFINED_TRANSFORMATION('','',#11,#27);
#2460 = PRODUCT_DEFINITION_SHAPE('Placement','Placement of an item',
  #2461);
#2461 = NEXT_ASSEMBLY_USAGE_OCCURRENCE('4','D3','',#5,#103,$);
#2462 = CONTEXT_DEPENDENT_SHAPE_REPRESENTATION(#2463,#2465);
#2463 = ( REPRESENTATION_RELATIONSHIP('','',#1650,#10) 
REPRESENTATION_RELATIONSHIP_WITH_TRANSFORMATION(#2464) 
SHAPE_REPRESENTATION_RELATIONSHIP() );
#2464 = ITEM_DEFINED_TRANSFORMATION('','',#11,#31);
#2465 = PRODUCT_DEFINITION_SHAPE('Placement','Placement of an item',
  #2466);
#2466 = NEXT_ASSEMBLY_USAGE_OCCURRENCE('5','R3','',#5,#1645,$);
#2467 = CONTEXT_DEPENDENT_SHAPE_REPRESENTATION(#2468,#2470);
#2468 = ( REPRESENTATION_RELATIONSHIP('','',#108,#10) 
REPRESENTATION_RELATIONSHIP_WITH_TRANSFORMATION(#2469) 
SHAPE_REPRESENTATION_RELATIONSHIP() );
#2469 = ITEM_DEFINED_TRANSFORMATION('','',#11,#35);
#2470 = PRODUCT_DEFINITION_SHAPE('Placement','Placement of an item',
  #2471);
#2471 = NEXT_ASSEMBLY_USAGE_OCCURRENCE('6','D1','',#5,#103,$);
#2472 = CONTEXT_DEPENDENT_SHAPE_REPRESENTATION(#2473,#2475);
#2473 = ( REPRESENTATION_RELATIONSHIP('','',#1650,#10) 
REPRESENTATION_RELATIONSHIP_WITH_TRANSFORMATION(#2474) 
SHAPE_REPRESENTATION_RELATIONSHIP() );
#2474 = ITEM_DEFINED_TRANSFORMATION('','',#11,#39);
#2475 = PRODUCT_DEFINITION_SHAPE('Placement','Placement of an item',
  #2476);
#2476 = NEXT_ASSEMBLY_USAGE_OCCURRENCE('7','R6','',#5,#1645,$);
#2477 = SHAPE_DEFINITION_REPRESENTATION(#2478,#2484);
#2478 = PRODUCT_DEFINITION_SHAPE('','',#2479);
#2479 = PRODUCT_DEFINITION('design','',#2480,#2483);
#2480 = PRODUCT_DEFINITION_FORMATION('','',#2481);
#2481 = PRODUCT('QFN-28-1EP_6x6mm_P0.65mm_EP4.25x4.25mm',
  'QFN-28-1EP_6x6mm_P0.65mm_EP4.25x4.25mm','',(#2482));
#2482 = PRODUCT_CONTEXT('',#2,'mechanical');
#2483 = PRODUCT_DEFINITION_CONTEXT('part definition',#2,'design');
#2484 = ADVANCED_BREP_SHAPE_REPRESENTATION('',(#11,#2485),#8455);
#2485 = MANIFOLD_SOLID_BREP('',#2486);
#2486 = CLOSED_SHELL('',(#2487,#2528,#2575,#2600,#2640,#2657,#3639,#3817
    ,#3829,#4014,#4054,#4094,#4119,#4144,#4177,#4210,#4250,#4290,#4315,
    #4340,#4373,#4406,#4446,#4471,#4504,#4544,#4584,#4609,#4634,#4667,
    #4700,#4740,#4780,#4805,#4830,#4863,#4896,#4936,#4976,#5001,#5026,
    #5059,#5092,#5132,#5172,#5197,#5222,#5255,#5288,#5473,#5651,#5691,
    #5731,#5756,#5781,#5814,#5847,#5887,#5927,#5952,#5977,#6010,#6043,
    #6083,#6123,#6148,#6173,#6206,#6239,#6279,#6319,#6344,#6369,#6402,
    #6435,#6475,#6515,#6540,#6565,#6598,#6631,#6671,#6711,#6736,#6761,
    #6794,#6827,#6867,#6907,#6932,#6957,#6990,#7023,#7054,#7078,#7102,
    #7126,#7143,#7166,#7183,#7200,#7217,#7234,#7251,#7268,#7285,#7302,
    #7319,#7336,#7353,#7370,#7387,#7404,#7416,#7433,#7445,#7462,#7474,
    #7491,#7503,#7520,#7532,#7549,#7561,#7578,#7590,#7607,#7619,#7636,
    #7648,#7665,#7677,#7694,#7706,#7723,#7735,#7752,#7764,#7781,#7798,
    #7815,#7832,#7849,#7866,#7883,#7900,#7917,#7934,#7951,#7968,#7985,
    #8002,#8019,#8031,#8048,#8060,#8077,#8089,#8106,#8118,#8135,#8147,
    #8164,#8176,#8193,#8205,#8222,#8234,#8251,#8263,#8280,#8292,#8309,
    #8321,#8338,#8350,#8367,#8379,#8396,#8408,#8421,#8446));
#2487 = ADVANCED_FACE('',(#2488),#2523,.T.);
#2488 = FACE_BOUND('',#2489,.F.);
#2489 = EDGE_LOOP('',(#2490,#2500,#2509,#2517));
#2490 = ORIENTED_EDGE('',*,*,#2491,.T.);
#2491 = EDGE_CURVE('',#2492,#2494,#2496,.T.);
#2492 = VERTEX_POINT('',#2493);
#2493 = CARTESIAN_POINT('',(-0.8,3.,0.));
#2494 = VERTEX_POINT('',#2495);
#2495 = CARTESIAN_POINT('',(-0.8,2.75,0.));
#2496 = LINE('',#2497,#2498);
#2497 = CARTESIAN_POINT('',(-0.8,3.,0.));
#2498 = VECTOR('',#2499,1.);
#2499 = DIRECTION('',(-4.555315873023E-16,-1.,0.));
#2500 = ORIENTED_EDGE('',*,*,#2501,.T.);
#2501 = EDGE_CURVE('',#2494,#2502,#2504,.T.);
#2502 = VERTEX_POINT('',#2503);
#2503 = CARTESIAN_POINT('',(-0.5,2.75,0.));
#2504 = CIRCLE('',#2505,0.15);
#2505 = AXIS2_PLACEMENT_3D('',#2506,#2507,#2508);
#2506 = CARTESIAN_POINT('',(-0.65,2.75,0.));
#2507 = DIRECTION('',(0.,0.,1.));
#2508 = DIRECTION('',(-1.,4.555315873023E-16,0.));
#2509 = ORIENTED_EDGE('',*,*,#2510,.T.);
#2510 = EDGE_CURVE('',#2502,#2511,#2513,.T.);
#2511 = VERTEX_POINT('',#2512);
#2512 = CARTESIAN_POINT('',(-0.5,3.,0.));
#2513 = LINE('',#2514,#2515);
#2514 = CARTESIAN_POINT('',(-0.5,2.75,0.));
#2515 = VECTOR('',#2516,1.);
#2516 = DIRECTION('',(3.445092848398E-16,1.,0.));
#2517 = ORIENTED_EDGE('',*,*,#2518,.T.);
#2518 = EDGE_CURVE('',#2511,#2492,#2519,.T.);
#2519 = LINE('',#2520,#2521);
#2520 = CARTESIAN_POINT('',(-0.5,3.,0.));
#2521 = VECTOR('',#2522,1.);
#2522 = DIRECTION('',(-1.,4.555315873023E-16,0.));
#2523 = PLANE('',#2524);
#2524 = AXIS2_PLACEMENT_3D('',#2525,#2526,#2527);
#2525 = CARTESIAN_POINT('',(-0.8,3.,0.));
#2526 = DIRECTION('',(-0.,0.,-1.));
#2527 = DIRECTION('',(1.,-4.555315873023E-16,-0.));
#2528 = ADVANCED_FACE('',(#2529),#2570,.F.);
#2529 = FACE_BOUND('',#2530,.F.);
#2530 = EDGE_LOOP('',(#2531,#2532,#2540,#2548,#2556,#2564));
#2531 = ORIENTED_EDGE('',*,*,#2491,.F.);
#2532 = ORIENTED_EDGE('',*,*,#2533,.T.);
#2533 = EDGE_CURVE('',#2492,#2534,#2536,.T.);
#2534 = VERTEX_POINT('',#2535);
#2535 = CARTESIAN_POINT('',(-0.8,3.,0.2));
#2536 = LINE('',#2537,#2538);
#2537 = CARTESIAN_POINT('',(-0.8,3.,0.));
#2538 = VECTOR('',#2539,1.);
#2539 = DIRECTION('',(0.,0.,1.));
#2540 = ORIENTED_EDGE('',*,*,#2541,.T.);
#2541 = EDGE_CURVE('',#2534,#2542,#2544,.T.);
#2542 = VERTEX_POINT('',#2543);
#2543 = CARTESIAN_POINT('',(-0.8,2.99,0.2));
#2544 = LINE('',#2545,#2546);
#2545 = CARTESIAN_POINT('',(-0.8,3.,0.2));
#2546 = VECTOR('',#2547,1.);
#2547 = DIRECTION('',(-4.555315873023E-16,-1.,0.));
#2548 = ORIENTED_EDGE('',*,*,#2549,.F.);
#2549 = EDGE_CURVE('',#2550,#2542,#2552,.T.);
#2550 = VERTEX_POINT('',#2551);
#2551 = CARTESIAN_POINT('',(-0.8,2.99,2.E-02));
#2552 = LINE('',#2553,#2554);
#2553 = CARTESIAN_POINT('',(-0.8,2.99,1.E-02));
#2554 = VECTOR('',#2555,1.);
#2555 = DIRECTION('',(0.,0.,1.));
#2556 = ORIENTED_EDGE('',*,*,#2557,.F.);
#2557 = EDGE_CURVE('',#2558,#2550,#2560,.T.);
#2558 = VERTEX_POINT('',#2559);
#2559 = CARTESIAN_POINT('',(-0.8,2.75,2.E-02));
#2560 = LINE('',#2561,#2562);
#2561 = CARTESIAN_POINT('',(-0.8,2.995,2.E-02));
#2562 = VECTOR('',#2563,1.);
#2563 = DIRECTION('',(4.555315873023E-16,1.,0.));
#2564 = ORIENTED_EDGE('',*,*,#2565,.F.);
#2565 = EDGE_CURVE('',#2494,#2558,#2566,.T.);
#2566 = LINE('',#2567,#2568);
#2567 = CARTESIAN_POINT('',(-0.8,2.75,0.));
#2568 = VECTOR('',#2569,1.);
#2569 = DIRECTION('',(0.,0.,1.));
#2570 = PLANE('',#2571);
#2571 = AXIS2_PLACEMENT_3D('',#2572,#2573,#2574);
#2572 = CARTESIAN_POINT('',(-0.8,3.,0.));
#2573 = DIRECTION('',(1.,-4.555315873023E-16,0.));
#2574 = DIRECTION('',(-4.555315873023E-16,-1.,0.));
#2575 = ADVANCED_FACE('',(#2576),#2595,.T.);
#2576 = FACE_BOUND('',#2577,.T.);
#2577 = EDGE_LOOP('',(#2578,#2586,#2593,#2594));
#2578 = ORIENTED_EDGE('',*,*,#2579,.T.);
#2579 = EDGE_CURVE('',#2502,#2580,#2582,.T.);
#2580 = VERTEX_POINT('',#2581);
#2581 = CARTESIAN_POINT('',(-0.5,2.75,2.E-02));
#2582 = LINE('',#2583,#2584);
#2583 = CARTESIAN_POINT('',(-0.5,2.75,0.));
#2584 = VECTOR('',#2585,1.);
#2585 = DIRECTION('',(0.,0.,1.));
#2586 = ORIENTED_EDGE('',*,*,#2587,.T.);
#2587 = EDGE_CURVE('',#2580,#2558,#2588,.T.);
#2588 = CIRCLE('',#2589,0.15);
#2589 = AXIS2_PLACEMENT_3D('',#2590,#2591,#2592);
#2590 = CARTESIAN_POINT('',(-0.65,2.75,2.E-02));
#2591 = DIRECTION('',(0.,0.,-1.));
#2592 = DIRECTION('',(-1.,4.555315873023E-16,0.));
#2593 = ORIENTED_EDGE('',*,*,#2565,.F.);
#2594 = ORIENTED_EDGE('',*,*,#2501,.T.);
#2595 = CYLINDRICAL_SURFACE('',#2596,0.15);
#2596 = AXIS2_PLACEMENT_3D('',#2597,#2598,#2599);
#2597 = CARTESIAN_POINT('',(-0.65,2.75,0.));
#2598 = DIRECTION('',(0.,0.,-1.));
#2599 = DIRECTION('',(-1.,4.555315873023E-16,0.));
#2600 = ADVANCED_FACE('',(#2601),#2635,.F.);
#2601 = FACE_BOUND('',#2602,.F.);
#2602 = EDGE_LOOP('',(#2603,#2604,#2605,#2613,#2621,#2629));
#2603 = ORIENTED_EDGE('',*,*,#2510,.F.);
#2604 = ORIENTED_EDGE('',*,*,#2579,.T.);
#2605 = ORIENTED_EDGE('',*,*,#2606,.F.);
#2606 = EDGE_CURVE('',#2607,#2580,#2609,.T.);
#2607 = VERTEX_POINT('',#2608);
#2608 = CARTESIAN_POINT('',(-0.5,2.99,2.E-02));
#2609 = LINE('',#2610,#2611);
#2610 = CARTESIAN_POINT('',(-0.5,2.87,2.E-02));
#2611 = VECTOR('',#2612,1.);
#2612 = DIRECTION('',(-3.445092848398E-16,-1.,0.));
#2613 = ORIENTED_EDGE('',*,*,#2614,.F.);
#2614 = EDGE_CURVE('',#2615,#2607,#2617,.T.);
#2615 = VERTEX_POINT('',#2616);
#2616 = CARTESIAN_POINT('',(-0.5,2.99,0.2));
#2617 = LINE('',#2618,#2619);
#2618 = CARTESIAN_POINT('',(-0.5,2.99,1.E-02));
#2619 = VECTOR('',#2620,1.);
#2620 = DIRECTION('',(-0.,0.,-1.));
#2621 = ORIENTED_EDGE('',*,*,#2622,.T.);
#2622 = EDGE_CURVE('',#2615,#2623,#2625,.T.);
#2623 = VERTEX_POINT('',#2624);
#2624 = CARTESIAN_POINT('',(-0.5,3.,0.2));
#2625 = LINE('',#2626,#2627);
#2626 = CARTESIAN_POINT('',(-0.5,2.75,0.2));
#2627 = VECTOR('',#2628,1.);
#2628 = DIRECTION('',(3.445092848398E-16,1.,0.));
#2629 = ORIENTED_EDGE('',*,*,#2630,.F.);
#2630 = EDGE_CURVE('',#2511,#2623,#2631,.T.);
#2631 = LINE('',#2632,#2633);
#2632 = CARTESIAN_POINT('',(-0.5,3.,0.));
#2633 = VECTOR('',#2634,1.);
#2634 = DIRECTION('',(0.,0.,1.));
#2635 = PLANE('',#2636);
#2636 = AXIS2_PLACEMENT_3D('',#2637,#2638,#2639);
#2637 = CARTESIAN_POINT('',(-0.5,2.75,0.));
#2638 = DIRECTION('',(-1.,3.445092848398E-16,0.));
#2639 = DIRECTION('',(3.445092848398E-16,1.,0.));
#2640 = ADVANCED_FACE('',(#2641),#2652,.F.);
#2641 = FACE_BOUND('',#2642,.F.);
#2642 = EDGE_LOOP('',(#2643,#2644,#2650,#2651));
#2643 = ORIENTED_EDGE('',*,*,#2630,.T.);
#2644 = ORIENTED_EDGE('',*,*,#2645,.T.);
#2645 = EDGE_CURVE('',#2623,#2534,#2646,.T.);
#2646 = LINE('',#2647,#2648);
#2647 = CARTESIAN_POINT('',(-0.5,3.,0.2));
#2648 = VECTOR('',#2649,1.);
#2649 = DIRECTION('',(-1.,4.555315873023E-16,0.));
#2650 = ORIENTED_EDGE('',*,*,#2533,.F.);
#2651 = ORIENTED_EDGE('',*,*,#2518,.F.);
#2652 = PLANE('',#2653);
#2653 = AXIS2_PLACEMENT_3D('',#2654,#2655,#2656);
#2654 = CARTESIAN_POINT('',(-0.5,3.,0.));
#2655 = DIRECTION('',(-4.555315873023E-16,-1.,0.));
#2656 = DIRECTION('',(-1.,4.555315873023E-16,0.));
#2657 = ADVANCED_FACE('',(#2658,#3592),#3634,.F.);
#2658 = FACE_BOUND('',#2659,.F.);
#2659 = EDGE_LOOP('',(#2660,#2670,#2678,#2686,#2695,#2703,#2711,#2719,
    #2728,#2736,#2744,#2752,#2761,#2769,#2777,#2785,#2794,#2802,#2810,
    #2818,#2827,#2835,#2843,#2851,#2860,#2868,#2876,#2884,#2893,#2901,
    #2909,#2917,#2925,#2934,#2942,#2950,#2958,#2967,#2975,#2983,#2991,
    #3000,#3008,#3016,#3024,#3033,#3041,#3049,#3057,#3066,#3074,#3082,
    #3090,#3099,#3107,#3115,#3123,#3132,#3140,#3148,#3156,#3164,#3173,
    #3181,#3189,#3197,#3206,#3214,#3222,#3230,#3239,#3247,#3255,#3263,
    #3272,#3280,#3288,#3296,#3305,#3313,#3321,#3329,#3338,#3346,#3354,
    #3362,#3371,#3379,#3387,#3395,#3403,#3412,#3420,#3428,#3436,#3445,
    #3453,#3461,#3469,#3478,#3486,#3494,#3502,#3511,#3519,#3525,#3526,
    #3527,#3528,#3536,#3544,#3553,#3561,#3569,#3577,#3586));
#2660 = ORIENTED_EDGE('',*,*,#2661,.F.);
#2661 = EDGE_CURVE('',#2662,#2664,#2666,.T.);
#2662 = VERTEX_POINT('',#2663);
#2663 = CARTESIAN_POINT('',(-2.99,2.99,2.E-02));
#2664 = VERTEX_POINT('',#2665);
#2665 = CARTESIAN_POINT('',(-2.1,2.99,2.E-02));
#2666 = LINE('',#2667,#2668);
#2667 = CARTESIAN_POINT('',(-2.99,2.99,2.E-02));
#2668 = VECTOR('',#2669,1.);
#2669 = DIRECTION('',(1.,-2.22044604925E-16,0.));
#2670 = ORIENTED_EDGE('',*,*,#2671,.T.);
#2671 = EDGE_CURVE('',#2662,#2672,#2674,.T.);
#2672 = VERTEX_POINT('',#2673);
#2673 = CARTESIAN_POINT('',(-2.99,2.1,2.E-02));
#2674 = LINE('',#2675,#2676);
#2675 = CARTESIAN_POINT('',(-2.99,2.99,2.E-02));
#2676 = VECTOR('',#2677,1.);
#2677 = DIRECTION('',(-2.22044604925E-16,-1.,0.));
#2678 = ORIENTED_EDGE('',*,*,#2679,.T.);
#2679 = EDGE_CURVE('',#2672,#2680,#2682,.T.);
#2680 = VERTEX_POINT('',#2681);
#2681 = CARTESIAN_POINT('',(-2.75,2.1,2.E-02));
#2682 = LINE('',#2683,#2684);
#2683 = CARTESIAN_POINT('',(-2.87,2.1,2.E-02));
#2684 = VECTOR('',#2685,1.);
#2685 = DIRECTION('',(1.,-3.55951662292E-16,0.));
#2686 = ORIENTED_EDGE('',*,*,#2687,.T.);
#2687 = EDGE_CURVE('',#2680,#2688,#2690,.T.);
#2688 = VERTEX_POINT('',#2689);
#2689 = CARTESIAN_POINT('',(-2.75,1.8,2.E-02));
#2690 = CIRCLE('',#2691,0.15);
#2691 = AXIS2_PLACEMENT_3D('',#2692,#2693,#2694);
#2692 = CARTESIAN_POINT('',(-2.75,1.95,2.E-02));
#2693 = DIRECTION('',(-0.,0.,-1.));
#2694 = DIRECTION('',(-4.669739647545E-16,-1.,0.));
#2695 = ORIENTED_EDGE('',*,*,#2696,.T.);
#2696 = EDGE_CURVE('',#2688,#2697,#2699,.T.);
#2697 = VERTEX_POINT('',#2698);
#2698 = CARTESIAN_POINT('',(-2.99,1.8,2.E-02));
#2699 = LINE('',#2700,#2701);
#2700 = CARTESIAN_POINT('',(-2.995,1.8,2.E-02));
#2701 = VECTOR('',#2702,1.);
#2702 = DIRECTION('',(-1.,4.669739647545E-16,0.));
#2703 = ORIENTED_EDGE('',*,*,#2704,.T.);
#2704 = EDGE_CURVE('',#2697,#2705,#2707,.T.);
#2705 = VERTEX_POINT('',#2706);
#2706 = CARTESIAN_POINT('',(-2.99,1.45,2.E-02));
#2707 = LINE('',#2708,#2709);
#2708 = CARTESIAN_POINT('',(-2.99,2.99,2.E-02));
#2709 = VECTOR('',#2710,1.);
#2710 = DIRECTION('',(-2.22044604925E-16,-1.,0.));
#2711 = ORIENTED_EDGE('',*,*,#2712,.T.);
#2712 = EDGE_CURVE('',#2705,#2713,#2715,.T.);
#2713 = VERTEX_POINT('',#2714);
#2714 = CARTESIAN_POINT('',(-2.75,1.45,2.E-02));
#2715 = LINE('',#2716,#2717);
#2716 = CARTESIAN_POINT('',(-2.87,1.45,2.E-02));
#2717 = VECTOR('',#2718,1.);
#2718 = DIRECTION('',(1.,-3.55951662292E-16,0.));
#2719 = ORIENTED_EDGE('',*,*,#2720,.T.);
#2720 = EDGE_CURVE('',#2713,#2721,#2723,.T.);
#2721 = VERTEX_POINT('',#2722);
#2722 = CARTESIAN_POINT('',(-2.75,1.15,2.E-02));
#2723 = CIRCLE('',#2724,0.15);
#2724 = AXIS2_PLACEMENT_3D('',#2725,#2726,#2727);
#2725 = CARTESIAN_POINT('',(-2.75,1.3,2.E-02));
#2726 = DIRECTION('',(-0.,0.,-1.));
#2727 = DIRECTION('',(-4.669739647545E-16,-1.,0.));
#2728 = ORIENTED_EDGE('',*,*,#2729,.T.);
#2729 = EDGE_CURVE('',#2721,#2730,#2732,.T.);
#2730 = VERTEX_POINT('',#2731);
#2731 = CARTESIAN_POINT('',(-2.99,1.15,2.E-02));
#2732 = LINE('',#2733,#2734);
#2733 = CARTESIAN_POINT('',(-2.995,1.15,2.E-02));
#2734 = VECTOR('',#2735,1.);
#2735 = DIRECTION('',(-1.,4.669739647545E-16,0.));
#2736 = ORIENTED_EDGE('',*,*,#2737,.T.);
#2737 = EDGE_CURVE('',#2730,#2738,#2740,.T.);
#2738 = VERTEX_POINT('',#2739);
#2739 = CARTESIAN_POINT('',(-2.99,0.8,2.E-02));
#2740 = LINE('',#2741,#2742);
#2741 = CARTESIAN_POINT('',(-2.99,2.99,2.E-02));
#2742 = VECTOR('',#2743,1.);
#2743 = DIRECTION('',(-2.22044604925E-16,-1.,0.));
#2744 = ORIENTED_EDGE('',*,*,#2745,.T.);
#2745 = EDGE_CURVE('',#2738,#2746,#2748,.T.);
#2746 = VERTEX_POINT('',#2747);
#2747 = CARTESIAN_POINT('',(-2.75,0.8,2.E-02));
#2748 = LINE('',#2749,#2750);
#2749 = CARTESIAN_POINT('',(-2.87,0.8,2.E-02));
#2750 = VECTOR('',#2751,1.);
#2751 = DIRECTION('',(1.,-3.55951662292E-16,0.));
#2752 = ORIENTED_EDGE('',*,*,#2753,.T.);
#2753 = EDGE_CURVE('',#2746,#2754,#2756,.T.);
#2754 = VERTEX_POINT('',#2755);
#2755 = CARTESIAN_POINT('',(-2.75,0.5,2.E-02));
#2756 = CIRCLE('',#2757,0.15);
#2757 = AXIS2_PLACEMENT_3D('',#2758,#2759,#2760);
#2758 = CARTESIAN_POINT('',(-2.75,0.65,2.E-02));
#2759 = DIRECTION('',(-0.,0.,-1.));
#2760 = DIRECTION('',(-4.669739647545E-16,-1.,0.));
#2761 = ORIENTED_EDGE('',*,*,#2762,.T.);
#2762 = EDGE_CURVE('',#2754,#2763,#2765,.T.);
#2763 = VERTEX_POINT('',#2764);
#2764 = CARTESIAN_POINT('',(-2.99,0.5,2.E-02));
#2765 = LINE('',#2766,#2767);
#2766 = CARTESIAN_POINT('',(-2.995,0.5,2.E-02));
#2767 = VECTOR('',#2768,1.);
#2768 = DIRECTION('',(-1.,4.669739647545E-16,0.));
#2769 = ORIENTED_EDGE('',*,*,#2770,.T.);
#2770 = EDGE_CURVE('',#2763,#2771,#2773,.T.);
#2771 = VERTEX_POINT('',#2772);
#2772 = CARTESIAN_POINT('',(-2.99,0.15,2.E-02));
#2773 = LINE('',#2774,#2775);
#2774 = CARTESIAN_POINT('',(-2.99,2.99,2.E-02));
#2775 = VECTOR('',#2776,1.);
#2776 = DIRECTION('',(-2.22044604925E-16,-1.,0.));
#2777 = ORIENTED_EDGE('',*,*,#2778,.T.);
#2778 = EDGE_CURVE('',#2771,#2779,#2781,.T.);
#2779 = VERTEX_POINT('',#2780);
#2780 = CARTESIAN_POINT('',(-2.75,0.15,2.E-02));
#2781 = LINE('',#2782,#2783);
#2782 = CARTESIAN_POINT('',(-2.87,0.15,2.E-02));
#2783 = VECTOR('',#2784,1.);
#2784 = DIRECTION('',(1.,-3.55951662292E-16,0.));
#2785 = ORIENTED_EDGE('',*,*,#2786,.T.);
#2786 = EDGE_CURVE('',#2779,#2787,#2789,.T.);
#2787 = VERTEX_POINT('',#2788);
#2788 = CARTESIAN_POINT('',(-2.75,-0.15,2.E-02));
#2789 = CIRCLE('',#2790,0.15);
#2790 = AXIS2_PLACEMENT_3D('',#2791,#2792,#2793);
#2791 = CARTESIAN_POINT('',(-2.75,9.71445146547E-16,2.E-02));
#2792 = DIRECTION('',(-0.,0.,-1.));
#2793 = DIRECTION('',(-4.669739647545E-16,-1.,0.));
#2794 = ORIENTED_EDGE('',*,*,#2795,.T.);
#2795 = EDGE_CURVE('',#2787,#2796,#2798,.T.);
#2796 = VERTEX_POINT('',#2797);
#2797 = CARTESIAN_POINT('',(-2.99,-0.15,2.E-02));
#2798 = LINE('',#2799,#2800);
#2799 = CARTESIAN_POINT('',(-2.995,-0.15,2.E-02));
#2800 = VECTOR('',#2801,1.);
#2801 = DIRECTION('',(-1.,4.669739647545E-16,0.));
#2802 = ORIENTED_EDGE('',*,*,#2803,.T.);
#2803 = EDGE_CURVE('',#2796,#2804,#2806,.T.);
#2804 = VERTEX_POINT('',#2805);
#2805 = CARTESIAN_POINT('',(-2.99,-0.5,2.E-02));
#2806 = LINE('',#2807,#2808);
#2807 = CARTESIAN_POINT('',(-2.99,2.99,2.E-02));
#2808 = VECTOR('',#2809,1.);
#2809 = DIRECTION('',(-2.22044604925E-16,-1.,0.));
#2810 = ORIENTED_EDGE('',*,*,#2811,.T.);
#2811 = EDGE_CURVE('',#2804,#2812,#2814,.T.);
#2812 = VERTEX_POINT('',#2813);
#2813 = CARTESIAN_POINT('',(-2.75,-0.5,2.E-02));
#2814 = LINE('',#2815,#2816);
#2815 = CARTESIAN_POINT('',(-2.87,-0.5,2.E-02));
#2816 = VECTOR('',#2817,1.);
#2817 = DIRECTION('',(1.,-3.55951662292E-16,0.));
#2818 = ORIENTED_EDGE('',*,*,#2819,.T.);
#2819 = EDGE_CURVE('',#2812,#2820,#2822,.T.);
#2820 = VERTEX_POINT('',#2821);
#2821 = CARTESIAN_POINT('',(-2.75,-0.8,2.E-02));
#2822 = CIRCLE('',#2823,0.15);
#2823 = AXIS2_PLACEMENT_3D('',#2824,#2825,#2826);
#2824 = CARTESIAN_POINT('',(-2.75,-0.65,2.E-02));
#2825 = DIRECTION('',(-0.,0.,-1.));
#2826 = DIRECTION('',(-4.669739647545E-16,-1.,0.));
#2827 = ORIENTED_EDGE('',*,*,#2828,.T.);
#2828 = EDGE_CURVE('',#2820,#2829,#2831,.T.);
#2829 = VERTEX_POINT('',#2830);
#2830 = CARTESIAN_POINT('',(-2.99,-0.8,2.E-02));
#2831 = LINE('',#2832,#2833);
#2832 = CARTESIAN_POINT('',(-2.995,-0.8,2.E-02));
#2833 = VECTOR('',#2834,1.);
#2834 = DIRECTION('',(-1.,4.669739647545E-16,0.));
#2835 = ORIENTED_EDGE('',*,*,#2836,.T.);
#2836 = EDGE_CURVE('',#2829,#2837,#2839,.T.);
#2837 = VERTEX_POINT('',#2838);
#2838 = CARTESIAN_POINT('',(-2.99,-1.15,2.E-02));
#2839 = LINE('',#2840,#2841);
#2840 = CARTESIAN_POINT('',(-2.99,2.99,2.E-02));
#2841 = VECTOR('',#2842,1.);
#2842 = DIRECTION('',(-2.22044604925E-16,-1.,0.));
#2843 = ORIENTED_EDGE('',*,*,#2844,.T.);
#2844 = EDGE_CURVE('',#2837,#2845,#2847,.T.);
#2845 = VERTEX_POINT('',#2846);
#2846 = CARTESIAN_POINT('',(-2.75,-1.15,2.E-02));
#2847 = LINE('',#2848,#2849);
#2848 = CARTESIAN_POINT('',(-2.87,-1.15,2.E-02));
#2849 = VECTOR('',#2850,1.);
#2850 = DIRECTION('',(1.,-3.55951662292E-16,0.));
#2851 = ORIENTED_EDGE('',*,*,#2852,.T.);
#2852 = EDGE_CURVE('',#2845,#2853,#2855,.T.);
#2853 = VERTEX_POINT('',#2854);
#2854 = CARTESIAN_POINT('',(-2.75,-1.45,2.E-02));
#2855 = CIRCLE('',#2856,0.15);
#2856 = AXIS2_PLACEMENT_3D('',#2857,#2858,#2859);
#2857 = CARTESIAN_POINT('',(-2.75,-1.3,2.E-02));
#2858 = DIRECTION('',(-0.,0.,-1.));
#2859 = DIRECTION('',(-4.669739647545E-16,-1.,0.));
#2860 = ORIENTED_EDGE('',*,*,#2861,.T.);
#2861 = EDGE_CURVE('',#2853,#2862,#2864,.T.);
#2862 = VERTEX_POINT('',#2863);
#2863 = CARTESIAN_POINT('',(-2.99,-1.45,2.E-02));
#2864 = LINE('',#2865,#2866);
#2865 = CARTESIAN_POINT('',(-2.995,-1.45,2.E-02));
#2866 = VECTOR('',#2867,1.);
#2867 = DIRECTION('',(-1.,4.669739647545E-16,0.));
#2868 = ORIENTED_EDGE('',*,*,#2869,.T.);
#2869 = EDGE_CURVE('',#2862,#2870,#2872,.T.);
#2870 = VERTEX_POINT('',#2871);
#2871 = CARTESIAN_POINT('',(-2.99,-1.8,2.E-02));
#2872 = LINE('',#2873,#2874);
#2873 = CARTESIAN_POINT('',(-2.99,2.99,2.E-02));
#2874 = VECTOR('',#2875,1.);
#2875 = DIRECTION('',(-2.22044604925E-16,-1.,0.));
#2876 = ORIENTED_EDGE('',*,*,#2877,.T.);
#2877 = EDGE_CURVE('',#2870,#2878,#2880,.T.);
#2878 = VERTEX_POINT('',#2879);
#2879 = CARTESIAN_POINT('',(-2.75,-1.8,2.E-02));
#2880 = LINE('',#2881,#2882);
#2881 = CARTESIAN_POINT('',(-2.87,-1.8,2.E-02));
#2882 = VECTOR('',#2883,1.);
#2883 = DIRECTION('',(1.,-3.55951662292E-16,0.));
#2884 = ORIENTED_EDGE('',*,*,#2885,.T.);
#2885 = EDGE_CURVE('',#2878,#2886,#2888,.T.);
#2886 = VERTEX_POINT('',#2887);
#2887 = CARTESIAN_POINT('',(-2.75,-2.1,2.E-02));
#2888 = CIRCLE('',#2889,0.15);
#2889 = AXIS2_PLACEMENT_3D('',#2890,#2891,#2892);
#2890 = CARTESIAN_POINT('',(-2.75,-1.95,2.E-02));
#2891 = DIRECTION('',(-0.,0.,-1.));
#2892 = DIRECTION('',(-4.669739647545E-16,-1.,0.));
#2893 = ORIENTED_EDGE('',*,*,#2894,.T.);
#2894 = EDGE_CURVE('',#2886,#2895,#2897,.T.);
#2895 = VERTEX_POINT('',#2896);
#2896 = CARTESIAN_POINT('',(-2.99,-2.1,2.E-02));
#2897 = LINE('',#2898,#2899);
#2898 = CARTESIAN_POINT('',(-2.995,-2.1,2.E-02));
#2899 = VECTOR('',#2900,1.);
#2900 = DIRECTION('',(-1.,4.669739647545E-16,0.));
#2901 = ORIENTED_EDGE('',*,*,#2902,.T.);
#2902 = EDGE_CURVE('',#2895,#2903,#2905,.T.);
#2903 = VERTEX_POINT('',#2904);
#2904 = CARTESIAN_POINT('',(-2.99,-2.99,2.E-02));
#2905 = LINE('',#2906,#2907);
#2906 = CARTESIAN_POINT('',(-2.99,2.99,2.E-02));
#2907 = VECTOR('',#2908,1.);
#2908 = DIRECTION('',(-2.22044604925E-16,-1.,0.));
#2909 = ORIENTED_EDGE('',*,*,#2910,.T.);
#2910 = EDGE_CURVE('',#2903,#2911,#2913,.T.);
#2911 = VERTEX_POINT('',#2912);
#2912 = CARTESIAN_POINT('',(-2.1,-2.99,2.E-02));
#2913 = LINE('',#2914,#2915);
#2914 = CARTESIAN_POINT('',(-2.99,-2.99,2.E-02));
#2915 = VECTOR('',#2916,1.);
#2916 = DIRECTION('',(1.,-2.22044604925E-16,0.));
#2917 = ORIENTED_EDGE('',*,*,#2918,.T.);
#2918 = EDGE_CURVE('',#2911,#2919,#2921,.T.);
#2919 = VERTEX_POINT('',#2920);
#2920 = CARTESIAN_POINT('',(-2.1,-2.75,2.E-02));
#2921 = LINE('',#2922,#2923);
#2922 = CARTESIAN_POINT('',(-2.1,0.12,2.E-02));
#2923 = VECTOR('',#2924,1.);
#2924 = DIRECTION('',(4.555315873023E-16,1.,0.));
#2925 = ORIENTED_EDGE('',*,*,#2926,.T.);
#2926 = EDGE_CURVE('',#2919,#2927,#2929,.T.);
#2927 = VERTEX_POINT('',#2928);
#2928 = CARTESIAN_POINT('',(-1.8,-2.75,2.E-02));
#2929 = CIRCLE('',#2930,0.15);
#2930 = AXIS2_PLACEMENT_3D('',#2931,#2932,#2933);
#2931 = CARTESIAN_POINT('',(-1.95,-2.75,2.E-02));
#2932 = DIRECTION('',(0.,-0.,-1.));
#2933 = DIRECTION('',(1.,-5.665538897648E-16,0.));
#2934 = ORIENTED_EDGE('',*,*,#2935,.T.);
#2935 = EDGE_CURVE('',#2927,#2936,#2938,.T.);
#2936 = VERTEX_POINT('',#2937);
#2937 = CARTESIAN_POINT('',(-1.8,-2.99,2.E-02));
#2938 = LINE('',#2939,#2940);
#2939 = CARTESIAN_POINT('',(-1.8,-5.E-03,2.E-02));
#2940 = VECTOR('',#2941,1.);
#2941 = DIRECTION('',(-5.665538897648E-16,-1.,0.));
#2942 = ORIENTED_EDGE('',*,*,#2943,.T.);
#2943 = EDGE_CURVE('',#2936,#2944,#2946,.T.);
#2944 = VERTEX_POINT('',#2945);
#2945 = CARTESIAN_POINT('',(-1.45,-2.99,2.E-02));
#2946 = LINE('',#2947,#2948);
#2947 = CARTESIAN_POINT('',(-2.99,-2.99,2.E-02));
#2948 = VECTOR('',#2949,1.);
#2949 = DIRECTION('',(1.,-2.22044604925E-16,0.));
#2950 = ORIENTED_EDGE('',*,*,#2951,.T.);
#2951 = EDGE_CURVE('',#2944,#2952,#2954,.T.);
#2952 = VERTEX_POINT('',#2953);
#2953 = CARTESIAN_POINT('',(-1.45,-2.75,2.E-02));
#2954 = LINE('',#2955,#2956);
#2955 = CARTESIAN_POINT('',(-1.45,0.12,2.E-02));
#2956 = VECTOR('',#2957,1.);
#2957 = DIRECTION('',(4.555315873023E-16,1.,0.));
#2958 = ORIENTED_EDGE('',*,*,#2959,.T.);
#2959 = EDGE_CURVE('',#2952,#2960,#2962,.T.);
#2960 = VERTEX_POINT('',#2961);
#2961 = CARTESIAN_POINT('',(-1.15,-2.75,2.E-02));
#2962 = CIRCLE('',#2963,0.15);
#2963 = AXIS2_PLACEMENT_3D('',#2964,#2965,#2966);
#2964 = CARTESIAN_POINT('',(-1.3,-2.75,2.E-02));
#2965 = DIRECTION('',(0.,-0.,-1.));
#2966 = DIRECTION('',(1.,-5.665538897648E-16,0.));
#2967 = ORIENTED_EDGE('',*,*,#2968,.T.);
#2968 = EDGE_CURVE('',#2960,#2969,#2971,.T.);
#2969 = VERTEX_POINT('',#2970);
#2970 = CARTESIAN_POINT('',(-1.15,-2.99,2.E-02));
#2971 = LINE('',#2972,#2973);
#2972 = CARTESIAN_POINT('',(-1.15,-5.E-03,2.E-02));
#2973 = VECTOR('',#2974,1.);
#2974 = DIRECTION('',(-5.665538897648E-16,-1.,0.));
#2975 = ORIENTED_EDGE('',*,*,#2976,.T.);
#2976 = EDGE_CURVE('',#2969,#2977,#2979,.T.);
#2977 = VERTEX_POINT('',#2978);
#2978 = CARTESIAN_POINT('',(-0.8,-2.99,2.E-02));
#2979 = LINE('',#2980,#2981);
#2980 = CARTESIAN_POINT('',(-2.99,-2.99,2.E-02));
#2981 = VECTOR('',#2982,1.);
#2982 = DIRECTION('',(1.,-2.22044604925E-16,0.));
#2983 = ORIENTED_EDGE('',*,*,#2984,.T.);
#2984 = EDGE_CURVE('',#2977,#2985,#2987,.T.);
#2985 = VERTEX_POINT('',#2986);
#2986 = CARTESIAN_POINT('',(-0.8,-2.75,2.E-02));
#2987 = LINE('',#2988,#2989);
#2988 = CARTESIAN_POINT('',(-0.8,0.12,2.E-02));
#2989 = VECTOR('',#2990,1.);
#2990 = DIRECTION('',(4.555315873023E-16,1.,0.));
#2991 = ORIENTED_EDGE('',*,*,#2992,.T.);
#2992 = EDGE_CURVE('',#2985,#2993,#2995,.T.);
#2993 = VERTEX_POINT('',#2994);
#2994 = CARTESIAN_POINT('',(-0.5,-2.75,2.E-02));
#2995 = CIRCLE('',#2996,0.15);
#2996 = AXIS2_PLACEMENT_3D('',#2997,#2998,#2999);
#2997 = CARTESIAN_POINT('',(-0.65,-2.75,2.E-02));
#2998 = DIRECTION('',(0.,-0.,-1.));
#2999 = DIRECTION('',(1.,-5.665538897648E-16,0.));
#3000 = ORIENTED_EDGE('',*,*,#3001,.T.);
#3001 = EDGE_CURVE('',#2993,#3002,#3004,.T.);
#3002 = VERTEX_POINT('',#3003);
#3003 = CARTESIAN_POINT('',(-0.5,-2.99,2.E-02));
#3004 = LINE('',#3005,#3006);
#3005 = CARTESIAN_POINT('',(-0.5,-5.E-03,2.E-02));
#3006 = VECTOR('',#3007,1.);
#3007 = DIRECTION('',(-5.665538897648E-16,-1.,0.));
#3008 = ORIENTED_EDGE('',*,*,#3009,.T.);
#3009 = EDGE_CURVE('',#3002,#3010,#3012,.T.);
#3010 = VERTEX_POINT('',#3011);
#3011 = CARTESIAN_POINT('',(-0.15,-2.99,2.E-02));
#3012 = LINE('',#3013,#3014);
#3013 = CARTESIAN_POINT('',(-2.99,-2.99,2.E-02));
#3014 = VECTOR('',#3015,1.);
#3015 = DIRECTION('',(1.,-2.22044604925E-16,0.));
#3016 = ORIENTED_EDGE('',*,*,#3017,.T.);
#3017 = EDGE_CURVE('',#3010,#3018,#3020,.T.);
#3018 = VERTEX_POINT('',#3019);
#3019 = CARTESIAN_POINT('',(-0.15,-2.75,2.E-02));
#3020 = LINE('',#3021,#3022);
#3021 = CARTESIAN_POINT('',(-0.15,0.12,2.E-02));
#3022 = VECTOR('',#3023,1.);
#3023 = DIRECTION('',(4.555315873023E-16,1.,0.));
#3024 = ORIENTED_EDGE('',*,*,#3025,.T.);
#3025 = EDGE_CURVE('',#3018,#3026,#3028,.T.);
#3026 = VERTEX_POINT('',#3027);
#3027 = CARTESIAN_POINT('',(0.15,-2.75,2.E-02));
#3028 = CIRCLE('',#3029,0.15);
#3029 = AXIS2_PLACEMENT_3D('',#3030,#3031,#3032);
#3030 = CARTESIAN_POINT('',(-1.249000902703E-15,-2.75,2.E-02));
#3031 = DIRECTION('',(0.,-0.,-1.));
#3032 = DIRECTION('',(1.,-5.665538897648E-16,0.));
#3033 = ORIENTED_EDGE('',*,*,#3034,.T.);
#3034 = EDGE_CURVE('',#3026,#3035,#3037,.T.);
#3035 = VERTEX_POINT('',#3036);
#3036 = CARTESIAN_POINT('',(0.15,-2.99,2.E-02));
#3037 = LINE('',#3038,#3039);
#3038 = CARTESIAN_POINT('',(0.15,-5.E-03,2.E-02));
#3039 = VECTOR('',#3040,1.);
#3040 = DIRECTION('',(-5.665538897648E-16,-1.,0.));
#3041 = ORIENTED_EDGE('',*,*,#3042,.T.);
#3042 = EDGE_CURVE('',#3035,#3043,#3045,.T.);
#3043 = VERTEX_POINT('',#3044);
#3044 = CARTESIAN_POINT('',(0.5,-2.99,2.E-02));
#3045 = LINE('',#3046,#3047);
#3046 = CARTESIAN_POINT('',(-2.99,-2.99,2.E-02));
#3047 = VECTOR('',#3048,1.);
#3048 = DIRECTION('',(1.,-2.22044604925E-16,0.));
#3049 = ORIENTED_EDGE('',*,*,#3050,.T.);
#3050 = EDGE_CURVE('',#3043,#3051,#3053,.T.);
#3051 = VERTEX_POINT('',#3052);
#3052 = CARTESIAN_POINT('',(0.5,-2.75,2.E-02));
#3053 = LINE('',#3054,#3055);
#3054 = CARTESIAN_POINT('',(0.5,0.12,2.E-02));
#3055 = VECTOR('',#3056,1.);
#3056 = DIRECTION('',(4.555315873023E-16,1.,0.));
#3057 = ORIENTED_EDGE('',*,*,#3058,.T.);
#3058 = EDGE_CURVE('',#3051,#3059,#3061,.T.);
#3059 = VERTEX_POINT('',#3060);
#3060 = CARTESIAN_POINT('',(0.8,-2.75,2.E-02));
#3061 = CIRCLE('',#3062,0.15);
#3062 = AXIS2_PLACEMENT_3D('',#3063,#3064,#3065);
#3063 = CARTESIAN_POINT('',(0.65,-2.75,2.E-02));
#3064 = DIRECTION('',(0.,-0.,-1.));
#3065 = DIRECTION('',(1.,-5.665538897648E-16,0.));
#3066 = ORIENTED_EDGE('',*,*,#3067,.T.);
#3067 = EDGE_CURVE('',#3059,#3068,#3070,.T.);
#3068 = VERTEX_POINT('',#3069);
#3069 = CARTESIAN_POINT('',(0.8,-2.99,2.E-02));
#3070 = LINE('',#3071,#3072);
#3071 = CARTESIAN_POINT('',(0.8,-5.000000000001E-03,2.E-02));
#3072 = VECTOR('',#3073,1.);
#3073 = DIRECTION('',(-5.665538897648E-16,-1.,0.));
#3074 = ORIENTED_EDGE('',*,*,#3075,.T.);
#3075 = EDGE_CURVE('',#3068,#3076,#3078,.T.);
#3076 = VERTEX_POINT('',#3077);
#3077 = CARTESIAN_POINT('',(1.15,-2.99,2.E-02));
#3078 = LINE('',#3079,#3080);
#3079 = CARTESIAN_POINT('',(-2.99,-2.99,2.E-02));
#3080 = VECTOR('',#3081,1.);
#3081 = DIRECTION('',(1.,-2.22044604925E-16,0.));
#3082 = ORIENTED_EDGE('',*,*,#3083,.T.);
#3083 = EDGE_CURVE('',#3076,#3084,#3086,.T.);
#3084 = VERTEX_POINT('',#3085);
#3085 = CARTESIAN_POINT('',(1.15,-2.75,2.E-02));
#3086 = LINE('',#3087,#3088);
#3087 = CARTESIAN_POINT('',(1.15,0.12,2.E-02));
#3088 = VECTOR('',#3089,1.);
#3089 = DIRECTION('',(4.555315873023E-16,1.,0.));
#3090 = ORIENTED_EDGE('',*,*,#3091,.T.);
#3091 = EDGE_CURVE('',#3084,#3092,#3094,.T.);
#3092 = VERTEX_POINT('',#3093);
#3093 = CARTESIAN_POINT('',(1.45,-2.75,2.E-02));
#3094 = CIRCLE('',#3095,0.15);
#3095 = AXIS2_PLACEMENT_3D('',#3096,#3097,#3098);
#3096 = CARTESIAN_POINT('',(1.3,-2.75,2.E-02));
#3097 = DIRECTION('',(0.,-0.,-1.));
#3098 = DIRECTION('',(1.,-5.665538897648E-16,0.));
#3099 = ORIENTED_EDGE('',*,*,#3100,.T.);
#3100 = EDGE_CURVE('',#3092,#3101,#3103,.T.);
#3101 = VERTEX_POINT('',#3102);
#3102 = CARTESIAN_POINT('',(1.45,-2.99,2.E-02));
#3103 = LINE('',#3104,#3105);
#3104 = CARTESIAN_POINT('',(1.45,-5.000000000001E-03,2.E-02));
#3105 = VECTOR('',#3106,1.);
#3106 = DIRECTION('',(-5.665538897648E-16,-1.,0.));
#3107 = ORIENTED_EDGE('',*,*,#3108,.T.);
#3108 = EDGE_CURVE('',#3101,#3109,#3111,.T.);
#3109 = VERTEX_POINT('',#3110);
#3110 = CARTESIAN_POINT('',(1.8,-2.99,2.E-02));
#3111 = LINE('',#3112,#3113);
#3112 = CARTESIAN_POINT('',(-2.99,-2.99,2.E-02));
#3113 = VECTOR('',#3114,1.);
#3114 = DIRECTION('',(1.,-2.22044604925E-16,0.));
#3115 = ORIENTED_EDGE('',*,*,#3116,.T.);
#3116 = EDGE_CURVE('',#3109,#3117,#3119,.T.);
#3117 = VERTEX_POINT('',#3118);
#3118 = CARTESIAN_POINT('',(1.8,-2.75,2.E-02));
#3119 = LINE('',#3120,#3121);
#3120 = CARTESIAN_POINT('',(1.8,0.12,2.E-02));
#3121 = VECTOR('',#3122,1.);
#3122 = DIRECTION('',(4.555315873023E-16,1.,0.));
#3123 = ORIENTED_EDGE('',*,*,#3124,.T.);
#3124 = EDGE_CURVE('',#3117,#3125,#3127,.T.);
#3125 = VERTEX_POINT('',#3126);
#3126 = CARTESIAN_POINT('',(2.1,-2.75,2.E-02));
#3127 = CIRCLE('',#3128,0.15);
#3128 = AXIS2_PLACEMENT_3D('',#3129,#3130,#3131);
#3129 = CARTESIAN_POINT('',(1.95,-2.75,2.E-02));
#3130 = DIRECTION('',(0.,-0.,-1.));
#3131 = DIRECTION('',(1.,-5.665538897648E-16,0.));
#3132 = ORIENTED_EDGE('',*,*,#3133,.T.);
#3133 = EDGE_CURVE('',#3125,#3134,#3136,.T.);
#3134 = VERTEX_POINT('',#3135);
#3135 = CARTESIAN_POINT('',(2.1,-2.99,2.E-02));
#3136 = LINE('',#3137,#3138);
#3137 = CARTESIAN_POINT('',(2.1,-5.000000000001E-03,2.E-02));
#3138 = VECTOR('',#3139,1.);
#3139 = DIRECTION('',(-5.665538897648E-16,-1.,0.));
#3140 = ORIENTED_EDGE('',*,*,#3141,.T.);
#3141 = EDGE_CURVE('',#3134,#3142,#3144,.T.);
#3142 = VERTEX_POINT('',#3143);
#3143 = CARTESIAN_POINT('',(2.99,-2.99,2.E-02));
#3144 = LINE('',#3145,#3146);
#3145 = CARTESIAN_POINT('',(-2.99,-2.99,2.E-02));
#3146 = VECTOR('',#3147,1.);
#3147 = DIRECTION('',(1.,-2.22044604925E-16,0.));
#3148 = ORIENTED_EDGE('',*,*,#3149,.F.);
#3149 = EDGE_CURVE('',#3150,#3142,#3152,.T.);
#3150 = VERTEX_POINT('',#3151);
#3151 = CARTESIAN_POINT('',(2.99,-2.1,2.E-02));
#3152 = LINE('',#3153,#3154);
#3153 = CARTESIAN_POINT('',(2.99,2.99,2.E-02));
#3154 = VECTOR('',#3155,1.);
#3155 = DIRECTION('',(-2.22044604925E-16,-1.,0.));
#3156 = ORIENTED_EDGE('',*,*,#3157,.T.);
#3157 = EDGE_CURVE('',#3150,#3158,#3160,.T.);
#3158 = VERTEX_POINT('',#3159);
#3159 = CARTESIAN_POINT('',(2.75,-2.1,2.E-02));
#3160 = LINE('',#3161,#3162);
#3161 = CARTESIAN_POINT('',(-0.12,-2.1,2.E-02));
#3162 = VECTOR('',#3163,1.);
#3163 = DIRECTION('',(-1.,2.334869823773E-16,0.));
#3164 = ORIENTED_EDGE('',*,*,#3165,.T.);
#3165 = EDGE_CURVE('',#3158,#3166,#3168,.T.);
#3166 = VERTEX_POINT('',#3167);
#3167 = CARTESIAN_POINT('',(2.75,-1.8,2.E-02));
#3168 = CIRCLE('',#3169,0.15);
#3169 = AXIS2_PLACEMENT_3D('',#3170,#3171,#3172);
#3170 = CARTESIAN_POINT('',(2.75,-1.95,2.E-02));
#3171 = DIRECTION('',(0.,0.,-1.));
#3172 = DIRECTION('',(3.445092848398E-16,1.,0.));
#3173 = ORIENTED_EDGE('',*,*,#3174,.T.);
#3174 = EDGE_CURVE('',#3166,#3175,#3177,.T.);
#3175 = VERTEX_POINT('',#3176);
#3176 = CARTESIAN_POINT('',(2.99,-1.8,2.E-02));
#3177 = LINE('',#3178,#3179);
#3178 = CARTESIAN_POINT('',(4.999999999999E-03,-1.8,2.E-02));
#3179 = VECTOR('',#3180,1.);
#3180 = DIRECTION('',(1.,-3.445092848398E-16,0.));
#3181 = ORIENTED_EDGE('',*,*,#3182,.F.);
#3182 = EDGE_CURVE('',#3183,#3175,#3185,.T.);
#3183 = VERTEX_POINT('',#3184);
#3184 = CARTESIAN_POINT('',(2.99,-1.45,2.E-02));
#3185 = LINE('',#3186,#3187);
#3186 = CARTESIAN_POINT('',(2.99,2.99,2.E-02));
#3187 = VECTOR('',#3188,1.);
#3188 = DIRECTION('',(-2.22044604925E-16,-1.,0.));
#3189 = ORIENTED_EDGE('',*,*,#3190,.T.);
#3190 = EDGE_CURVE('',#3183,#3191,#3193,.T.);
#3191 = VERTEX_POINT('',#3192);
#3192 = CARTESIAN_POINT('',(2.75,-1.45,2.E-02));
#3193 = LINE('',#3194,#3195);
#3194 = CARTESIAN_POINT('',(-0.12,-1.45,2.E-02));
#3195 = VECTOR('',#3196,1.);
#3196 = DIRECTION('',(-1.,2.334869823773E-16,0.));
#3197 = ORIENTED_EDGE('',*,*,#3198,.T.);
#3198 = EDGE_CURVE('',#3191,#3199,#3201,.T.);
#3199 = VERTEX_POINT('',#3200);
#3200 = CARTESIAN_POINT('',(2.75,-1.15,2.E-02));
#3201 = CIRCLE('',#3202,0.15);
#3202 = AXIS2_PLACEMENT_3D('',#3203,#3204,#3205);
#3203 = CARTESIAN_POINT('',(2.75,-1.3,2.E-02));
#3204 = DIRECTION('',(0.,0.,-1.));
#3205 = DIRECTION('',(3.445092848398E-16,1.,0.));
#3206 = ORIENTED_EDGE('',*,*,#3207,.T.);
#3207 = EDGE_CURVE('',#3199,#3208,#3210,.T.);
#3208 = VERTEX_POINT('',#3209);
#3209 = CARTESIAN_POINT('',(2.99,-1.15,2.E-02));
#3210 = LINE('',#3211,#3212);
#3211 = CARTESIAN_POINT('',(4.999999999999E-03,-1.15,2.E-02));
#3212 = VECTOR('',#3213,1.);
#3213 = DIRECTION('',(1.,-3.445092848398E-16,0.));
#3214 = ORIENTED_EDGE('',*,*,#3215,.F.);
#3215 = EDGE_CURVE('',#3216,#3208,#3218,.T.);
#3216 = VERTEX_POINT('',#3217);
#3217 = CARTESIAN_POINT('',(2.99,-0.8,2.E-02));
#3218 = LINE('',#3219,#3220);
#3219 = CARTESIAN_POINT('',(2.99,2.99,2.E-02));
#3220 = VECTOR('',#3221,1.);
#3221 = DIRECTION('',(-2.22044604925E-16,-1.,0.));
#3222 = ORIENTED_EDGE('',*,*,#3223,.T.);
#3223 = EDGE_CURVE('',#3216,#3224,#3226,.T.);
#3224 = VERTEX_POINT('',#3225);
#3225 = CARTESIAN_POINT('',(2.75,-0.8,2.E-02));
#3226 = LINE('',#3227,#3228);
#3227 = CARTESIAN_POINT('',(-0.12,-0.8,2.E-02));
#3228 = VECTOR('',#3229,1.);
#3229 = DIRECTION('',(-1.,2.334869823773E-16,0.));
#3230 = ORIENTED_EDGE('',*,*,#3231,.T.);
#3231 = EDGE_CURVE('',#3224,#3232,#3234,.T.);
#3232 = VERTEX_POINT('',#3233);
#3233 = CARTESIAN_POINT('',(2.75,-0.5,2.E-02));
#3234 = CIRCLE('',#3235,0.15);
#3235 = AXIS2_PLACEMENT_3D('',#3236,#3237,#3238);
#3236 = CARTESIAN_POINT('',(2.75,-0.65,2.E-02));
#3237 = DIRECTION('',(0.,0.,-1.));
#3238 = DIRECTION('',(3.445092848398E-16,1.,0.));
#3239 = ORIENTED_EDGE('',*,*,#3240,.T.);
#3240 = EDGE_CURVE('',#3232,#3241,#3243,.T.);
#3241 = VERTEX_POINT('',#3242);
#3242 = CARTESIAN_POINT('',(2.99,-0.5,2.E-02));
#3243 = LINE('',#3244,#3245);
#3244 = CARTESIAN_POINT('',(5.E-03,-0.5,2.E-02));
#3245 = VECTOR('',#3246,1.);
#3246 = DIRECTION('',(1.,-3.445092848398E-16,0.));
#3247 = ORIENTED_EDGE('',*,*,#3248,.F.);
#3248 = EDGE_CURVE('',#3249,#3241,#3251,.T.);
#3249 = VERTEX_POINT('',#3250);
#3250 = CARTESIAN_POINT('',(2.99,-0.15,2.E-02));
#3251 = LINE('',#3252,#3253);
#3252 = CARTESIAN_POINT('',(2.99,2.99,2.E-02));
#3253 = VECTOR('',#3254,1.);
#3254 = DIRECTION('',(-2.22044604925E-16,-1.,0.));
#3255 = ORIENTED_EDGE('',*,*,#3256,.T.);
#3256 = EDGE_CURVE('',#3249,#3257,#3259,.T.);
#3257 = VERTEX_POINT('',#3258);
#3258 = CARTESIAN_POINT('',(2.75,-0.15,2.E-02));
#3259 = LINE('',#3260,#3261);
#3260 = CARTESIAN_POINT('',(-0.12,-0.15,2.E-02));
#3261 = VECTOR('',#3262,1.);
#3262 = DIRECTION('',(-1.,2.334869823773E-16,0.));
#3263 = ORIENTED_EDGE('',*,*,#3264,.T.);
#3264 = EDGE_CURVE('',#3257,#3265,#3267,.T.);
#3265 = VERTEX_POINT('',#3266);
#3266 = CARTESIAN_POINT('',(2.75,0.15,2.E-02));
#3267 = CIRCLE('',#3268,0.15);
#3268 = AXIS2_PLACEMENT_3D('',#3269,#3270,#3271);
#3269 = CARTESIAN_POINT('',(2.75,-6.383782391595E-16,2.E-02));
#3270 = DIRECTION('',(0.,0.,-1.));
#3271 = DIRECTION('',(3.445092848398E-16,1.,0.));
#3272 = ORIENTED_EDGE('',*,*,#3273,.T.);
#3273 = EDGE_CURVE('',#3265,#3274,#3276,.T.);
#3274 = VERTEX_POINT('',#3275);
#3275 = CARTESIAN_POINT('',(2.99,0.15,2.E-02));
#3276 = LINE('',#3277,#3278);
#3277 = CARTESIAN_POINT('',(5.E-03,0.15,2.E-02));
#3278 = VECTOR('',#3279,1.);
#3279 = DIRECTION('',(1.,-3.445092848398E-16,0.));
#3280 = ORIENTED_EDGE('',*,*,#3281,.F.);
#3281 = EDGE_CURVE('',#3282,#3274,#3284,.T.);
#3282 = VERTEX_POINT('',#3283);
#3283 = CARTESIAN_POINT('',(2.99,0.5,2.E-02));
#3284 = LINE('',#3285,#3286);
#3285 = CARTESIAN_POINT('',(2.99,2.99,2.E-02));
#3286 = VECTOR('',#3287,1.);
#3287 = DIRECTION('',(-2.22044604925E-16,-1.,0.));
#3288 = ORIENTED_EDGE('',*,*,#3289,.T.);
#3289 = EDGE_CURVE('',#3282,#3290,#3292,.T.);
#3290 = VERTEX_POINT('',#3291);
#3291 = CARTESIAN_POINT('',(2.75,0.5,2.E-02));
#3292 = LINE('',#3293,#3294);
#3293 = CARTESIAN_POINT('',(-0.12,0.5,2.E-02));
#3294 = VECTOR('',#3295,1.);
#3295 = DIRECTION('',(-1.,2.334869823773E-16,0.));
#3296 = ORIENTED_EDGE('',*,*,#3297,.T.);
#3297 = EDGE_CURVE('',#3290,#3298,#3300,.T.);
#3298 = VERTEX_POINT('',#3299);
#3299 = CARTESIAN_POINT('',(2.75,0.8,2.E-02));
#3300 = CIRCLE('',#3301,0.15);
#3301 = AXIS2_PLACEMENT_3D('',#3302,#3303,#3304);
#3302 = CARTESIAN_POINT('',(2.75,0.65,2.E-02));
#3303 = DIRECTION('',(0.,0.,-1.));
#3304 = DIRECTION('',(3.445092848398E-16,1.,0.));
#3305 = ORIENTED_EDGE('',*,*,#3306,.T.);
#3306 = EDGE_CURVE('',#3298,#3307,#3309,.T.);
#3307 = VERTEX_POINT('',#3308);
#3308 = CARTESIAN_POINT('',(2.99,0.8,2.E-02));
#3309 = LINE('',#3310,#3311);
#3310 = CARTESIAN_POINT('',(5.E-03,0.8,2.E-02));
#3311 = VECTOR('',#3312,1.);
#3312 = DIRECTION('',(1.,-3.445092848398E-16,0.));
#3313 = ORIENTED_EDGE('',*,*,#3314,.F.);
#3314 = EDGE_CURVE('',#3315,#3307,#3317,.T.);
#3315 = VERTEX_POINT('',#3316);
#3316 = CARTESIAN_POINT('',(2.99,1.15,2.E-02));
#3317 = LINE('',#3318,#3319);
#3318 = CARTESIAN_POINT('',(2.99,2.99,2.E-02));
#3319 = VECTOR('',#3320,1.);
#3320 = DIRECTION('',(-2.22044604925E-16,-1.,0.));
#3321 = ORIENTED_EDGE('',*,*,#3322,.T.);
#3322 = EDGE_CURVE('',#3315,#3323,#3325,.T.);
#3323 = VERTEX_POINT('',#3324);
#3324 = CARTESIAN_POINT('',(2.75,1.15,2.E-02));
#3325 = LINE('',#3326,#3327);
#3326 = CARTESIAN_POINT('',(-0.12,1.15,2.E-02));
#3327 = VECTOR('',#3328,1.);
#3328 = DIRECTION('',(-1.,2.334869823773E-16,0.));
#3329 = ORIENTED_EDGE('',*,*,#3330,.T.);
#3330 = EDGE_CURVE('',#3323,#3331,#3333,.T.);
#3331 = VERTEX_POINT('',#3332);
#3332 = CARTESIAN_POINT('',(2.75,1.45,2.E-02));
#3333 = CIRCLE('',#3334,0.15);
#3334 = AXIS2_PLACEMENT_3D('',#3335,#3336,#3337);
#3335 = CARTESIAN_POINT('',(2.75,1.3,2.E-02));
#3336 = DIRECTION('',(0.,0.,-1.));
#3337 = DIRECTION('',(3.445092848398E-16,1.,0.));
#3338 = ORIENTED_EDGE('',*,*,#3339,.T.);
#3339 = EDGE_CURVE('',#3331,#3340,#3342,.T.);
#3340 = VERTEX_POINT('',#3341);
#3341 = CARTESIAN_POINT('',(2.99,1.45,2.E-02));
#3342 = LINE('',#3343,#3344);
#3343 = CARTESIAN_POINT('',(5.E-03,1.45,2.E-02));
#3344 = VECTOR('',#3345,1.);
#3345 = DIRECTION('',(1.,-3.445092848398E-16,0.));
#3346 = ORIENTED_EDGE('',*,*,#3347,.F.);
#3347 = EDGE_CURVE('',#3348,#3340,#3350,.T.);
#3348 = VERTEX_POINT('',#3349);
#3349 = CARTESIAN_POINT('',(2.99,1.8,2.E-02));
#3350 = LINE('',#3351,#3352);
#3351 = CARTESIAN_POINT('',(2.99,2.99,2.E-02));
#3352 = VECTOR('',#3353,1.);
#3353 = DIRECTION('',(-2.22044604925E-16,-1.,0.));
#3354 = ORIENTED_EDGE('',*,*,#3355,.T.);
#3355 = EDGE_CURVE('',#3348,#3356,#3358,.T.);
#3356 = VERTEX_POINT('',#3357);
#3357 = CARTESIAN_POINT('',(2.75,1.8,2.E-02));
#3358 = LINE('',#3359,#3360);
#3359 = CARTESIAN_POINT('',(-0.12,1.8,2.E-02));
#3360 = VECTOR('',#3361,1.);
#3361 = DIRECTION('',(-1.,2.334869823773E-16,0.));
#3362 = ORIENTED_EDGE('',*,*,#3363,.T.);
#3363 = EDGE_CURVE('',#3356,#3364,#3366,.T.);
#3364 = VERTEX_POINT('',#3365);
#3365 = CARTESIAN_POINT('',(2.75,2.1,2.E-02));
#3366 = CIRCLE('',#3367,0.15);
#3367 = AXIS2_PLACEMENT_3D('',#3368,#3369,#3370);
#3368 = CARTESIAN_POINT('',(2.75,1.95,2.E-02));
#3369 = DIRECTION('',(0.,0.,-1.));
#3370 = DIRECTION('',(3.445092848398E-16,1.,0.));
#3371 = ORIENTED_EDGE('',*,*,#3372,.T.);
#3372 = EDGE_CURVE('',#3364,#3373,#3375,.T.);
#3373 = VERTEX_POINT('',#3374);
#3374 = CARTESIAN_POINT('',(2.99,2.1,2.E-02));
#3375 = LINE('',#3376,#3377);
#3376 = CARTESIAN_POINT('',(5.E-03,2.1,2.E-02));
#3377 = VECTOR('',#3378,1.);
#3378 = DIRECTION('',(1.,-3.445092848398E-16,0.));
#3379 = ORIENTED_EDGE('',*,*,#3380,.F.);
#3380 = EDGE_CURVE('',#3381,#3373,#3383,.T.);
#3381 = VERTEX_POINT('',#3382);
#3382 = CARTESIAN_POINT('',(2.99,2.99,2.E-02));
#3383 = LINE('',#3384,#3385);
#3384 = CARTESIAN_POINT('',(2.99,2.99,2.E-02));
#3385 = VECTOR('',#3386,1.);
#3386 = DIRECTION('',(-2.22044604925E-16,-1.,0.));
#3387 = ORIENTED_EDGE('',*,*,#3388,.F.);
#3388 = EDGE_CURVE('',#3389,#3381,#3391,.T.);
#3389 = VERTEX_POINT('',#3390);
#3390 = CARTESIAN_POINT('',(2.1,2.99,2.E-02));
#3391 = LINE('',#3392,#3393);
#3392 = CARTESIAN_POINT('',(-2.99,2.99,2.E-02));
#3393 = VECTOR('',#3394,1.);
#3394 = DIRECTION('',(1.,-2.22044604925E-16,0.));
#3395 = ORIENTED_EDGE('',*,*,#3396,.T.);
#3396 = EDGE_CURVE('',#3389,#3397,#3399,.T.);
#3397 = VERTEX_POINT('',#3398);
#3398 = CARTESIAN_POINT('',(2.1,2.75,2.E-02));
#3399 = LINE('',#3400,#3401);
#3400 = CARTESIAN_POINT('',(2.1,2.87,2.E-02));
#3401 = VECTOR('',#3402,1.);
#3402 = DIRECTION('',(-3.445092848398E-16,-1.,0.));
#3403 = ORIENTED_EDGE('',*,*,#3404,.T.);
#3404 = EDGE_CURVE('',#3397,#3405,#3407,.T.);
#3405 = VERTEX_POINT('',#3406);
#3406 = CARTESIAN_POINT('',(1.8,2.75,2.E-02));
#3407 = CIRCLE('',#3408,0.15);
#3408 = AXIS2_PLACEMENT_3D('',#3409,#3410,#3411);
#3409 = CARTESIAN_POINT('',(1.95,2.75,2.E-02));
#3410 = DIRECTION('',(0.,0.,-1.));
#3411 = DIRECTION('',(-1.,4.555315873023E-16,0.));
#3412 = ORIENTED_EDGE('',*,*,#3413,.T.);
#3413 = EDGE_CURVE('',#3405,#3414,#3416,.T.);
#3414 = VERTEX_POINT('',#3415);
#3415 = CARTESIAN_POINT('',(1.8,2.99,2.E-02));
#3416 = LINE('',#3417,#3418);
#3417 = CARTESIAN_POINT('',(1.8,2.995,2.E-02));
#3418 = VECTOR('',#3419,1.);
#3419 = DIRECTION('',(4.555315873023E-16,1.,0.));
#3420 = ORIENTED_EDGE('',*,*,#3421,.F.);
#3421 = EDGE_CURVE('',#3422,#3414,#3424,.T.);
#3422 = VERTEX_POINT('',#3423);
#3423 = CARTESIAN_POINT('',(1.45,2.99,2.E-02));
#3424 = LINE('',#3425,#3426);
#3425 = CARTESIAN_POINT('',(-2.99,2.99,2.E-02));
#3426 = VECTOR('',#3427,1.);
#3427 = DIRECTION('',(1.,-2.22044604925E-16,0.));
#3428 = ORIENTED_EDGE('',*,*,#3429,.T.);
#3429 = EDGE_CURVE('',#3422,#3430,#3432,.T.);
#3430 = VERTEX_POINT('',#3431);
#3431 = CARTESIAN_POINT('',(1.45,2.75,2.E-02));
#3432 = LINE('',#3433,#3434);
#3433 = CARTESIAN_POINT('',(1.45,2.87,2.E-02));
#3434 = VECTOR('',#3435,1.);
#3435 = DIRECTION('',(-3.445092848398E-16,-1.,0.));
#3436 = ORIENTED_EDGE('',*,*,#3437,.T.);
#3437 = EDGE_CURVE('',#3430,#3438,#3440,.T.);
#3438 = VERTEX_POINT('',#3439);
#3439 = CARTESIAN_POINT('',(1.15,2.75,2.E-02));
#3440 = CIRCLE('',#3441,0.15);
#3441 = AXIS2_PLACEMENT_3D('',#3442,#3443,#3444);
#3442 = CARTESIAN_POINT('',(1.3,2.75,2.E-02));
#3443 = DIRECTION('',(0.,0.,-1.));
#3444 = DIRECTION('',(-1.,4.555315873023E-16,0.));
#3445 = ORIENTED_EDGE('',*,*,#3446,.T.);
#3446 = EDGE_CURVE('',#3438,#3447,#3449,.T.);
#3447 = VERTEX_POINT('',#3448);
#3448 = CARTESIAN_POINT('',(1.15,2.99,2.E-02));
#3449 = LINE('',#3450,#3451);
#3450 = CARTESIAN_POINT('',(1.15,2.995,2.E-02));
#3451 = VECTOR('',#3452,1.);
#3452 = DIRECTION('',(4.555315873023E-16,1.,0.));
#3453 = ORIENTED_EDGE('',*,*,#3454,.F.);
#3454 = EDGE_CURVE('',#3455,#3447,#3457,.T.);
#3455 = VERTEX_POINT('',#3456);
#3456 = CARTESIAN_POINT('',(0.8,2.99,2.E-02));
#3457 = LINE('',#3458,#3459);
#3458 = CARTESIAN_POINT('',(-2.99,2.99,2.E-02));
#3459 = VECTOR('',#3460,1.);
#3460 = DIRECTION('',(1.,-2.22044604925E-16,0.));
#3461 = ORIENTED_EDGE('',*,*,#3462,.T.);
#3462 = EDGE_CURVE('',#3455,#3463,#3465,.T.);
#3463 = VERTEX_POINT('',#3464);
#3464 = CARTESIAN_POINT('',(0.8,2.75,2.E-02));
#3465 = LINE('',#3466,#3467);
#3466 = CARTESIAN_POINT('',(0.8,2.87,2.E-02));
#3467 = VECTOR('',#3468,1.);
#3468 = DIRECTION('',(-3.445092848398E-16,-1.,0.));
#3469 = ORIENTED_EDGE('',*,*,#3470,.T.);
#3470 = EDGE_CURVE('',#3463,#3471,#3473,.T.);
#3471 = VERTEX_POINT('',#3472);
#3472 = CARTESIAN_POINT('',(0.5,2.75,2.E-02));
#3473 = CIRCLE('',#3474,0.15);
#3474 = AXIS2_PLACEMENT_3D('',#3475,#3476,#3477);
#3475 = CARTESIAN_POINT('',(0.65,2.75,2.E-02));
#3476 = DIRECTION('',(0.,0.,-1.));
#3477 = DIRECTION('',(-1.,4.555315873023E-16,0.));
#3478 = ORIENTED_EDGE('',*,*,#3479,.T.);
#3479 = EDGE_CURVE('',#3471,#3480,#3482,.T.);
#3480 = VERTEX_POINT('',#3481);
#3481 = CARTESIAN_POINT('',(0.5,2.99,2.E-02));
#3482 = LINE('',#3483,#3484);
#3483 = CARTESIAN_POINT('',(0.5,2.995,2.E-02));
#3484 = VECTOR('',#3485,1.);
#3485 = DIRECTION('',(4.555315873023E-16,1.,0.));
#3486 = ORIENTED_EDGE('',*,*,#3487,.F.);
#3487 = EDGE_CURVE('',#3488,#3480,#3490,.T.);
#3488 = VERTEX_POINT('',#3489);
#3489 = CARTESIAN_POINT('',(0.15,2.99,2.E-02));
#3490 = LINE('',#3491,#3492);
#3491 = CARTESIAN_POINT('',(-2.99,2.99,2.E-02));
#3492 = VECTOR('',#3493,1.);
#3493 = DIRECTION('',(1.,-2.22044604925E-16,0.));
#3494 = ORIENTED_EDGE('',*,*,#3495,.T.);
#3495 = EDGE_CURVE('',#3488,#3496,#3498,.T.);
#3496 = VERTEX_POINT('',#3497);
#3497 = CARTESIAN_POINT('',(0.15,2.75,2.E-02));
#3498 = LINE('',#3499,#3500);
#3499 = CARTESIAN_POINT('',(0.15,2.87,2.E-02));
#3500 = VECTOR('',#3501,1.);
#3501 = DIRECTION('',(-3.445092848398E-16,-1.,0.));
#3502 = ORIENTED_EDGE('',*,*,#3503,.T.);
#3503 = EDGE_CURVE('',#3496,#3504,#3506,.T.);
#3504 = VERTEX_POINT('',#3505);
#3505 = CARTESIAN_POINT('',(-0.15,2.75,2.E-02));
#3506 = CIRCLE('',#3507,0.15);
#3507 = AXIS2_PLACEMENT_3D('',#3508,#3509,#3510);
#3508 = CARTESIAN_POINT('',(9.436895709314E-16,2.75,2.E-02));
#3509 = DIRECTION('',(0.,0.,-1.));
#3510 = DIRECTION('',(-1.,4.555315873023E-16,0.));
#3511 = ORIENTED_EDGE('',*,*,#3512,.T.);
#3512 = EDGE_CURVE('',#3504,#3513,#3515,.T.);
#3513 = VERTEX_POINT('',#3514);
#3514 = CARTESIAN_POINT('',(-0.15,2.99,2.E-02));
#3515 = LINE('',#3516,#3517);
#3516 = CARTESIAN_POINT('',(-0.15,2.995,2.E-02));
#3517 = VECTOR('',#3518,1.);
#3518 = DIRECTION('',(4.555315873023E-16,1.,0.));
#3519 = ORIENTED_EDGE('',*,*,#3520,.F.);
#3520 = EDGE_CURVE('',#2607,#3513,#3521,.T.);
#3521 = LINE('',#3522,#3523);
#3522 = CARTESIAN_POINT('',(-2.99,2.99,2.E-02));
#3523 = VECTOR('',#3524,1.);
#3524 = DIRECTION('',(1.,-2.22044604925E-16,0.));
#3525 = ORIENTED_EDGE('',*,*,#2606,.T.);
#3526 = ORIENTED_EDGE('',*,*,#2587,.T.);
#3527 = ORIENTED_EDGE('',*,*,#2557,.T.);
#3528 = ORIENTED_EDGE('',*,*,#3529,.F.);
#3529 = EDGE_CURVE('',#3530,#2550,#3532,.T.);
#3530 = VERTEX_POINT('',#3531);
#3531 = CARTESIAN_POINT('',(-1.15,2.99,2.E-02));
#3532 = LINE('',#3533,#3534);
#3533 = CARTESIAN_POINT('',(-2.99,2.99,2.E-02));
#3534 = VECTOR('',#3535,1.);
#3535 = DIRECTION('',(1.,-2.22044604925E-16,0.));
#3536 = ORIENTED_EDGE('',*,*,#3537,.T.);
#3537 = EDGE_CURVE('',#3530,#3538,#3540,.T.);
#3538 = VERTEX_POINT('',#3539);
#3539 = CARTESIAN_POINT('',(-1.15,2.75,2.E-02));
#3540 = LINE('',#3541,#3542);
#3541 = CARTESIAN_POINT('',(-1.15,2.87,2.E-02));
#3542 = VECTOR('',#3543,1.);
#3543 = DIRECTION('',(-3.445092848398E-16,-1.,0.));
#3544 = ORIENTED_EDGE('',*,*,#3545,.T.);
#3545 = EDGE_CURVE('',#3538,#3546,#3548,.T.);
#3546 = VERTEX_POINT('',#3547);
#3547 = CARTESIAN_POINT('',(-1.45,2.75,2.E-02));
#3548 = CIRCLE('',#3549,0.15);
#3549 = AXIS2_PLACEMENT_3D('',#3550,#3551,#3552);
#3550 = CARTESIAN_POINT('',(-1.3,2.75,2.E-02));
#3551 = DIRECTION('',(0.,0.,-1.));
#3552 = DIRECTION('',(-1.,4.555315873023E-16,0.));
#3553 = ORIENTED_EDGE('',*,*,#3554,.T.);
#3554 = EDGE_CURVE('',#3546,#3555,#3557,.T.);
#3555 = VERTEX_POINT('',#3556);
#3556 = CARTESIAN_POINT('',(-1.45,2.99,2.E-02));
#3557 = LINE('',#3558,#3559);
#3558 = CARTESIAN_POINT('',(-1.45,2.995,2.E-02));
#3559 = VECTOR('',#3560,1.);
#3560 = DIRECTION('',(4.555315873023E-16,1.,0.));
#3561 = ORIENTED_EDGE('',*,*,#3562,.F.);
#3562 = EDGE_CURVE('',#3563,#3555,#3565,.T.);
#3563 = VERTEX_POINT('',#3564);
#3564 = CARTESIAN_POINT('',(-1.8,2.99,2.E-02));
#3565 = LINE('',#3566,#3567);
#3566 = CARTESIAN_POINT('',(-2.99,2.99,2.E-02));
#3567 = VECTOR('',#3568,1.);
#3568 = DIRECTION('',(1.,-2.22044604925E-16,0.));
#3569 = ORIENTED_EDGE('',*,*,#3570,.T.);
#3570 = EDGE_CURVE('',#3563,#3571,#3573,.T.);
#3571 = VERTEX_POINT('',#3572);
#3572 = CARTESIAN_POINT('',(-1.8,2.75,2.E-02));
#3573 = LINE('',#3574,#3575);
#3574 = CARTESIAN_POINT('',(-1.8,2.87,2.E-02));
#3575 = VECTOR('',#3576,1.);
#3576 = DIRECTION('',(-3.445092848398E-16,-1.,0.));
#3577 = ORIENTED_EDGE('',*,*,#3578,.T.);
#3578 = EDGE_CURVE('',#3571,#3579,#3581,.T.);
#3579 = VERTEX_POINT('',#3580);
#3580 = CARTESIAN_POINT('',(-2.1,2.75,2.E-02));
#3581 = CIRCLE('',#3582,0.15);
#3582 = AXIS2_PLACEMENT_3D('',#3583,#3584,#3585);
#3583 = CARTESIAN_POINT('',(-1.95,2.75,2.E-02));
#3584 = DIRECTION('',(0.,0.,-1.));
#3585 = DIRECTION('',(-1.,4.555315873023E-16,0.));
#3586 = ORIENTED_EDGE('',*,*,#3587,.T.);
#3587 = EDGE_CURVE('',#3579,#2664,#3588,.T.);
#3588 = LINE('',#3589,#3590);
#3589 = CARTESIAN_POINT('',(-2.1,2.995,2.E-02));
#3590 = VECTOR('',#3591,1.);
#3591 = DIRECTION('',(4.555315873023E-16,1.,0.));
#3592 = FACE_BOUND('',#3593,.F.);
#3593 = EDGE_LOOP('',(#3594,#3604,#3612,#3620,#3628));
#3594 = ORIENTED_EDGE('',*,*,#3595,.F.);
#3595 = EDGE_CURVE('',#3596,#3598,#3600,.T.);
#3596 = VERTEX_POINT('',#3597);
#3597 = CARTESIAN_POINT('',(-2.275,2.075,2.E-02));
#3598 = VERTEX_POINT('',#3599);
#3599 = CARTESIAN_POINT('',(-2.275,-2.275,2.E-02));
#3600 = LINE('',#3601,#3602);
#3601 = CARTESIAN_POINT('',(-2.275,2.075,2.E-02));
#3602 = VECTOR('',#3603,1.);
#3603 = DIRECTION('',(-2.22044604925E-16,-1.,0.));
#3604 = ORIENTED_EDGE('',*,*,#3605,.F.);
#3605 = EDGE_CURVE('',#3606,#3596,#3608,.T.);
#3606 = VERTEX_POINT('',#3607);
#3607 = CARTESIAN_POINT('',(-2.075,2.275,2.E-02));
#3608 = LINE('',#3609,#3610);
#3609 = CARTESIAN_POINT('',(-2.075,2.275,2.E-02));
#3610 = VECTOR('',#3611,1.);
#3611 = DIRECTION('',(-0.707106781187,-0.707106781187,0.));
#3612 = ORIENTED_EDGE('',*,*,#3613,.F.);
#3613 = EDGE_CURVE('',#3614,#3606,#3616,.T.);
#3614 = VERTEX_POINT('',#3615);
#3615 = CARTESIAN_POINT('',(2.275,2.275,2.E-02));
#3616 = LINE('',#3617,#3618);
#3617 = CARTESIAN_POINT('',(2.275,2.275,2.E-02));
#3618 = VECTOR('',#3619,1.);
#3619 = DIRECTION('',(-1.,2.22044604925E-16,0.));
#3620 = ORIENTED_EDGE('',*,*,#3621,.F.);
#3621 = EDGE_CURVE('',#3622,#3614,#3624,.T.);
#3622 = VERTEX_POINT('',#3623);
#3623 = CARTESIAN_POINT('',(2.275,-2.275,2.E-02));
#3624 = LINE('',#3625,#3626);
#3625 = CARTESIAN_POINT('',(2.275,-2.275,2.E-02));
#3626 = VECTOR('',#3627,1.);
#3627 = DIRECTION('',(2.22044604925E-16,1.,0.));
#3628 = ORIENTED_EDGE('',*,*,#3629,.F.);
#3629 = EDGE_CURVE('',#3598,#3622,#3630,.T.);
#3630 = LINE('',#3631,#3632);
#3631 = CARTESIAN_POINT('',(-2.275,-2.275,2.E-02));
#3632 = VECTOR('',#3633,1.);
#3633 = DIRECTION('',(1.,-2.22044604925E-16,0.));
#3634 = PLANE('',#3635);
#3635 = AXIS2_PLACEMENT_3D('',#3636,#3637,#3638);
#3636 = CARTESIAN_POINT('',(-2.99,2.99,2.E-02));
#3637 = DIRECTION('',(0.,0.,1.));
#3638 = DIRECTION('',(-2.22044604925E-16,-1.,0.));
#3639 = ADVANCED_FACE('',(#3640),#3812,.F.);
#3640 = FACE_BOUND('',#3641,.F.);
#3641 = EDGE_LOOP('',(#3642,#3652,#3658,#3659,#3667,#3675,#3681,#3682,
    #3690,#3698,#3704,#3705,#3706,#3712,#3713,#3714,#3722,#3730,#3736,
    #3737,#3745,#3753,#3759,#3760,#3768,#3776,#3782,#3783,#3791,#3799,
    #3805,#3806));
#3642 = ORIENTED_EDGE('',*,*,#3643,.F.);
#3643 = EDGE_CURVE('',#3644,#3646,#3648,.T.);
#3644 = VERTEX_POINT('',#3645);
#3645 = CARTESIAN_POINT('',(-2.99,2.99,0.92));
#3646 = VERTEX_POINT('',#3647);
#3647 = CARTESIAN_POINT('',(2.99,2.99,0.92));
#3648 = LINE('',#3649,#3650);
#3649 = CARTESIAN_POINT('',(-2.99,2.99,0.92));
#3650 = VECTOR('',#3651,1.);
#3651 = DIRECTION('',(1.,-2.22044604925E-16,0.));
#3652 = ORIENTED_EDGE('',*,*,#3653,.F.);
#3653 = EDGE_CURVE('',#2662,#3644,#3654,.T.);
#3654 = LINE('',#3655,#3656);
#3655 = CARTESIAN_POINT('',(-2.99,2.99,2.E-02));
#3656 = VECTOR('',#3657,1.);
#3657 = DIRECTION('',(0.,0.,1.));
#3658 = ORIENTED_EDGE('',*,*,#2661,.T.);
#3659 = ORIENTED_EDGE('',*,*,#3660,.T.);
#3660 = EDGE_CURVE('',#2664,#3661,#3663,.T.);
#3661 = VERTEX_POINT('',#3662);
#3662 = CARTESIAN_POINT('',(-2.1,2.99,0.2));
#3663 = LINE('',#3664,#3665);
#3664 = CARTESIAN_POINT('',(-2.1,2.99,1.E-02));
#3665 = VECTOR('',#3666,1.);
#3666 = DIRECTION('',(0.,0.,1.));
#3667 = ORIENTED_EDGE('',*,*,#3668,.T.);
#3668 = EDGE_CURVE('',#3661,#3669,#3671,.T.);
#3669 = VERTEX_POINT('',#3670);
#3670 = CARTESIAN_POINT('',(-1.8,2.99,0.2));
#3671 = LINE('',#3672,#3673);
#3672 = CARTESIAN_POINT('',(-2.545,2.99,0.2));
#3673 = VECTOR('',#3674,1.);
#3674 = DIRECTION('',(1.,-2.22044604925E-16,0.));
#3675 = ORIENTED_EDGE('',*,*,#3676,.T.);
#3676 = EDGE_CURVE('',#3669,#3563,#3677,.T.);
#3677 = LINE('',#3678,#3679);
#3678 = CARTESIAN_POINT('',(-1.8,2.99,1.E-02));
#3679 = VECTOR('',#3680,1.);
#3680 = DIRECTION('',(-0.,0.,-1.));
#3681 = ORIENTED_EDGE('',*,*,#3562,.T.);
#3682 = ORIENTED_EDGE('',*,*,#3683,.T.);
#3683 = EDGE_CURVE('',#3555,#3684,#3686,.T.);
#3684 = VERTEX_POINT('',#3685);
#3685 = CARTESIAN_POINT('',(-1.45,2.99,0.2));
#3686 = LINE('',#3687,#3688);
#3687 = CARTESIAN_POINT('',(-1.45,2.99,1.E-02));
#3688 = VECTOR('',#3689,1.);
#3689 = DIRECTION('',(0.,0.,1.));
#3690 = ORIENTED_EDGE('',*,*,#3691,.T.);
#3691 = EDGE_CURVE('',#3684,#3692,#3694,.T.);
#3692 = VERTEX_POINT('',#3693);
#3693 = CARTESIAN_POINT('',(-1.15,2.99,0.2));
#3694 = LINE('',#3695,#3696);
#3695 = CARTESIAN_POINT('',(-2.22,2.99,0.2));
#3696 = VECTOR('',#3697,1.);
#3697 = DIRECTION('',(1.,-2.22044604925E-16,0.));
#3698 = ORIENTED_EDGE('',*,*,#3699,.T.);
#3699 = EDGE_CURVE('',#3692,#3530,#3700,.T.);
#3700 = LINE('',#3701,#3702);
#3701 = CARTESIAN_POINT('',(-1.15,2.99,1.E-02));
#3702 = VECTOR('',#3703,1.);
#3703 = DIRECTION('',(-0.,0.,-1.));
#3704 = ORIENTED_EDGE('',*,*,#3529,.T.);
#3705 = ORIENTED_EDGE('',*,*,#2549,.T.);
#3706 = ORIENTED_EDGE('',*,*,#3707,.T.);
#3707 = EDGE_CURVE('',#2542,#2615,#3708,.T.);
#3708 = LINE('',#3709,#3710);
#3709 = CARTESIAN_POINT('',(-1.895,2.99,0.2));
#3710 = VECTOR('',#3711,1.);
#3711 = DIRECTION('',(1.,-2.22044604925E-16,0.));
#3712 = ORIENTED_EDGE('',*,*,#2614,.T.);
#3713 = ORIENTED_EDGE('',*,*,#3520,.T.);
#3714 = ORIENTED_EDGE('',*,*,#3715,.T.);
#3715 = EDGE_CURVE('',#3513,#3716,#3718,.T.);
#3716 = VERTEX_POINT('',#3717);
#3717 = CARTESIAN_POINT('',(-0.15,2.99,0.2));
#3718 = LINE('',#3719,#3720);
#3719 = CARTESIAN_POINT('',(-0.15,2.99,1.E-02));
#3720 = VECTOR('',#3721,1.);
#3721 = DIRECTION('',(0.,0.,1.));
#3722 = ORIENTED_EDGE('',*,*,#3723,.T.);
#3723 = EDGE_CURVE('',#3716,#3724,#3726,.T.);
#3724 = VERTEX_POINT('',#3725);
#3725 = CARTESIAN_POINT('',(0.15,2.99,0.2));
#3726 = LINE('',#3727,#3728);
#3727 = CARTESIAN_POINT('',(-1.57,2.99,0.2));
#3728 = VECTOR('',#3729,1.);
#3729 = DIRECTION('',(1.,-2.22044604925E-16,0.));
#3730 = ORIENTED_EDGE('',*,*,#3731,.T.);
#3731 = EDGE_CURVE('',#3724,#3488,#3732,.T.);
#3732 = LINE('',#3733,#3734);
#3733 = CARTESIAN_POINT('',(0.15,2.99,1.E-02));
#3734 = VECTOR('',#3735,1.);
#3735 = DIRECTION('',(-0.,0.,-1.));
#3736 = ORIENTED_EDGE('',*,*,#3487,.T.);
#3737 = ORIENTED_EDGE('',*,*,#3738,.T.);
#3738 = EDGE_CURVE('',#3480,#3739,#3741,.T.);
#3739 = VERTEX_POINT('',#3740);
#3740 = CARTESIAN_POINT('',(0.5,2.99,0.2));
#3741 = LINE('',#3742,#3743);
#3742 = CARTESIAN_POINT('',(0.5,2.99,1.E-02));
#3743 = VECTOR('',#3744,1.);
#3744 = DIRECTION('',(0.,0.,1.));
#3745 = ORIENTED_EDGE('',*,*,#3746,.T.);
#3746 = EDGE_CURVE('',#3739,#3747,#3749,.T.);
#3747 = VERTEX_POINT('',#3748);
#3748 = CARTESIAN_POINT('',(0.8,2.99,0.2));
#3749 = LINE('',#3750,#3751);
#3750 = CARTESIAN_POINT('',(-1.245,2.99,0.2));
#3751 = VECTOR('',#3752,1.);
#3752 = DIRECTION('',(1.,-2.22044604925E-16,0.));
#3753 = ORIENTED_EDGE('',*,*,#3754,.T.);
#3754 = EDGE_CURVE('',#3747,#3455,#3755,.T.);
#3755 = LINE('',#3756,#3757);
#3756 = CARTESIAN_POINT('',(0.8,2.99,1.E-02));
#3757 = VECTOR('',#3758,1.);
#3758 = DIRECTION('',(-0.,0.,-1.));
#3759 = ORIENTED_EDGE('',*,*,#3454,.T.);
#3760 = ORIENTED_EDGE('',*,*,#3761,.T.);
#3761 = EDGE_CURVE('',#3447,#3762,#3764,.T.);
#3762 = VERTEX_POINT('',#3763);
#3763 = CARTESIAN_POINT('',(1.15,2.99,0.2));
#3764 = LINE('',#3765,#3766);
#3765 = CARTESIAN_POINT('',(1.15,2.99,1.E-02));
#3766 = VECTOR('',#3767,1.);
#3767 = DIRECTION('',(0.,0.,1.));
#3768 = ORIENTED_EDGE('',*,*,#3769,.T.);
#3769 = EDGE_CURVE('',#3762,#3770,#3772,.T.);
#3770 = VERTEX_POINT('',#3771);
#3771 = CARTESIAN_POINT('',(1.45,2.99,0.2));
#3772 = LINE('',#3773,#3774);
#3773 = CARTESIAN_POINT('',(-0.92,2.99,0.2));
#3774 = VECTOR('',#3775,1.);
#3775 = DIRECTION('',(1.,-2.22044604925E-16,0.));
#3776 = ORIENTED_EDGE('',*,*,#3777,.T.);
#3777 = EDGE_CURVE('',#3770,#3422,#3778,.T.);
#3778 = LINE('',#3779,#3780);
#3779 = CARTESIAN_POINT('',(1.45,2.99,1.E-02));
#3780 = VECTOR('',#3781,1.);
#3781 = DIRECTION('',(-0.,0.,-1.));
#3782 = ORIENTED_EDGE('',*,*,#3421,.T.);
#3783 = ORIENTED_EDGE('',*,*,#3784,.T.);
#3784 = EDGE_CURVE('',#3414,#3785,#3787,.T.);
#3785 = VERTEX_POINT('',#3786);
#3786 = CARTESIAN_POINT('',(1.8,2.99,0.2));
#3787 = LINE('',#3788,#3789);
#3788 = CARTESIAN_POINT('',(1.8,2.99,1.E-02));
#3789 = VECTOR('',#3790,1.);
#3790 = DIRECTION('',(0.,0.,1.));
#3791 = ORIENTED_EDGE('',*,*,#3792,.T.);
#3792 = EDGE_CURVE('',#3785,#3793,#3795,.T.);
#3793 = VERTEX_POINT('',#3794);
#3794 = CARTESIAN_POINT('',(2.1,2.99,0.2));
#3795 = LINE('',#3796,#3797);
#3796 = CARTESIAN_POINT('',(-0.595,2.99,0.2));
#3797 = VECTOR('',#3798,1.);
#3798 = DIRECTION('',(1.,-2.22044604925E-16,0.));
#3799 = ORIENTED_EDGE('',*,*,#3800,.T.);
#3800 = EDGE_CURVE('',#3793,#3389,#3801,.T.);
#3801 = LINE('',#3802,#3803);
#3802 = CARTESIAN_POINT('',(2.1,2.99,1.E-02));
#3803 = VECTOR('',#3804,1.);
#3804 = DIRECTION('',(-0.,0.,-1.));
#3805 = ORIENTED_EDGE('',*,*,#3388,.T.);
#3806 = ORIENTED_EDGE('',*,*,#3807,.T.);
#3807 = EDGE_CURVE('',#3381,#3646,#3808,.T.);
#3808 = LINE('',#3809,#3810);
#3809 = CARTESIAN_POINT('',(2.99,2.99,2.E-02));
#3810 = VECTOR('',#3811,1.);
#3811 = DIRECTION('',(0.,0.,1.));
#3812 = PLANE('',#3813);
#3813 = AXIS2_PLACEMENT_3D('',#3814,#3815,#3816);
#3814 = CARTESIAN_POINT('',(-2.99,2.99,2.E-02));
#3815 = DIRECTION('',(-2.22044604925E-16,-1.,0.));
#3816 = DIRECTION('',(0.,0.,1.));
#3817 = ADVANCED_FACE('',(#3818),#3824,.F.);
#3818 = FACE_BOUND('',#3819,.F.);
#3819 = EDGE_LOOP('',(#3820,#3821,#3822,#3823));
#3820 = ORIENTED_EDGE('',*,*,#2541,.F.);
#3821 = ORIENTED_EDGE('',*,*,#2645,.F.);
#3822 = ORIENTED_EDGE('',*,*,#2622,.F.);
#3823 = ORIENTED_EDGE('',*,*,#3707,.F.);
#3824 = PLANE('',#3825);
#3825 = AXIS2_PLACEMENT_3D('',#3826,#3827,#3828);
#3826 = CARTESIAN_POINT('',(-0.8,3.,0.2));
#3827 = DIRECTION('',(-0.,0.,-1.));
#3828 = DIRECTION('',(1.,-4.555315873023E-16,-0.));
#3829 = ADVANCED_FACE('',(#3830),#4009,.F.);
#3830 = FACE_BOUND('',#3831,.F.);
#3831 = EDGE_LOOP('',(#3832,#3833,#3834,#3842,#3848,#3849,#3857,#3865,
    #3871,#3872,#3880,#3888,#3894,#3895,#3903,#3911,#3917,#3918,#3926,
    #3934,#3940,#3941,#3949,#3957,#3963,#3964,#3972,#3980,#3986,#3987,
    #3995,#4003));
#3832 = ORIENTED_EDGE('',*,*,#2671,.F.);
#3833 = ORIENTED_EDGE('',*,*,#3653,.T.);
#3834 = ORIENTED_EDGE('',*,*,#3835,.T.);
#3835 = EDGE_CURVE('',#3644,#3836,#3838,.T.);
#3836 = VERTEX_POINT('',#3837);
#3837 = CARTESIAN_POINT('',(-2.99,-2.99,0.92));
#3838 = LINE('',#3839,#3840);
#3839 = CARTESIAN_POINT('',(-2.99,2.99,0.92));
#3840 = VECTOR('',#3841,1.);
#3841 = DIRECTION('',(-2.22044604925E-16,-1.,0.));
#3842 = ORIENTED_EDGE('',*,*,#3843,.F.);
#3843 = EDGE_CURVE('',#2903,#3836,#3844,.T.);
#3844 = LINE('',#3845,#3846);
#3845 = CARTESIAN_POINT('',(-2.99,-2.99,2.E-02));
#3846 = VECTOR('',#3847,1.);
#3847 = DIRECTION('',(0.,0.,1.));
#3848 = ORIENTED_EDGE('',*,*,#2902,.F.);
#3849 = ORIENTED_EDGE('',*,*,#3850,.T.);
#3850 = EDGE_CURVE('',#2895,#3851,#3853,.T.);
#3851 = VERTEX_POINT('',#3852);
#3852 = CARTESIAN_POINT('',(-2.99,-2.1,0.2));
#3853 = LINE('',#3854,#3855);
#3854 = CARTESIAN_POINT('',(-2.99,-2.1,1.E-02));
#3855 = VECTOR('',#3856,1.);
#3856 = DIRECTION('',(0.,0.,1.));
#3857 = ORIENTED_EDGE('',*,*,#3858,.T.);
#3858 = EDGE_CURVE('',#3851,#3859,#3861,.T.);
#3859 = VERTEX_POINT('',#3860);
#3860 = CARTESIAN_POINT('',(-2.99,-1.8,0.2));
#3861 = LINE('',#3862,#3863);
#3862 = CARTESIAN_POINT('',(-2.99,0.445,0.2));
#3863 = VECTOR('',#3864,1.);
#3864 = DIRECTION('',(2.22044604925E-16,1.,0.));
#3865 = ORIENTED_EDGE('',*,*,#3866,.T.);
#3866 = EDGE_CURVE('',#3859,#2870,#3867,.T.);
#3867 = LINE('',#3868,#3869);
#3868 = CARTESIAN_POINT('',(-2.99,-1.8,1.E-02));
#3869 = VECTOR('',#3870,1.);
#3870 = DIRECTION('',(0.,-0.,-1.));
#3871 = ORIENTED_EDGE('',*,*,#2869,.F.);
#3872 = ORIENTED_EDGE('',*,*,#3873,.T.);
#3873 = EDGE_CURVE('',#2862,#3874,#3876,.T.);
#3874 = VERTEX_POINT('',#3875);
#3875 = CARTESIAN_POINT('',(-2.99,-1.45,0.2));
#3876 = LINE('',#3877,#3878);
#3877 = CARTESIAN_POINT('',(-2.99,-1.45,1.E-02));
#3878 = VECTOR('',#3879,1.);
#3879 = DIRECTION('',(0.,0.,1.));
#3880 = ORIENTED_EDGE('',*,*,#3881,.T.);
#3881 = EDGE_CURVE('',#3874,#3882,#3884,.T.);
#3882 = VERTEX_POINT('',#3883);
#3883 = CARTESIAN_POINT('',(-2.99,-1.15,0.2));
#3884 = LINE('',#3885,#3886);
#3885 = CARTESIAN_POINT('',(-2.99,0.77,0.2));
#3886 = VECTOR('',#3887,1.);
#3887 = DIRECTION('',(2.22044604925E-16,1.,0.));
#3888 = ORIENTED_EDGE('',*,*,#3889,.T.);
#3889 = EDGE_CURVE('',#3882,#2837,#3890,.T.);
#3890 = LINE('',#3891,#3892);
#3891 = CARTESIAN_POINT('',(-2.99,-1.15,1.E-02));
#3892 = VECTOR('',#3893,1.);
#3893 = DIRECTION('',(0.,-0.,-1.));
#3894 = ORIENTED_EDGE('',*,*,#2836,.F.);
#3895 = ORIENTED_EDGE('',*,*,#3896,.T.);
#3896 = EDGE_CURVE('',#2829,#3897,#3899,.T.);
#3897 = VERTEX_POINT('',#3898);
#3898 = CARTESIAN_POINT('',(-2.99,-0.8,0.2));
#3899 = LINE('',#3900,#3901);
#3900 = CARTESIAN_POINT('',(-2.99,-0.8,1.E-02));
#3901 = VECTOR('',#3902,1.);
#3902 = DIRECTION('',(0.,0.,1.));
#3903 = ORIENTED_EDGE('',*,*,#3904,.T.);
#3904 = EDGE_CURVE('',#3897,#3905,#3907,.T.);
#3905 = VERTEX_POINT('',#3906);
#3906 = CARTESIAN_POINT('',(-2.99,-0.5,0.2));
#3907 = LINE('',#3908,#3909);
#3908 = CARTESIAN_POINT('',(-2.99,1.095,0.2));
#3909 = VECTOR('',#3910,1.);
#3910 = DIRECTION('',(2.22044604925E-16,1.,0.));
#3911 = ORIENTED_EDGE('',*,*,#3912,.T.);
#3912 = EDGE_CURVE('',#3905,#2804,#3913,.T.);
#3913 = LINE('',#3914,#3915);
#3914 = CARTESIAN_POINT('',(-2.99,-0.5,1.E-02));
#3915 = VECTOR('',#3916,1.);
#3916 = DIRECTION('',(0.,-0.,-1.));
#3917 = ORIENTED_EDGE('',*,*,#2803,.F.);
#3918 = ORIENTED_EDGE('',*,*,#3919,.T.);
#3919 = EDGE_CURVE('',#2796,#3920,#3922,.T.);
#3920 = VERTEX_POINT('',#3921);
#3921 = CARTESIAN_POINT('',(-2.99,-0.15,0.2));
#3922 = LINE('',#3923,#3924);
#3923 = CARTESIAN_POINT('',(-2.99,-0.15,1.E-02));
#3924 = VECTOR('',#3925,1.);
#3925 = DIRECTION('',(0.,0.,1.));
#3926 = ORIENTED_EDGE('',*,*,#3927,.T.);
#3927 = EDGE_CURVE('',#3920,#3928,#3930,.T.);
#3928 = VERTEX_POINT('',#3929);
#3929 = CARTESIAN_POINT('',(-2.99,0.15,0.2));
#3930 = LINE('',#3931,#3932);
#3931 = CARTESIAN_POINT('',(-2.99,1.42,0.2));
#3932 = VECTOR('',#3933,1.);
#3933 = DIRECTION('',(2.22044604925E-16,1.,0.));
#3934 = ORIENTED_EDGE('',*,*,#3935,.T.);
#3935 = EDGE_CURVE('',#3928,#2771,#3936,.T.);
#3936 = LINE('',#3937,#3938);
#3937 = CARTESIAN_POINT('',(-2.99,0.15,1.E-02));
#3938 = VECTOR('',#3939,1.);
#3939 = DIRECTION('',(0.,-0.,-1.));
#3940 = ORIENTED_EDGE('',*,*,#2770,.F.);
#3941 = ORIENTED_EDGE('',*,*,#3942,.T.);
#3942 = EDGE_CURVE('',#2763,#3943,#3945,.T.);
#3943 = VERTEX_POINT('',#3944);
#3944 = CARTESIAN_POINT('',(-2.99,0.5,0.2));
#3945 = LINE('',#3946,#3947);
#3946 = CARTESIAN_POINT('',(-2.99,0.5,1.E-02));
#3947 = VECTOR('',#3948,1.);
#3948 = DIRECTION('',(0.,0.,1.));
#3949 = ORIENTED_EDGE('',*,*,#3950,.T.);
#3950 = EDGE_CURVE('',#3943,#3951,#3953,.T.);
#3951 = VERTEX_POINT('',#3952);
#3952 = CARTESIAN_POINT('',(-2.99,0.8,0.2));
#3953 = LINE('',#3954,#3955);
#3954 = CARTESIAN_POINT('',(-2.99,1.745,0.2));
#3955 = VECTOR('',#3956,1.);
#3956 = DIRECTION('',(2.22044604925E-16,1.,0.));
#3957 = ORIENTED_EDGE('',*,*,#3958,.T.);
#3958 = EDGE_CURVE('',#3951,#2738,#3959,.T.);
#3959 = LINE('',#3960,#3961);
#3960 = CARTESIAN_POINT('',(-2.99,0.8,1.E-02));
#3961 = VECTOR('',#3962,1.);
#3962 = DIRECTION('',(0.,-0.,-1.));
#3963 = ORIENTED_EDGE('',*,*,#2737,.F.);
#3964 = ORIENTED_EDGE('',*,*,#3965,.T.);
#3965 = EDGE_CURVE('',#2730,#3966,#3968,.T.);
#3966 = VERTEX_POINT('',#3967);
#3967 = CARTESIAN_POINT('',(-2.99,1.15,0.2));
#3968 = LINE('',#3969,#3970);
#3969 = CARTESIAN_POINT('',(-2.99,1.15,1.E-02));
#3970 = VECTOR('',#3971,1.);
#3971 = DIRECTION('',(0.,0.,1.));
#3972 = ORIENTED_EDGE('',*,*,#3973,.T.);
#3973 = EDGE_CURVE('',#3966,#3974,#3976,.T.);
#3974 = VERTEX_POINT('',#3975);
#3975 = CARTESIAN_POINT('',(-2.99,1.45,0.2));
#3976 = LINE('',#3977,#3978);
#3977 = CARTESIAN_POINT('',(-2.99,2.07,0.2));
#3978 = VECTOR('',#3979,1.);
#3979 = DIRECTION('',(2.22044604925E-16,1.,0.));
#3980 = ORIENTED_EDGE('',*,*,#3981,.T.);
#3981 = EDGE_CURVE('',#3974,#2705,#3982,.T.);
#3982 = LINE('',#3983,#3984);
#3983 = CARTESIAN_POINT('',(-2.99,1.45,1.E-02));
#3984 = VECTOR('',#3985,1.);
#3985 = DIRECTION('',(0.,-0.,-1.));
#3986 = ORIENTED_EDGE('',*,*,#2704,.F.);
#3987 = ORIENTED_EDGE('',*,*,#3988,.T.);
#3988 = EDGE_CURVE('',#2697,#3989,#3991,.T.);
#3989 = VERTEX_POINT('',#3990);
#3990 = CARTESIAN_POINT('',(-2.99,1.8,0.2));
#3991 = LINE('',#3992,#3993);
#3992 = CARTESIAN_POINT('',(-2.99,1.8,1.E-02));
#3993 = VECTOR('',#3994,1.);
#3994 = DIRECTION('',(0.,0.,1.));
#3995 = ORIENTED_EDGE('',*,*,#3996,.T.);
#3996 = EDGE_CURVE('',#3989,#3997,#3999,.T.);
#3997 = VERTEX_POINT('',#3998);
#3998 = CARTESIAN_POINT('',(-2.99,2.1,0.2));
#3999 = LINE('',#4000,#4001);
#4000 = CARTESIAN_POINT('',(-2.99,2.395,0.2));
#4001 = VECTOR('',#4002,1.);
#4002 = DIRECTION('',(2.22044604925E-16,1.,0.));
#4003 = ORIENTED_EDGE('',*,*,#4004,.T.);
#4004 = EDGE_CURVE('',#3997,#2672,#4005,.T.);
#4005 = LINE('',#4006,#4007);
#4006 = CARTESIAN_POINT('',(-2.99,2.1,1.E-02));
#4007 = VECTOR('',#4008,1.);
#4008 = DIRECTION('',(0.,-0.,-1.));
#4009 = PLANE('',#4010);
#4010 = AXIS2_PLACEMENT_3D('',#4011,#4012,#4013);
#4011 = CARTESIAN_POINT('',(-2.99,2.99,2.E-02));
#4012 = DIRECTION('',(1.,-2.22044604925E-16,0.));
#4013 = DIRECTION('',(0.,0.,1.));
#4014 = ADVANCED_FACE('',(#4015),#4049,.F.);
#4015 = FACE_BOUND('',#4016,.F.);
#4016 = EDGE_LOOP('',(#4017,#4027,#4035,#4041,#4042,#4043));
#4017 = ORIENTED_EDGE('',*,*,#4018,.F.);
#4018 = EDGE_CURVE('',#4019,#4021,#4023,.T.);
#4019 = VERTEX_POINT('',#4020);
#4020 = CARTESIAN_POINT('',(-2.1,3.,0.));
#4021 = VERTEX_POINT('',#4022);
#4022 = CARTESIAN_POINT('',(-2.1,2.75,0.));
#4023 = LINE('',#4024,#4025);
#4024 = CARTESIAN_POINT('',(-2.1,3.,0.));
#4025 = VECTOR('',#4026,1.);
#4026 = DIRECTION('',(-4.555315873023E-16,-1.,0.));
#4027 = ORIENTED_EDGE('',*,*,#4028,.T.);
#4028 = EDGE_CURVE('',#4019,#4029,#4031,.T.);
#4029 = VERTEX_POINT('',#4030);
#4030 = CARTESIAN_POINT('',(-2.1,3.,0.2));
#4031 = LINE('',#4032,#4033);
#4032 = CARTESIAN_POINT('',(-2.1,3.,0.));
#4033 = VECTOR('',#4034,1.);
#4034 = DIRECTION('',(0.,0.,1.));
#4035 = ORIENTED_EDGE('',*,*,#4036,.T.);
#4036 = EDGE_CURVE('',#4029,#3661,#4037,.T.);
#4037 = LINE('',#4038,#4039);
#4038 = CARTESIAN_POINT('',(-2.1,3.,0.2));
#4039 = VECTOR('',#4040,1.);
#4040 = DIRECTION('',(-4.555315873023E-16,-1.,0.));
#4041 = ORIENTED_EDGE('',*,*,#3660,.F.);
#4042 = ORIENTED_EDGE('',*,*,#3587,.F.);
#4043 = ORIENTED_EDGE('',*,*,#4044,.F.);
#4044 = EDGE_CURVE('',#4021,#3579,#4045,.T.);
#4045 = LINE('',#4046,#4047);
#4046 = CARTESIAN_POINT('',(-2.1,2.75,0.));
#4047 = VECTOR('',#4048,1.);
#4048 = DIRECTION('',(0.,0.,1.));
#4049 = PLANE('',#4050);
#4050 = AXIS2_PLACEMENT_3D('',#4051,#4052,#4053);
#4051 = CARTESIAN_POINT('',(-2.1,3.,0.));
#4052 = DIRECTION('',(1.,-4.555315873023E-16,0.));
#4053 = DIRECTION('',(-4.555315873023E-16,-1.,0.));
#4054 = ADVANCED_FACE('',(#4055),#4089,.F.);
#4055 = FACE_BOUND('',#4056,.F.);
#4056 = EDGE_LOOP('',(#4057,#4067,#4073,#4074,#4075,#4083));
#4057 = ORIENTED_EDGE('',*,*,#4058,.F.);
#4058 = EDGE_CURVE('',#4059,#4061,#4063,.T.);
#4059 = VERTEX_POINT('',#4060);
#4060 = CARTESIAN_POINT('',(-2.75,2.1,0.));
#4061 = VERTEX_POINT('',#4062);
#4062 = CARTESIAN_POINT('',(-3.,2.1,0.));
#4063 = LINE('',#4064,#4065);
#4064 = CARTESIAN_POINT('',(-2.75,2.1,0.));
#4065 = VECTOR('',#4066,1.);
#4066 = DIRECTION('',(-1.,3.55951662292E-16,0.));
#4067 = ORIENTED_EDGE('',*,*,#4068,.T.);
#4068 = EDGE_CURVE('',#4059,#2680,#4069,.T.);
#4069 = LINE('',#4070,#4071);
#4070 = CARTESIAN_POINT('',(-2.75,2.1,0.));
#4071 = VECTOR('',#4072,1.);
#4072 = DIRECTION('',(0.,0.,1.));
#4073 = ORIENTED_EDGE('',*,*,#2679,.F.);
#4074 = ORIENTED_EDGE('',*,*,#4004,.F.);
#4075 = ORIENTED_EDGE('',*,*,#4076,.T.);
#4076 = EDGE_CURVE('',#3997,#4077,#4079,.T.);
#4077 = VERTEX_POINT('',#4078);
#4078 = CARTESIAN_POINT('',(-3.,2.1,0.2));
#4079 = LINE('',#4080,#4081);
#4080 = CARTESIAN_POINT('',(-2.75,2.1,0.2));
#4081 = VECTOR('',#4082,1.);
#4082 = DIRECTION('',(-1.,3.55951662292E-16,0.));
#4083 = ORIENTED_EDGE('',*,*,#4084,.F.);
#4084 = EDGE_CURVE('',#4061,#4077,#4085,.T.);
#4085 = LINE('',#4086,#4087);
#4086 = CARTESIAN_POINT('',(-3.,2.1,0.));
#4087 = VECTOR('',#4088,1.);
#4088 = DIRECTION('',(0.,0.,1.));
#4089 = PLANE('',#4090);
#4090 = AXIS2_PLACEMENT_3D('',#4091,#4092,#4093);
#4091 = CARTESIAN_POINT('',(-2.75,2.1,0.));
#4092 = DIRECTION('',(-3.55951662292E-16,-1.,0.));
#4093 = DIRECTION('',(-1.,3.55951662292E-16,0.));
#4094 = ADVANCED_FACE('',(#4095),#4114,.T.);
#4095 = FACE_BOUND('',#4096,.T.);
#4096 = EDGE_LOOP('',(#4097,#4105,#4106,#4107));
#4097 = ORIENTED_EDGE('',*,*,#4098,.T.);
#4098 = EDGE_CURVE('',#4099,#3571,#4101,.T.);
#4099 = VERTEX_POINT('',#4100);
#4100 = CARTESIAN_POINT('',(-1.8,2.75,0.));
#4101 = LINE('',#4102,#4103);
#4102 = CARTESIAN_POINT('',(-1.8,2.75,0.));
#4103 = VECTOR('',#4104,1.);
#4104 = DIRECTION('',(0.,0.,1.));
#4105 = ORIENTED_EDGE('',*,*,#3578,.T.);
#4106 = ORIENTED_EDGE('',*,*,#4044,.F.);
#4107 = ORIENTED_EDGE('',*,*,#4108,.T.);
#4108 = EDGE_CURVE('',#4021,#4099,#4109,.T.);
#4109 = CIRCLE('',#4110,0.15);
#4110 = AXIS2_PLACEMENT_3D('',#4111,#4112,#4113);
#4111 = CARTESIAN_POINT('',(-1.95,2.75,0.));
#4112 = DIRECTION('',(0.,0.,1.));
#4113 = DIRECTION('',(-1.,4.555315873023E-16,0.));
#4114 = CYLINDRICAL_SURFACE('',#4115,0.15);
#4115 = AXIS2_PLACEMENT_3D('',#4116,#4117,#4118);
#4116 = CARTESIAN_POINT('',(-1.95,2.75,0.));
#4117 = DIRECTION('',(0.,0.,-1.));
#4118 = DIRECTION('',(-1.,4.555315873023E-16,0.));
#4119 = ADVANCED_FACE('',(#4120),#4139,.T.);
#4120 = FACE_BOUND('',#4121,.T.);
#4121 = EDGE_LOOP('',(#4122,#4123,#4124,#4132));
#4122 = ORIENTED_EDGE('',*,*,#4068,.T.);
#4123 = ORIENTED_EDGE('',*,*,#2687,.T.);
#4124 = ORIENTED_EDGE('',*,*,#4125,.F.);
#4125 = EDGE_CURVE('',#4126,#2688,#4128,.T.);
#4126 = VERTEX_POINT('',#4127);
#4127 = CARTESIAN_POINT('',(-2.75,1.8,0.));
#4128 = LINE('',#4129,#4130);
#4129 = CARTESIAN_POINT('',(-2.75,1.8,0.));
#4130 = VECTOR('',#4131,1.);
#4131 = DIRECTION('',(0.,0.,1.));
#4132 = ORIENTED_EDGE('',*,*,#4133,.T.);
#4133 = EDGE_CURVE('',#4126,#4059,#4134,.T.);
#4134 = CIRCLE('',#4135,0.15);
#4135 = AXIS2_PLACEMENT_3D('',#4136,#4137,#4138);
#4136 = CARTESIAN_POINT('',(-2.75,1.95,0.));
#4137 = DIRECTION('',(0.,0.,1.));
#4138 = DIRECTION('',(-4.669739647545E-16,-1.,0.));
#4139 = CYLINDRICAL_SURFACE('',#4140,0.15);
#4140 = AXIS2_PLACEMENT_3D('',#4141,#4142,#4143);
#4141 = CARTESIAN_POINT('',(-2.75,1.95,0.));
#4142 = DIRECTION('',(0.,0.,-1.));
#4143 = DIRECTION('',(-4.669739647545E-16,-1.,-0.));
#4144 = ADVANCED_FACE('',(#4145),#4172,.F.);
#4145 = FACE_BOUND('',#4146,.F.);
#4146 = EDGE_LOOP('',(#4147,#4155,#4156,#4157,#4158,#4166));
#4147 = ORIENTED_EDGE('',*,*,#4148,.F.);
#4148 = EDGE_CURVE('',#4099,#4149,#4151,.T.);
#4149 = VERTEX_POINT('',#4150);
#4150 = CARTESIAN_POINT('',(-1.8,3.,0.));
#4151 = LINE('',#4152,#4153);
#4152 = CARTESIAN_POINT('',(-1.8,2.75,0.));
#4153 = VECTOR('',#4154,1.);
#4154 = DIRECTION('',(3.445092848398E-16,1.,0.));
#4155 = ORIENTED_EDGE('',*,*,#4098,.T.);
#4156 = ORIENTED_EDGE('',*,*,#3570,.F.);
#4157 = ORIENTED_EDGE('',*,*,#3676,.F.);
#4158 = ORIENTED_EDGE('',*,*,#4159,.T.);
#4159 = EDGE_CURVE('',#3669,#4160,#4162,.T.);
#4160 = VERTEX_POINT('',#4161);
#4161 = CARTESIAN_POINT('',(-1.8,3.,0.2));
#4162 = LINE('',#4163,#4164);
#4163 = CARTESIAN_POINT('',(-1.8,2.75,0.2));
#4164 = VECTOR('',#4165,1.);
#4165 = DIRECTION('',(3.445092848398E-16,1.,0.));
#4166 = ORIENTED_EDGE('',*,*,#4167,.F.);
#4167 = EDGE_CURVE('',#4149,#4160,#4168,.T.);
#4168 = LINE('',#4169,#4170);
#4169 = CARTESIAN_POINT('',(-1.8,3.,0.));
#4170 = VECTOR('',#4171,1.);
#4171 = DIRECTION('',(0.,0.,1.));
#4172 = PLANE('',#4173);
#4173 = AXIS2_PLACEMENT_3D('',#4174,#4175,#4176);
#4174 = CARTESIAN_POINT('',(-1.8,2.75,0.));
#4175 = DIRECTION('',(-1.,3.445092848398E-16,0.));
#4176 = DIRECTION('',(3.445092848398E-16,1.,0.));
#4177 = ADVANCED_FACE('',(#4178),#4205,.F.);
#4178 = FACE_BOUND('',#4179,.F.);
#4179 = EDGE_LOOP('',(#4180,#4188,#4196,#4202,#4203,#4204));
#4180 = ORIENTED_EDGE('',*,*,#4181,.F.);
#4181 = EDGE_CURVE('',#4182,#4126,#4184,.T.);
#4182 = VERTEX_POINT('',#4183);
#4183 = CARTESIAN_POINT('',(-3.,1.8,0.));
#4184 = LINE('',#4185,#4186);
#4185 = CARTESIAN_POINT('',(-3.,1.8,0.));
#4186 = VECTOR('',#4187,1.);
#4187 = DIRECTION('',(1.,-4.669739647545E-16,0.));
#4188 = ORIENTED_EDGE('',*,*,#4189,.T.);
#4189 = EDGE_CURVE('',#4182,#4190,#4192,.T.);
#4190 = VERTEX_POINT('',#4191);
#4191 = CARTESIAN_POINT('',(-3.,1.8,0.2));
#4192 = LINE('',#4193,#4194);
#4193 = CARTESIAN_POINT('',(-3.,1.8,0.));
#4194 = VECTOR('',#4195,1.);
#4195 = DIRECTION('',(0.,0.,1.));
#4196 = ORIENTED_EDGE('',*,*,#4197,.T.);
#4197 = EDGE_CURVE('',#4190,#3989,#4198,.T.);
#4198 = LINE('',#4199,#4200);
#4199 = CARTESIAN_POINT('',(-3.,1.8,0.2));
#4200 = VECTOR('',#4201,1.);
#4201 = DIRECTION('',(1.,-4.669739647545E-16,0.));
#4202 = ORIENTED_EDGE('',*,*,#3988,.F.);
#4203 = ORIENTED_EDGE('',*,*,#2696,.F.);
#4204 = ORIENTED_EDGE('',*,*,#4125,.F.);
#4205 = PLANE('',#4206);
#4206 = AXIS2_PLACEMENT_3D('',#4207,#4208,#4209);
#4207 = CARTESIAN_POINT('',(-3.,1.8,0.));
#4208 = DIRECTION('',(4.669739647545E-16,1.,0.));
#4209 = DIRECTION('',(1.,-4.669739647545E-16,0.));
#4210 = ADVANCED_FACE('',(#4211),#4245,.F.);
#4211 = FACE_BOUND('',#4212,.F.);
#4212 = EDGE_LOOP('',(#4213,#4223,#4231,#4237,#4238,#4239));
#4213 = ORIENTED_EDGE('',*,*,#4214,.F.);
#4214 = EDGE_CURVE('',#4215,#4217,#4219,.T.);
#4215 = VERTEX_POINT('',#4216);
#4216 = CARTESIAN_POINT('',(-1.45,3.,0.));
#4217 = VERTEX_POINT('',#4218);
#4218 = CARTESIAN_POINT('',(-1.45,2.75,0.));
#4219 = LINE('',#4220,#4221);
#4220 = CARTESIAN_POINT('',(-1.45,3.,0.));
#4221 = VECTOR('',#4222,1.);
#4222 = DIRECTION('',(-4.555315873023E-16,-1.,0.));
#4223 = ORIENTED_EDGE('',*,*,#4224,.T.);
#4224 = EDGE_CURVE('',#4215,#4225,#4227,.T.);
#4225 = VERTEX_POINT('',#4226);
#4226 = CARTESIAN_POINT('',(-1.45,3.,0.2));
#4227 = LINE('',#4228,#4229);
#4228 = CARTESIAN_POINT('',(-1.45,3.,0.));
#4229 = VECTOR('',#4230,1.);
#4230 = DIRECTION('',(0.,0.,1.));
#4231 = ORIENTED_EDGE('',*,*,#4232,.T.);
#4232 = EDGE_CURVE('',#4225,#3684,#4233,.T.);
#4233 = LINE('',#4234,#4235);
#4234 = CARTESIAN_POINT('',(-1.45,3.,0.2));
#4235 = VECTOR('',#4236,1.);
#4236 = DIRECTION('',(-4.555315873023E-16,-1.,0.));
#4237 = ORIENTED_EDGE('',*,*,#3683,.F.);
#4238 = ORIENTED_EDGE('',*,*,#3554,.F.);
#4239 = ORIENTED_EDGE('',*,*,#4240,.F.);
#4240 = EDGE_CURVE('',#4217,#3546,#4241,.T.);
#4241 = LINE('',#4242,#4243);
#4242 = CARTESIAN_POINT('',(-1.45,2.75,0.));
#4243 = VECTOR('',#4244,1.);
#4244 = DIRECTION('',(0.,0.,1.));
#4245 = PLANE('',#4246);
#4246 = AXIS2_PLACEMENT_3D('',#4247,#4248,#4249);
#4247 = CARTESIAN_POINT('',(-1.45,3.,0.));
#4248 = DIRECTION('',(1.,-4.555315873023E-16,0.));
#4249 = DIRECTION('',(-4.555315873023E-16,-1.,0.));
#4250 = ADVANCED_FACE('',(#4251),#4285,.F.);
#4251 = FACE_BOUND('',#4252,.F.);
#4252 = EDGE_LOOP('',(#4253,#4263,#4269,#4270,#4271,#4279));
#4253 = ORIENTED_EDGE('',*,*,#4254,.F.);
#4254 = EDGE_CURVE('',#4255,#4257,#4259,.T.);
#4255 = VERTEX_POINT('',#4256);
#4256 = CARTESIAN_POINT('',(-2.75,1.45,0.));
#4257 = VERTEX_POINT('',#4258);
#4258 = CARTESIAN_POINT('',(-3.,1.45,0.));
#4259 = LINE('',#4260,#4261);
#4260 = CARTESIAN_POINT('',(-2.75,1.45,0.));
#4261 = VECTOR('',#4262,1.);
#4262 = DIRECTION('',(-1.,3.55951662292E-16,0.));
#4263 = ORIENTED_EDGE('',*,*,#4264,.T.);
#4264 = EDGE_CURVE('',#4255,#2713,#4265,.T.);
#4265 = LINE('',#4266,#4267);
#4266 = CARTESIAN_POINT('',(-2.75,1.45,0.));
#4267 = VECTOR('',#4268,1.);
#4268 = DIRECTION('',(0.,0.,1.));
#4269 = ORIENTED_EDGE('',*,*,#2712,.F.);
#4270 = ORIENTED_EDGE('',*,*,#3981,.F.);
#4271 = ORIENTED_EDGE('',*,*,#4272,.T.);
#4272 = EDGE_CURVE('',#3974,#4273,#4275,.T.);
#4273 = VERTEX_POINT('',#4274);
#4274 = CARTESIAN_POINT('',(-3.,1.45,0.2));
#4275 = LINE('',#4276,#4277);
#4276 = CARTESIAN_POINT('',(-2.75,1.45,0.2));
#4277 = VECTOR('',#4278,1.);
#4278 = DIRECTION('',(-1.,3.55951662292E-16,0.));
#4279 = ORIENTED_EDGE('',*,*,#4280,.F.);
#4280 = EDGE_CURVE('',#4257,#4273,#4281,.T.);
#4281 = LINE('',#4282,#4283);
#4282 = CARTESIAN_POINT('',(-3.,1.45,0.));
#4283 = VECTOR('',#4284,1.);
#4284 = DIRECTION('',(0.,0.,1.));
#4285 = PLANE('',#4286);
#4286 = AXIS2_PLACEMENT_3D('',#4287,#4288,#4289);
#4287 = CARTESIAN_POINT('',(-2.75,1.45,0.));
#4288 = DIRECTION('',(-3.55951662292E-16,-1.,0.));
#4289 = DIRECTION('',(-1.,3.55951662292E-16,0.));
#4290 = ADVANCED_FACE('',(#4291),#4310,.T.);
#4291 = FACE_BOUND('',#4292,.T.);
#4292 = EDGE_LOOP('',(#4293,#4301,#4302,#4303));
#4293 = ORIENTED_EDGE('',*,*,#4294,.T.);
#4294 = EDGE_CURVE('',#4295,#3538,#4297,.T.);
#4295 = VERTEX_POINT('',#4296);
#4296 = CARTESIAN_POINT('',(-1.15,2.75,0.));
#4297 = LINE('',#4298,#4299);
#4298 = CARTESIAN_POINT('',(-1.15,2.75,0.));
#4299 = VECTOR('',#4300,1.);
#4300 = DIRECTION('',(0.,0.,1.));
#4301 = ORIENTED_EDGE('',*,*,#3545,.T.);
#4302 = ORIENTED_EDGE('',*,*,#4240,.F.);
#4303 = ORIENTED_EDGE('',*,*,#4304,.T.);
#4304 = EDGE_CURVE('',#4217,#4295,#4305,.T.);
#4305 = CIRCLE('',#4306,0.15);
#4306 = AXIS2_PLACEMENT_3D('',#4307,#4308,#4309);
#4307 = CARTESIAN_POINT('',(-1.3,2.75,0.));
#4308 = DIRECTION('',(0.,0.,1.));
#4309 = DIRECTION('',(-1.,4.555315873023E-16,0.));
#4310 = CYLINDRICAL_SURFACE('',#4311,0.15);
#4311 = AXIS2_PLACEMENT_3D('',#4312,#4313,#4314);
#4312 = CARTESIAN_POINT('',(-1.3,2.75,0.));
#4313 = DIRECTION('',(0.,0.,-1.));
#4314 = DIRECTION('',(-1.,4.555315873023E-16,0.));
#4315 = ADVANCED_FACE('',(#4316),#4335,.T.);
#4316 = FACE_BOUND('',#4317,.T.);
#4317 = EDGE_LOOP('',(#4318,#4319,#4320,#4328));
#4318 = ORIENTED_EDGE('',*,*,#4264,.T.);
#4319 = ORIENTED_EDGE('',*,*,#2720,.T.);
#4320 = ORIENTED_EDGE('',*,*,#4321,.F.);
#4321 = EDGE_CURVE('',#4322,#2721,#4324,.T.);
#4322 = VERTEX_POINT('',#4323);
#4323 = CARTESIAN_POINT('',(-2.75,1.15,0.));
#4324 = LINE('',#4325,#4326);
#4325 = CARTESIAN_POINT('',(-2.75,1.15,0.));
#4326 = VECTOR('',#4327,1.);
#4327 = DIRECTION('',(0.,0.,1.));
#4328 = ORIENTED_EDGE('',*,*,#4329,.T.);
#4329 = EDGE_CURVE('',#4322,#4255,#4330,.T.);
#4330 = CIRCLE('',#4331,0.15);
#4331 = AXIS2_PLACEMENT_3D('',#4332,#4333,#4334);
#4332 = CARTESIAN_POINT('',(-2.75,1.3,0.));
#4333 = DIRECTION('',(0.,0.,1.));
#4334 = DIRECTION('',(-4.669739647545E-16,-1.,0.));
#4335 = CYLINDRICAL_SURFACE('',#4336,0.15);
#4336 = AXIS2_PLACEMENT_3D('',#4337,#4338,#4339);
#4337 = CARTESIAN_POINT('',(-2.75,1.3,0.));
#4338 = DIRECTION('',(0.,0.,-1.));
#4339 = DIRECTION('',(-4.669739647545E-16,-1.,-0.));
#4340 = ADVANCED_FACE('',(#4341),#4368,.F.);
#4341 = FACE_BOUND('',#4342,.F.);
#4342 = EDGE_LOOP('',(#4343,#4351,#4352,#4353,#4354,#4362));
#4343 = ORIENTED_EDGE('',*,*,#4344,.F.);
#4344 = EDGE_CURVE('',#4295,#4345,#4347,.T.);
#4345 = VERTEX_POINT('',#4346);
#4346 = CARTESIAN_POINT('',(-1.15,3.,0.));
#4347 = LINE('',#4348,#4349);
#4348 = CARTESIAN_POINT('',(-1.15,2.75,0.));
#4349 = VECTOR('',#4350,1.);
#4350 = DIRECTION('',(3.445092848398E-16,1.,0.));
#4351 = ORIENTED_EDGE('',*,*,#4294,.T.);
#4352 = ORIENTED_EDGE('',*,*,#3537,.F.);
#4353 = ORIENTED_EDGE('',*,*,#3699,.F.);
#4354 = ORIENTED_EDGE('',*,*,#4355,.T.);
#4355 = EDGE_CURVE('',#3692,#4356,#4358,.T.);
#4356 = VERTEX_POINT('',#4357);
#4357 = CARTESIAN_POINT('',(-1.15,3.,0.2));
#4358 = LINE('',#4359,#4360);
#4359 = CARTESIAN_POINT('',(-1.15,2.75,0.2));
#4360 = VECTOR('',#4361,1.);
#4361 = DIRECTION('',(3.445092848398E-16,1.,0.));
#4362 = ORIENTED_EDGE('',*,*,#4363,.F.);
#4363 = EDGE_CURVE('',#4345,#4356,#4364,.T.);
#4364 = LINE('',#4365,#4366);
#4365 = CARTESIAN_POINT('',(-1.15,3.,0.));
#4366 = VECTOR('',#4367,1.);
#4367 = DIRECTION('',(0.,0.,1.));
#4368 = PLANE('',#4369);
#4369 = AXIS2_PLACEMENT_3D('',#4370,#4371,#4372);
#4370 = CARTESIAN_POINT('',(-1.15,2.75,0.));
#4371 = DIRECTION('',(-1.,3.445092848398E-16,0.));
#4372 = DIRECTION('',(3.445092848398E-16,1.,0.));
#4373 = ADVANCED_FACE('',(#4374),#4401,.F.);
#4374 = FACE_BOUND('',#4375,.F.);
#4375 = EDGE_LOOP('',(#4376,#4384,#4392,#4398,#4399,#4400));
#4376 = ORIENTED_EDGE('',*,*,#4377,.F.);
#4377 = EDGE_CURVE('',#4378,#4322,#4380,.T.);
#4378 = VERTEX_POINT('',#4379);
#4379 = CARTESIAN_POINT('',(-3.,1.15,0.));
#4380 = LINE('',#4381,#4382);
#4381 = CARTESIAN_POINT('',(-3.,1.15,0.));
#4382 = VECTOR('',#4383,1.);
#4383 = DIRECTION('',(1.,-4.669739647545E-16,0.));
#4384 = ORIENTED_EDGE('',*,*,#4385,.T.);
#4385 = EDGE_CURVE('',#4378,#4386,#4388,.T.);
#4386 = VERTEX_POINT('',#4387);
#4387 = CARTESIAN_POINT('',(-3.,1.15,0.2));
#4388 = LINE('',#4389,#4390);
#4389 = CARTESIAN_POINT('',(-3.,1.15,0.));
#4390 = VECTOR('',#4391,1.);
#4391 = DIRECTION('',(0.,0.,1.));
#4392 = ORIENTED_EDGE('',*,*,#4393,.T.);
#4393 = EDGE_CURVE('',#4386,#3966,#4394,.T.);
#4394 = LINE('',#4395,#4396);
#4395 = CARTESIAN_POINT('',(-3.,1.15,0.2));
#4396 = VECTOR('',#4397,1.);
#4397 = DIRECTION('',(1.,-4.669739647545E-16,0.));
#4398 = ORIENTED_EDGE('',*,*,#3965,.F.);
#4399 = ORIENTED_EDGE('',*,*,#2729,.F.);
#4400 = ORIENTED_EDGE('',*,*,#4321,.F.);
#4401 = PLANE('',#4402);
#4402 = AXIS2_PLACEMENT_3D('',#4403,#4404,#4405);
#4403 = CARTESIAN_POINT('',(-3.,1.15,0.));
#4404 = DIRECTION('',(4.669739647545E-16,1.,0.));
#4405 = DIRECTION('',(1.,-4.669739647545E-16,0.));
#4406 = ADVANCED_FACE('',(#4407),#4441,.F.);
#4407 = FACE_BOUND('',#4408,.F.);
#4408 = EDGE_LOOP('',(#4409,#4419,#4425,#4426,#4427,#4435));
#4409 = ORIENTED_EDGE('',*,*,#4410,.F.);
#4410 = EDGE_CURVE('',#4411,#4413,#4415,.T.);
#4411 = VERTEX_POINT('',#4412);
#4412 = CARTESIAN_POINT('',(-2.75,0.8,0.));
#4413 = VERTEX_POINT('',#4414);
#4414 = CARTESIAN_POINT('',(-3.,0.8,0.));
#4415 = LINE('',#4416,#4417);
#4416 = CARTESIAN_POINT('',(-2.75,0.8,0.));
#4417 = VECTOR('',#4418,1.);
#4418 = DIRECTION('',(-1.,3.55951662292E-16,0.));
#4419 = ORIENTED_EDGE('',*,*,#4420,.T.);
#4420 = EDGE_CURVE('',#4411,#2746,#4421,.T.);
#4421 = LINE('',#4422,#4423);
#4422 = CARTESIAN_POINT('',(-2.75,0.8,0.));
#4423 = VECTOR('',#4424,1.);
#4424 = DIRECTION('',(0.,0.,1.));
#4425 = ORIENTED_EDGE('',*,*,#2745,.F.);
#4426 = ORIENTED_EDGE('',*,*,#3958,.F.);
#4427 = ORIENTED_EDGE('',*,*,#4428,.T.);
#4428 = EDGE_CURVE('',#3951,#4429,#4431,.T.);
#4429 = VERTEX_POINT('',#4430);
#4430 = CARTESIAN_POINT('',(-3.,0.8,0.2));
#4431 = LINE('',#4432,#4433);
#4432 = CARTESIAN_POINT('',(-2.75,0.8,0.2));
#4433 = VECTOR('',#4434,1.);
#4434 = DIRECTION('',(-1.,3.55951662292E-16,0.));
#4435 = ORIENTED_EDGE('',*,*,#4436,.F.);
#4436 = EDGE_CURVE('',#4413,#4429,#4437,.T.);
#4437 = LINE('',#4438,#4439);
#4438 = CARTESIAN_POINT('',(-3.,0.8,0.));
#4439 = VECTOR('',#4440,1.);
#4440 = DIRECTION('',(0.,0.,1.));
#4441 = PLANE('',#4442);
#4442 = AXIS2_PLACEMENT_3D('',#4443,#4444,#4445);
#4443 = CARTESIAN_POINT('',(-2.75,0.8,0.));
#4444 = DIRECTION('',(-3.55951662292E-16,-1.,0.));
#4445 = DIRECTION('',(-1.,3.55951662292E-16,0.));
#4446 = ADVANCED_FACE('',(#4447),#4466,.T.);
#4447 = FACE_BOUND('',#4448,.T.);
#4448 = EDGE_LOOP('',(#4449,#4450,#4451,#4459));
#4449 = ORIENTED_EDGE('',*,*,#4420,.T.);
#4450 = ORIENTED_EDGE('',*,*,#2753,.T.);
#4451 = ORIENTED_EDGE('',*,*,#4452,.F.);
#4452 = EDGE_CURVE('',#4453,#2754,#4455,.T.);
#4453 = VERTEX_POINT('',#4454);
#4454 = CARTESIAN_POINT('',(-2.75,0.5,0.));
#4455 = LINE('',#4456,#4457);
#4456 = CARTESIAN_POINT('',(-2.75,0.5,0.));
#4457 = VECTOR('',#4458,1.);
#4458 = DIRECTION('',(0.,0.,1.));
#4459 = ORIENTED_EDGE('',*,*,#4460,.T.);
#4460 = EDGE_CURVE('',#4453,#4411,#4461,.T.);
#4461 = CIRCLE('',#4462,0.15);
#4462 = AXIS2_PLACEMENT_3D('',#4463,#4464,#4465);
#4463 = CARTESIAN_POINT('',(-2.75,0.65,0.));
#4464 = DIRECTION('',(0.,0.,1.));
#4465 = DIRECTION('',(-4.669739647545E-16,-1.,0.));
#4466 = CYLINDRICAL_SURFACE('',#4467,0.15);
#4467 = AXIS2_PLACEMENT_3D('',#4468,#4469,#4470);
#4468 = CARTESIAN_POINT('',(-2.75,0.65,0.));
#4469 = DIRECTION('',(0.,0.,-1.));
#4470 = DIRECTION('',(-4.669739647545E-16,-1.,-0.));
#4471 = ADVANCED_FACE('',(#4472),#4499,.F.);
#4472 = FACE_BOUND('',#4473,.F.);
#4473 = EDGE_LOOP('',(#4474,#4482,#4490,#4496,#4497,#4498));
#4474 = ORIENTED_EDGE('',*,*,#4475,.F.);
#4475 = EDGE_CURVE('',#4476,#4453,#4478,.T.);
#4476 = VERTEX_POINT('',#4477);
#4477 = CARTESIAN_POINT('',(-3.,0.5,0.));
#4478 = LINE('',#4479,#4480);
#4479 = CARTESIAN_POINT('',(-3.,0.5,0.));
#4480 = VECTOR('',#4481,1.);
#4481 = DIRECTION('',(1.,-4.669739647545E-16,0.));
#4482 = ORIENTED_EDGE('',*,*,#4483,.T.);
#4483 = EDGE_CURVE('',#4476,#4484,#4486,.T.);
#4484 = VERTEX_POINT('',#4485);
#4485 = CARTESIAN_POINT('',(-3.,0.5,0.2));
#4486 = LINE('',#4487,#4488);
#4487 = CARTESIAN_POINT('',(-3.,0.5,0.));
#4488 = VECTOR('',#4489,1.);
#4489 = DIRECTION('',(0.,0.,1.));
#4490 = ORIENTED_EDGE('',*,*,#4491,.T.);
#4491 = EDGE_CURVE('',#4484,#3943,#4492,.T.);
#4492 = LINE('',#4493,#4494);
#4493 = CARTESIAN_POINT('',(-3.,0.5,0.2));
#4494 = VECTOR('',#4495,1.);
#4495 = DIRECTION('',(1.,-4.669739647545E-16,0.));
#4496 = ORIENTED_EDGE('',*,*,#3942,.F.);
#4497 = ORIENTED_EDGE('',*,*,#2762,.F.);
#4498 = ORIENTED_EDGE('',*,*,#4452,.F.);
#4499 = PLANE('',#4500);
#4500 = AXIS2_PLACEMENT_3D('',#4501,#4502,#4503);
#4501 = CARTESIAN_POINT('',(-3.,0.5,0.));
#4502 = DIRECTION('',(4.669739647545E-16,1.,0.));
#4503 = DIRECTION('',(1.,-4.669739647545E-16,0.));
#4504 = ADVANCED_FACE('',(#4505),#4539,.F.);
#4505 = FACE_BOUND('',#4506,.F.);
#4506 = EDGE_LOOP('',(#4507,#4517,#4525,#4531,#4532,#4533));
#4507 = ORIENTED_EDGE('',*,*,#4508,.F.);
#4508 = EDGE_CURVE('',#4509,#4511,#4513,.T.);
#4509 = VERTEX_POINT('',#4510);
#4510 = CARTESIAN_POINT('',(-0.15,3.,0.));
#4511 = VERTEX_POINT('',#4512);
#4512 = CARTESIAN_POINT('',(-0.15,2.75,0.));
#4513 = LINE('',#4514,#4515);
#4514 = CARTESIAN_POINT('',(-0.15,3.,0.));
#4515 = VECTOR('',#4516,1.);
#4516 = DIRECTION('',(-4.555315873023E-16,-1.,0.));
#4517 = ORIENTED_EDGE('',*,*,#4518,.T.);
#4518 = EDGE_CURVE('',#4509,#4519,#4521,.T.);
#4519 = VERTEX_POINT('',#4520);
#4520 = CARTESIAN_POINT('',(-0.15,3.,0.2));
#4521 = LINE('',#4522,#4523);
#4522 = CARTESIAN_POINT('',(-0.15,3.,0.));
#4523 = VECTOR('',#4524,1.);
#4524 = DIRECTION('',(0.,0.,1.));
#4525 = ORIENTED_EDGE('',*,*,#4526,.T.);
#4526 = EDGE_CURVE('',#4519,#3716,#4527,.T.);
#4527 = LINE('',#4528,#4529);
#4528 = CARTESIAN_POINT('',(-0.15,3.,0.2));
#4529 = VECTOR('',#4530,1.);
#4530 = DIRECTION('',(-4.555315873023E-16,-1.,0.));
#4531 = ORIENTED_EDGE('',*,*,#3715,.F.);
#4532 = ORIENTED_EDGE('',*,*,#3512,.F.);
#4533 = ORIENTED_EDGE('',*,*,#4534,.F.);
#4534 = EDGE_CURVE('',#4511,#3504,#4535,.T.);
#4535 = LINE('',#4536,#4537);
#4536 = CARTESIAN_POINT('',(-0.15,2.75,0.));
#4537 = VECTOR('',#4538,1.);
#4538 = DIRECTION('',(0.,0.,1.));
#4539 = PLANE('',#4540);
#4540 = AXIS2_PLACEMENT_3D('',#4541,#4542,#4543);
#4541 = CARTESIAN_POINT('',(-0.15,3.,0.));
#4542 = DIRECTION('',(1.,-4.555315873023E-16,0.));
#4543 = DIRECTION('',(-4.555315873023E-16,-1.,0.));
#4544 = ADVANCED_FACE('',(#4545),#4579,.F.);
#4545 = FACE_BOUND('',#4546,.F.);
#4546 = EDGE_LOOP('',(#4547,#4557,#4563,#4564,#4565,#4573));
#4547 = ORIENTED_EDGE('',*,*,#4548,.F.);
#4548 = EDGE_CURVE('',#4549,#4551,#4553,.T.);
#4549 = VERTEX_POINT('',#4550);
#4550 = CARTESIAN_POINT('',(-2.75,0.15,0.));
#4551 = VERTEX_POINT('',#4552);
#4552 = CARTESIAN_POINT('',(-3.,0.15,0.));
#4553 = LINE('',#4554,#4555);
#4554 = CARTESIAN_POINT('',(-2.75,0.15,0.));
#4555 = VECTOR('',#4556,1.);
#4556 = DIRECTION('',(-1.,3.55951662292E-16,0.));
#4557 = ORIENTED_EDGE('',*,*,#4558,.T.);
#4558 = EDGE_CURVE('',#4549,#2779,#4559,.T.);
#4559 = LINE('',#4560,#4561);
#4560 = CARTESIAN_POINT('',(-2.75,0.15,0.));
#4561 = VECTOR('',#4562,1.);
#4562 = DIRECTION('',(0.,0.,1.));
#4563 = ORIENTED_EDGE('',*,*,#2778,.F.);
#4564 = ORIENTED_EDGE('',*,*,#3935,.F.);
#4565 = ORIENTED_EDGE('',*,*,#4566,.T.);
#4566 = EDGE_CURVE('',#3928,#4567,#4569,.T.);
#4567 = VERTEX_POINT('',#4568);
#4568 = CARTESIAN_POINT('',(-3.,0.15,0.2));
#4569 = LINE('',#4570,#4571);
#4570 = CARTESIAN_POINT('',(-2.75,0.15,0.2));
#4571 = VECTOR('',#4572,1.);
#4572 = DIRECTION('',(-1.,3.55951662292E-16,0.));
#4573 = ORIENTED_EDGE('',*,*,#4574,.F.);
#4574 = EDGE_CURVE('',#4551,#4567,#4575,.T.);
#4575 = LINE('',#4576,#4577);
#4576 = CARTESIAN_POINT('',(-3.,0.15,0.));
#4577 = VECTOR('',#4578,1.);
#4578 = DIRECTION('',(0.,0.,1.));
#4579 = PLANE('',#4580);
#4580 = AXIS2_PLACEMENT_3D('',#4581,#4582,#4583);
#4581 = CARTESIAN_POINT('',(-2.75,0.15,0.));
#4582 = DIRECTION('',(-3.55951662292E-16,-1.,0.));
#4583 = DIRECTION('',(-1.,3.55951662292E-16,0.));
#4584 = ADVANCED_FACE('',(#4585),#4604,.T.);
#4585 = FACE_BOUND('',#4586,.T.);
#4586 = EDGE_LOOP('',(#4587,#4595,#4596,#4597));
#4587 = ORIENTED_EDGE('',*,*,#4588,.T.);
#4588 = EDGE_CURVE('',#4589,#3496,#4591,.T.);
#4589 = VERTEX_POINT('',#4590);
#4590 = CARTESIAN_POINT('',(0.15,2.75,0.));
#4591 = LINE('',#4592,#4593);
#4592 = CARTESIAN_POINT('',(0.15,2.75,0.));
#4593 = VECTOR('',#4594,1.);
#4594 = DIRECTION('',(0.,0.,1.));
#4595 = ORIENTED_EDGE('',*,*,#3503,.T.);
#4596 = ORIENTED_EDGE('',*,*,#4534,.F.);
#4597 = ORIENTED_EDGE('',*,*,#4598,.T.);
#4598 = EDGE_CURVE('',#4511,#4589,#4599,.T.);
#4599 = CIRCLE('',#4600,0.15);
#4600 = AXIS2_PLACEMENT_3D('',#4601,#4602,#4603);
#4601 = CARTESIAN_POINT('',(9.436895709314E-16,2.75,0.));
#4602 = DIRECTION('',(0.,0.,1.));
#4603 = DIRECTION('',(-1.,4.555315873023E-16,0.));
#4604 = CYLINDRICAL_SURFACE('',#4605,0.15);
#4605 = AXIS2_PLACEMENT_3D('',#4606,#4607,#4608);
#4606 = CARTESIAN_POINT('',(9.436895709314E-16,2.75,0.));
#4607 = DIRECTION('',(0.,0.,-1.));
#4608 = DIRECTION('',(-1.,4.555315873023E-16,0.));
#4609 = ADVANCED_FACE('',(#4610),#4629,.T.);
#4610 = FACE_BOUND('',#4611,.T.);
#4611 = EDGE_LOOP('',(#4612,#4613,#4614,#4622));
#4612 = ORIENTED_EDGE('',*,*,#4558,.T.);
#4613 = ORIENTED_EDGE('',*,*,#2786,.T.);
#4614 = ORIENTED_EDGE('',*,*,#4615,.F.);
#4615 = EDGE_CURVE('',#4616,#2787,#4618,.T.);
#4616 = VERTEX_POINT('',#4617);
#4617 = CARTESIAN_POINT('',(-2.75,-0.15,0.));
#4618 = LINE('',#4619,#4620);
#4619 = CARTESIAN_POINT('',(-2.75,-0.15,0.));
#4620 = VECTOR('',#4621,1.);
#4621 = DIRECTION('',(0.,0.,1.));
#4622 = ORIENTED_EDGE('',*,*,#4623,.T.);
#4623 = EDGE_CURVE('',#4616,#4549,#4624,.T.);
#4624 = CIRCLE('',#4625,0.15);
#4625 = AXIS2_PLACEMENT_3D('',#4626,#4627,#4628);
#4626 = CARTESIAN_POINT('',(-2.75,9.71445146547E-16,0.));
#4627 = DIRECTION('',(0.,0.,1.));
#4628 = DIRECTION('',(-4.669739647545E-16,-1.,0.));
#4629 = CYLINDRICAL_SURFACE('',#4630,0.15);
#4630 = AXIS2_PLACEMENT_3D('',#4631,#4632,#4633);
#4631 = CARTESIAN_POINT('',(-2.75,9.71445146547E-16,0.));
#4632 = DIRECTION('',(0.,0.,-1.));
#4633 = DIRECTION('',(-4.669739647545E-16,-1.,-0.));
#4634 = ADVANCED_FACE('',(#4635),#4662,.F.);
#4635 = FACE_BOUND('',#4636,.F.);
#4636 = EDGE_LOOP('',(#4637,#4645,#4646,#4647,#4648,#4656));
#4637 = ORIENTED_EDGE('',*,*,#4638,.F.);
#4638 = EDGE_CURVE('',#4589,#4639,#4641,.T.);
#4639 = VERTEX_POINT('',#4640);
#4640 = CARTESIAN_POINT('',(0.15,3.,0.));
#4641 = LINE('',#4642,#4643);
#4642 = CARTESIAN_POINT('',(0.15,2.75,0.));
#4643 = VECTOR('',#4644,1.);
#4644 = DIRECTION('',(3.445092848398E-16,1.,0.));
#4645 = ORIENTED_EDGE('',*,*,#4588,.T.);
#4646 = ORIENTED_EDGE('',*,*,#3495,.F.);
#4647 = ORIENTED_EDGE('',*,*,#3731,.F.);
#4648 = ORIENTED_EDGE('',*,*,#4649,.T.);
#4649 = EDGE_CURVE('',#3724,#4650,#4652,.T.);
#4650 = VERTEX_POINT('',#4651);
#4651 = CARTESIAN_POINT('',(0.15,3.,0.2));
#4652 = LINE('',#4653,#4654);
#4653 = CARTESIAN_POINT('',(0.15,2.75,0.2));
#4654 = VECTOR('',#4655,1.);
#4655 = DIRECTION('',(3.445092848398E-16,1.,0.));
#4656 = ORIENTED_EDGE('',*,*,#4657,.F.);
#4657 = EDGE_CURVE('',#4639,#4650,#4658,.T.);
#4658 = LINE('',#4659,#4660);
#4659 = CARTESIAN_POINT('',(0.15,3.,0.));
#4660 = VECTOR('',#4661,1.);
#4661 = DIRECTION('',(0.,0.,1.));
#4662 = PLANE('',#4663);
#4663 = AXIS2_PLACEMENT_3D('',#4664,#4665,#4666);
#4664 = CARTESIAN_POINT('',(0.15,2.75,0.));
#4665 = DIRECTION('',(-1.,3.445092848398E-16,0.));
#4666 = DIRECTION('',(3.445092848398E-16,1.,0.));
#4667 = ADVANCED_FACE('',(#4668),#4695,.F.);
#4668 = FACE_BOUND('',#4669,.F.);
#4669 = EDGE_LOOP('',(#4670,#4678,#4686,#4692,#4693,#4694));
#4670 = ORIENTED_EDGE('',*,*,#4671,.F.);
#4671 = EDGE_CURVE('',#4672,#4616,#4674,.T.);
#4672 = VERTEX_POINT('',#4673);
#4673 = CARTESIAN_POINT('',(-3.,-0.15,0.));
#4674 = LINE('',#4675,#4676);
#4675 = CARTESIAN_POINT('',(-3.,-0.15,0.));
#4676 = VECTOR('',#4677,1.);
#4677 = DIRECTION('',(1.,-4.669739647545E-16,0.));
#4678 = ORIENTED_EDGE('',*,*,#4679,.T.);
#4679 = EDGE_CURVE('',#4672,#4680,#4682,.T.);
#4680 = VERTEX_POINT('',#4681);
#4681 = CARTESIAN_POINT('',(-3.,-0.15,0.2));
#4682 = LINE('',#4683,#4684);
#4683 = CARTESIAN_POINT('',(-3.,-0.15,0.));
#4684 = VECTOR('',#4685,1.);
#4685 = DIRECTION('',(0.,0.,1.));
#4686 = ORIENTED_EDGE('',*,*,#4687,.T.);
#4687 = EDGE_CURVE('',#4680,#3920,#4688,.T.);
#4688 = LINE('',#4689,#4690);
#4689 = CARTESIAN_POINT('',(-3.,-0.15,0.2));
#4690 = VECTOR('',#4691,1.);
#4691 = DIRECTION('',(1.,-4.669739647545E-16,0.));
#4692 = ORIENTED_EDGE('',*,*,#3919,.F.);
#4693 = ORIENTED_EDGE('',*,*,#2795,.F.);
#4694 = ORIENTED_EDGE('',*,*,#4615,.F.);
#4695 = PLANE('',#4696);
#4696 = AXIS2_PLACEMENT_3D('',#4697,#4698,#4699);
#4697 = CARTESIAN_POINT('',(-3.,-0.15,0.));
#4698 = DIRECTION('',(4.669739647545E-16,1.,0.));
#4699 = DIRECTION('',(1.,-4.669739647545E-16,0.));
#4700 = ADVANCED_FACE('',(#4701),#4735,.F.);
#4701 = FACE_BOUND('',#4702,.F.);
#4702 = EDGE_LOOP('',(#4703,#4713,#4721,#4727,#4728,#4729));
#4703 = ORIENTED_EDGE('',*,*,#4704,.F.);
#4704 = EDGE_CURVE('',#4705,#4707,#4709,.T.);
#4705 = VERTEX_POINT('',#4706);
#4706 = CARTESIAN_POINT('',(0.5,3.,0.));
#4707 = VERTEX_POINT('',#4708);
#4708 = CARTESIAN_POINT('',(0.5,2.75,0.));
#4709 = LINE('',#4710,#4711);
#4710 = CARTESIAN_POINT('',(0.5,3.,0.));
#4711 = VECTOR('',#4712,1.);
#4712 = DIRECTION('',(-4.555315873023E-16,-1.,0.));
#4713 = ORIENTED_EDGE('',*,*,#4714,.T.);
#4714 = EDGE_CURVE('',#4705,#4715,#4717,.T.);
#4715 = VERTEX_POINT('',#4716);
#4716 = CARTESIAN_POINT('',(0.5,3.,0.2));
#4717 = LINE('',#4718,#4719);
#4718 = CARTESIAN_POINT('',(0.5,3.,0.));
#4719 = VECTOR('',#4720,1.);
#4720 = DIRECTION('',(0.,0.,1.));
#4721 = ORIENTED_EDGE('',*,*,#4722,.T.);
#4722 = EDGE_CURVE('',#4715,#3739,#4723,.T.);
#4723 = LINE('',#4724,#4725);
#4724 = CARTESIAN_POINT('',(0.5,3.,0.2));
#4725 = VECTOR('',#4726,1.);
#4726 = DIRECTION('',(-4.555315873023E-16,-1.,0.));
#4727 = ORIENTED_EDGE('',*,*,#3738,.F.);
#4728 = ORIENTED_EDGE('',*,*,#3479,.F.);
#4729 = ORIENTED_EDGE('',*,*,#4730,.F.);
#4730 = EDGE_CURVE('',#4707,#3471,#4731,.T.);
#4731 = LINE('',#4732,#4733);
#4732 = CARTESIAN_POINT('',(0.5,2.75,0.));
#4733 = VECTOR('',#4734,1.);
#4734 = DIRECTION('',(0.,0.,1.));
#4735 = PLANE('',#4736);
#4736 = AXIS2_PLACEMENT_3D('',#4737,#4738,#4739);
#4737 = CARTESIAN_POINT('',(0.5,3.,0.));
#4738 = DIRECTION('',(1.,-4.555315873023E-16,0.));
#4739 = DIRECTION('',(-4.555315873023E-16,-1.,0.));
#4740 = ADVANCED_FACE('',(#4741),#4775,.F.);
#4741 = FACE_BOUND('',#4742,.F.);
#4742 = EDGE_LOOP('',(#4743,#4753,#4759,#4760,#4761,#4769));
#4743 = ORIENTED_EDGE('',*,*,#4744,.F.);
#4744 = EDGE_CURVE('',#4745,#4747,#4749,.T.);
#4745 = VERTEX_POINT('',#4746);
#4746 = CARTESIAN_POINT('',(-2.75,-0.5,0.));
#4747 = VERTEX_POINT('',#4748);
#4748 = CARTESIAN_POINT('',(-3.,-0.5,0.));
#4749 = LINE('',#4750,#4751);
#4750 = CARTESIAN_POINT('',(-2.75,-0.5,0.));
#4751 = VECTOR('',#4752,1.);
#4752 = DIRECTION('',(-1.,3.55951662292E-16,0.));
#4753 = ORIENTED_EDGE('',*,*,#4754,.T.);
#4754 = EDGE_CURVE('',#4745,#2812,#4755,.T.);
#4755 = LINE('',#4756,#4757);
#4756 = CARTESIAN_POINT('',(-2.75,-0.5,0.));
#4757 = VECTOR('',#4758,1.);
#4758 = DIRECTION('',(0.,0.,1.));
#4759 = ORIENTED_EDGE('',*,*,#2811,.F.);
#4760 = ORIENTED_EDGE('',*,*,#3912,.F.);
#4761 = ORIENTED_EDGE('',*,*,#4762,.T.);
#4762 = EDGE_CURVE('',#3905,#4763,#4765,.T.);
#4763 = VERTEX_POINT('',#4764);
#4764 = CARTESIAN_POINT('',(-3.,-0.5,0.2));
#4765 = LINE('',#4766,#4767);
#4766 = CARTESIAN_POINT('',(-2.75,-0.5,0.2));
#4767 = VECTOR('',#4768,1.);
#4768 = DIRECTION('',(-1.,3.55951662292E-16,0.));
#4769 = ORIENTED_EDGE('',*,*,#4770,.F.);
#4770 = EDGE_CURVE('',#4747,#4763,#4771,.T.);
#4771 = LINE('',#4772,#4773);
#4772 = CARTESIAN_POINT('',(-3.,-0.5,0.));
#4773 = VECTOR('',#4774,1.);
#4774 = DIRECTION('',(0.,0.,1.));
#4775 = PLANE('',#4776);
#4776 = AXIS2_PLACEMENT_3D('',#4777,#4778,#4779);
#4777 = CARTESIAN_POINT('',(-2.75,-0.5,0.));
#4778 = DIRECTION('',(-3.55951662292E-16,-1.,0.));
#4779 = DIRECTION('',(-1.,3.55951662292E-16,0.));
#4780 = ADVANCED_FACE('',(#4781),#4800,.T.);
#4781 = FACE_BOUND('',#4782,.T.);
#4782 = EDGE_LOOP('',(#4783,#4791,#4792,#4793));
#4783 = ORIENTED_EDGE('',*,*,#4784,.T.);
#4784 = EDGE_CURVE('',#4785,#3463,#4787,.T.);
#4785 = VERTEX_POINT('',#4786);
#4786 = CARTESIAN_POINT('',(0.8,2.75,0.));
#4787 = LINE('',#4788,#4789);
#4788 = CARTESIAN_POINT('',(0.8,2.75,0.));
#4789 = VECTOR('',#4790,1.);
#4790 = DIRECTION('',(0.,0.,1.));
#4791 = ORIENTED_EDGE('',*,*,#3470,.T.);
#4792 = ORIENTED_EDGE('',*,*,#4730,.F.);
#4793 = ORIENTED_EDGE('',*,*,#4794,.T.);
#4794 = EDGE_CURVE('',#4707,#4785,#4795,.T.);
#4795 = CIRCLE('',#4796,0.15);
#4796 = AXIS2_PLACEMENT_3D('',#4797,#4798,#4799);
#4797 = CARTESIAN_POINT('',(0.65,2.75,0.));
#4798 = DIRECTION('',(0.,0.,1.));
#4799 = DIRECTION('',(-1.,4.555315873023E-16,0.));
#4800 = CYLINDRICAL_SURFACE('',#4801,0.15);
#4801 = AXIS2_PLACEMENT_3D('',#4802,#4803,#4804);
#4802 = CARTESIAN_POINT('',(0.65,2.75,0.));
#4803 = DIRECTION('',(0.,0.,-1.));
#4804 = DIRECTION('',(-1.,4.555315873023E-16,0.));
#4805 = ADVANCED_FACE('',(#4806),#4825,.T.);
#4806 = FACE_BOUND('',#4807,.T.);
#4807 = EDGE_LOOP('',(#4808,#4809,#4810,#4818));
#4808 = ORIENTED_EDGE('',*,*,#4754,.T.);
#4809 = ORIENTED_EDGE('',*,*,#2819,.T.);
#4810 = ORIENTED_EDGE('',*,*,#4811,.F.);
#4811 = EDGE_CURVE('',#4812,#2820,#4814,.T.);
#4812 = VERTEX_POINT('',#4813);
#4813 = CARTESIAN_POINT('',(-2.75,-0.8,0.));
#4814 = LINE('',#4815,#4816);
#4815 = CARTESIAN_POINT('',(-2.75,-0.8,0.));
#4816 = VECTOR('',#4817,1.);
#4817 = DIRECTION('',(0.,0.,1.));
#4818 = ORIENTED_EDGE('',*,*,#4819,.T.);
#4819 = EDGE_CURVE('',#4812,#4745,#4820,.T.);
#4820 = CIRCLE('',#4821,0.15);
#4821 = AXIS2_PLACEMENT_3D('',#4822,#4823,#4824);
#4822 = CARTESIAN_POINT('',(-2.75,-0.65,0.));
#4823 = DIRECTION('',(0.,0.,1.));
#4824 = DIRECTION('',(-4.669739647545E-16,-1.,0.));
#4825 = CYLINDRICAL_SURFACE('',#4826,0.15);
#4826 = AXIS2_PLACEMENT_3D('',#4827,#4828,#4829);
#4827 = CARTESIAN_POINT('',(-2.75,-0.65,0.));
#4828 = DIRECTION('',(0.,0.,-1.));
#4829 = DIRECTION('',(-4.669739647545E-16,-1.,-0.));
#4830 = ADVANCED_FACE('',(#4831),#4858,.F.);
#4831 = FACE_BOUND('',#4832,.F.);
#4832 = EDGE_LOOP('',(#4833,#4841,#4842,#4843,#4844,#4852));
#4833 = ORIENTED_EDGE('',*,*,#4834,.F.);
#4834 = EDGE_CURVE('',#4785,#4835,#4837,.T.);
#4835 = VERTEX_POINT('',#4836);
#4836 = CARTESIAN_POINT('',(0.8,3.,0.));
#4837 = LINE('',#4838,#4839);
#4838 = CARTESIAN_POINT('',(0.8,2.75,0.));
#4839 = VECTOR('',#4840,1.);
#4840 = DIRECTION('',(3.445092848398E-16,1.,0.));
#4841 = ORIENTED_EDGE('',*,*,#4784,.T.);
#4842 = ORIENTED_EDGE('',*,*,#3462,.F.);
#4843 = ORIENTED_EDGE('',*,*,#3754,.F.);
#4844 = ORIENTED_EDGE('',*,*,#4845,.T.);
#4845 = EDGE_CURVE('',#3747,#4846,#4848,.T.);
#4846 = VERTEX_POINT('',#4847);
#4847 = CARTESIAN_POINT('',(0.8,3.,0.2));
#4848 = LINE('',#4849,#4850);
#4849 = CARTESIAN_POINT('',(0.8,2.75,0.2));
#4850 = VECTOR('',#4851,1.);
#4851 = DIRECTION('',(3.445092848398E-16,1.,0.));
#4852 = ORIENTED_EDGE('',*,*,#4853,.F.);
#4853 = EDGE_CURVE('',#4835,#4846,#4854,.T.);
#4854 = LINE('',#4855,#4856);
#4855 = CARTESIAN_POINT('',(0.8,3.,0.));
#4856 = VECTOR('',#4857,1.);
#4857 = DIRECTION('',(0.,0.,1.));
#4858 = PLANE('',#4859);
#4859 = AXIS2_PLACEMENT_3D('',#4860,#4861,#4862);
#4860 = CARTESIAN_POINT('',(0.8,2.75,0.));
#4861 = DIRECTION('',(-1.,3.445092848398E-16,0.));
#4862 = DIRECTION('',(3.445092848398E-16,1.,0.));
#4863 = ADVANCED_FACE('',(#4864),#4891,.F.);
#4864 = FACE_BOUND('',#4865,.F.);
#4865 = EDGE_LOOP('',(#4866,#4874,#4882,#4888,#4889,#4890));
#4866 = ORIENTED_EDGE('',*,*,#4867,.F.);
#4867 = EDGE_CURVE('',#4868,#4812,#4870,.T.);
#4868 = VERTEX_POINT('',#4869);
#4869 = CARTESIAN_POINT('',(-3.,-0.8,0.));
#4870 = LINE('',#4871,#4872);
#4871 = CARTESIAN_POINT('',(-3.,-0.8,0.));
#4872 = VECTOR('',#4873,1.);
#4873 = DIRECTION('',(1.,-4.669739647545E-16,0.));
#4874 = ORIENTED_EDGE('',*,*,#4875,.T.);
#4875 = EDGE_CURVE('',#4868,#4876,#4878,.T.);
#4876 = VERTEX_POINT('',#4877);
#4877 = CARTESIAN_POINT('',(-3.,-0.8,0.2));
#4878 = LINE('',#4879,#4880);
#4879 = CARTESIAN_POINT('',(-3.,-0.8,0.));
#4880 = VECTOR('',#4881,1.);
#4881 = DIRECTION('',(0.,0.,1.));
#4882 = ORIENTED_EDGE('',*,*,#4883,.T.);
#4883 = EDGE_CURVE('',#4876,#3897,#4884,.T.);
#4884 = LINE('',#4885,#4886);
#4885 = CARTESIAN_POINT('',(-3.,-0.8,0.2));
#4886 = VECTOR('',#4887,1.);
#4887 = DIRECTION('',(1.,-4.669739647545E-16,0.));
#4888 = ORIENTED_EDGE('',*,*,#3896,.F.);
#4889 = ORIENTED_EDGE('',*,*,#2828,.F.);
#4890 = ORIENTED_EDGE('',*,*,#4811,.F.);
#4891 = PLANE('',#4892);
#4892 = AXIS2_PLACEMENT_3D('',#4893,#4894,#4895);
#4893 = CARTESIAN_POINT('',(-3.,-0.8,0.));
#4894 = DIRECTION('',(4.669739647545E-16,1.,0.));
#4895 = DIRECTION('',(1.,-4.669739647545E-16,0.));
#4896 = ADVANCED_FACE('',(#4897),#4931,.F.);
#4897 = FACE_BOUND('',#4898,.F.);
#4898 = EDGE_LOOP('',(#4899,#4909,#4917,#4923,#4924,#4925));
#4899 = ORIENTED_EDGE('',*,*,#4900,.F.);
#4900 = EDGE_CURVE('',#4901,#4903,#4905,.T.);
#4901 = VERTEX_POINT('',#4902);
#4902 = CARTESIAN_POINT('',(1.15,3.,0.));
#4903 = VERTEX_POINT('',#4904);
#4904 = CARTESIAN_POINT('',(1.15,2.75,0.));
#4905 = LINE('',#4906,#4907);
#4906 = CARTESIAN_POINT('',(1.15,3.,0.));
#4907 = VECTOR('',#4908,1.);
#4908 = DIRECTION('',(-4.555315873023E-16,-1.,0.));
#4909 = ORIENTED_EDGE('',*,*,#4910,.T.);
#4910 = EDGE_CURVE('',#4901,#4911,#4913,.T.);
#4911 = VERTEX_POINT('',#4912);
#4912 = CARTESIAN_POINT('',(1.15,3.,0.2));
#4913 = LINE('',#4914,#4915);
#4914 = CARTESIAN_POINT('',(1.15,3.,0.));
#4915 = VECTOR('',#4916,1.);
#4916 = DIRECTION('',(0.,0.,1.));
#4917 = ORIENTED_EDGE('',*,*,#4918,.T.);
#4918 = EDGE_CURVE('',#4911,#3762,#4919,.T.);
#4919 = LINE('',#4920,#4921);
#4920 = CARTESIAN_POINT('',(1.15,3.,0.2));
#4921 = VECTOR('',#4922,1.);
#4922 = DIRECTION('',(-4.555315873023E-16,-1.,0.));
#4923 = ORIENTED_EDGE('',*,*,#3761,.F.);
#4924 = ORIENTED_EDGE('',*,*,#3446,.F.);
#4925 = ORIENTED_EDGE('',*,*,#4926,.F.);
#4926 = EDGE_CURVE('',#4903,#3438,#4927,.T.);
#4927 = LINE('',#4928,#4929);
#4928 = CARTESIAN_POINT('',(1.15,2.75,0.));
#4929 = VECTOR('',#4930,1.);
#4930 = DIRECTION('',(0.,0.,1.));
#4931 = PLANE('',#4932);
#4932 = AXIS2_PLACEMENT_3D('',#4933,#4934,#4935);
#4933 = CARTESIAN_POINT('',(1.15,3.,0.));
#4934 = DIRECTION('',(1.,-4.555315873023E-16,0.));
#4935 = DIRECTION('',(-4.555315873023E-16,-1.,0.));
#4936 = ADVANCED_FACE('',(#4937),#4971,.F.);
#4937 = FACE_BOUND('',#4938,.F.);
#4938 = EDGE_LOOP('',(#4939,#4949,#4955,#4956,#4957,#4965));
#4939 = ORIENTED_EDGE('',*,*,#4940,.F.);
#4940 = EDGE_CURVE('',#4941,#4943,#4945,.T.);
#4941 = VERTEX_POINT('',#4942);
#4942 = CARTESIAN_POINT('',(-2.75,-1.15,0.));
#4943 = VERTEX_POINT('',#4944);
#4944 = CARTESIAN_POINT('',(-3.,-1.15,0.));
#4945 = LINE('',#4946,#4947);
#4946 = CARTESIAN_POINT('',(-2.75,-1.15,0.));
#4947 = VECTOR('',#4948,1.);
#4948 = DIRECTION('',(-1.,3.55951662292E-16,0.));
#4949 = ORIENTED_EDGE('',*,*,#4950,.T.);
#4950 = EDGE_CURVE('',#4941,#2845,#4951,.T.);
#4951 = LINE('',#4952,#4953);
#4952 = CARTESIAN_POINT('',(-2.75,-1.15,0.));
#4953 = VECTOR('',#4954,1.);
#4954 = DIRECTION('',(0.,0.,1.));
#4955 = ORIENTED_EDGE('',*,*,#2844,.F.);
#4956 = ORIENTED_EDGE('',*,*,#3889,.F.);
#4957 = ORIENTED_EDGE('',*,*,#4958,.T.);
#4958 = EDGE_CURVE('',#3882,#4959,#4961,.T.);
#4959 = VERTEX_POINT('',#4960);
#4960 = CARTESIAN_POINT('',(-3.,-1.15,0.2));
#4961 = LINE('',#4962,#4963);
#4962 = CARTESIAN_POINT('',(-2.75,-1.15,0.2));
#4963 = VECTOR('',#4964,1.);
#4964 = DIRECTION('',(-1.,3.55951662292E-16,0.));
#4965 = ORIENTED_EDGE('',*,*,#4966,.F.);
#4966 = EDGE_CURVE('',#4943,#4959,#4967,.T.);
#4967 = LINE('',#4968,#4969);
#4968 = CARTESIAN_POINT('',(-3.,-1.15,0.));
#4969 = VECTOR('',#4970,1.);
#4970 = DIRECTION('',(0.,0.,1.));
#4971 = PLANE('',#4972);
#4972 = AXIS2_PLACEMENT_3D('',#4973,#4974,#4975);
#4973 = CARTESIAN_POINT('',(-2.75,-1.15,0.));
#4974 = DIRECTION('',(-3.55951662292E-16,-1.,0.));
#4975 = DIRECTION('',(-1.,3.55951662292E-16,0.));
#4976 = ADVANCED_FACE('',(#4977),#4996,.T.);
#4977 = FACE_BOUND('',#4978,.T.);
#4978 = EDGE_LOOP('',(#4979,#4987,#4988,#4989));
#4979 = ORIENTED_EDGE('',*,*,#4980,.T.);
#4980 = EDGE_CURVE('',#4981,#3430,#4983,.T.);
#4981 = VERTEX_POINT('',#4982);
#4982 = CARTESIAN_POINT('',(1.45,2.75,0.));
#4983 = LINE('',#4984,#4985);
#4984 = CARTESIAN_POINT('',(1.45,2.75,0.));
#4985 = VECTOR('',#4986,1.);
#4986 = DIRECTION('',(0.,0.,1.));
#4987 = ORIENTED_EDGE('',*,*,#3437,.T.);
#4988 = ORIENTED_EDGE('',*,*,#4926,.F.);
#4989 = ORIENTED_EDGE('',*,*,#4990,.T.);
#4990 = EDGE_CURVE('',#4903,#4981,#4991,.T.);
#4991 = CIRCLE('',#4992,0.15);
#4992 = AXIS2_PLACEMENT_3D('',#4993,#4994,#4995);
#4993 = CARTESIAN_POINT('',(1.3,2.75,0.));
#4994 = DIRECTION('',(0.,0.,1.));
#4995 = DIRECTION('',(-1.,4.555315873023E-16,0.));
#4996 = CYLINDRICAL_SURFACE('',#4997,0.15);
#4997 = AXIS2_PLACEMENT_3D('',#4998,#4999,#5000);
#4998 = CARTESIAN_POINT('',(1.3,2.75,0.));
#4999 = DIRECTION('',(0.,0.,-1.));
#5000 = DIRECTION('',(-1.,4.555315873023E-16,0.));
#5001 = ADVANCED_FACE('',(#5002),#5021,.T.);
#5002 = FACE_BOUND('',#5003,.T.);
#5003 = EDGE_LOOP('',(#5004,#5005,#5006,#5014));
#5004 = ORIENTED_EDGE('',*,*,#4950,.T.);
#5005 = ORIENTED_EDGE('',*,*,#2852,.T.);
#5006 = ORIENTED_EDGE('',*,*,#5007,.F.);
#5007 = EDGE_CURVE('',#5008,#2853,#5010,.T.);
#5008 = VERTEX_POINT('',#5009);
#5009 = CARTESIAN_POINT('',(-2.75,-1.45,0.));
#5010 = LINE('',#5011,#5012);
#5011 = CARTESIAN_POINT('',(-2.75,-1.45,0.));
#5012 = VECTOR('',#5013,1.);
#5013 = DIRECTION('',(0.,0.,1.));
#5014 = ORIENTED_EDGE('',*,*,#5015,.T.);
#5015 = EDGE_CURVE('',#5008,#4941,#5016,.T.);
#5016 = CIRCLE('',#5017,0.15);
#5017 = AXIS2_PLACEMENT_3D('',#5018,#5019,#5020);
#5018 = CARTESIAN_POINT('',(-2.75,-1.3,0.));
#5019 = DIRECTION('',(0.,0.,1.));
#5020 = DIRECTION('',(-4.669739647545E-16,-1.,0.));
#5021 = CYLINDRICAL_SURFACE('',#5022,0.15);
#5022 = AXIS2_PLACEMENT_3D('',#5023,#5024,#5025);
#5023 = CARTESIAN_POINT('',(-2.75,-1.3,0.));
#5024 = DIRECTION('',(0.,0.,-1.));
#5025 = DIRECTION('',(-4.669739647545E-16,-1.,-0.));
#5026 = ADVANCED_FACE('',(#5027),#5054,.F.);
#5027 = FACE_BOUND('',#5028,.F.);
#5028 = EDGE_LOOP('',(#5029,#5037,#5038,#5039,#5040,#5048));
#5029 = ORIENTED_EDGE('',*,*,#5030,.F.);
#5030 = EDGE_CURVE('',#4981,#5031,#5033,.T.);
#5031 = VERTEX_POINT('',#5032);
#5032 = CARTESIAN_POINT('',(1.45,3.,0.));
#5033 = LINE('',#5034,#5035);
#5034 = CARTESIAN_POINT('',(1.45,2.75,0.));
#5035 = VECTOR('',#5036,1.);
#5036 = DIRECTION('',(3.445092848398E-16,1.,0.));
#5037 = ORIENTED_EDGE('',*,*,#4980,.T.);
#5038 = ORIENTED_EDGE('',*,*,#3429,.F.);
#5039 = ORIENTED_EDGE('',*,*,#3777,.F.);
#5040 = ORIENTED_EDGE('',*,*,#5041,.T.);
#5041 = EDGE_CURVE('',#3770,#5042,#5044,.T.);
#5042 = VERTEX_POINT('',#5043);
#5043 = CARTESIAN_POINT('',(1.45,3.,0.2));
#5044 = LINE('',#5045,#5046);
#5045 = CARTESIAN_POINT('',(1.45,2.75,0.2));
#5046 = VECTOR('',#5047,1.);
#5047 = DIRECTION('',(3.445092848398E-16,1.,0.));
#5048 = ORIENTED_EDGE('',*,*,#5049,.F.);
#5049 = EDGE_CURVE('',#5031,#5042,#5050,.T.);
#5050 = LINE('',#5051,#5052);
#5051 = CARTESIAN_POINT('',(1.45,3.,0.));
#5052 = VECTOR('',#5053,1.);
#5053 = DIRECTION('',(0.,0.,1.));
#5054 = PLANE('',#5055);
#5055 = AXIS2_PLACEMENT_3D('',#5056,#5057,#5058);
#5056 = CARTESIAN_POINT('',(1.45,2.75,0.));
#5057 = DIRECTION('',(-1.,3.445092848398E-16,0.));
#5058 = DIRECTION('',(3.445092848398E-16,1.,0.));
#5059 = ADVANCED_FACE('',(#5060),#5087,.F.);
#5060 = FACE_BOUND('',#5061,.F.);
#5061 = EDGE_LOOP('',(#5062,#5070,#5078,#5084,#5085,#5086));
#5062 = ORIENTED_EDGE('',*,*,#5063,.F.);
#5063 = EDGE_CURVE('',#5064,#5008,#5066,.T.);
#5064 = VERTEX_POINT('',#5065);
#5065 = CARTESIAN_POINT('',(-3.,-1.45,0.));
#5066 = LINE('',#5067,#5068);
#5067 = CARTESIAN_POINT('',(-3.,-1.45,0.));
#5068 = VECTOR('',#5069,1.);
#5069 = DIRECTION('',(1.,-4.669739647545E-16,0.));
#5070 = ORIENTED_EDGE('',*,*,#5071,.T.);
#5071 = EDGE_CURVE('',#5064,#5072,#5074,.T.);
#5072 = VERTEX_POINT('',#5073);
#5073 = CARTESIAN_POINT('',(-3.,-1.45,0.2));
#5074 = LINE('',#5075,#5076);
#5075 = CARTESIAN_POINT('',(-3.,-1.45,0.));
#5076 = VECTOR('',#5077,1.);
#5077 = DIRECTION('',(0.,0.,1.));
#5078 = ORIENTED_EDGE('',*,*,#5079,.T.);
#5079 = EDGE_CURVE('',#5072,#3874,#5080,.T.);
#5080 = LINE('',#5081,#5082);
#5081 = CARTESIAN_POINT('',(-3.,-1.45,0.2));
#5082 = VECTOR('',#5083,1.);
#5083 = DIRECTION('',(1.,-4.669739647545E-16,0.));
#5084 = ORIENTED_EDGE('',*,*,#3873,.F.);
#5085 = ORIENTED_EDGE('',*,*,#2861,.F.);
#5086 = ORIENTED_EDGE('',*,*,#5007,.F.);
#5087 = PLANE('',#5088);
#5088 = AXIS2_PLACEMENT_3D('',#5089,#5090,#5091);
#5089 = CARTESIAN_POINT('',(-3.,-1.45,0.));
#5090 = DIRECTION('',(4.669739647545E-16,1.,0.));
#5091 = DIRECTION('',(1.,-4.669739647545E-16,0.));
#5092 = ADVANCED_FACE('',(#5093),#5127,.F.);
#5093 = FACE_BOUND('',#5094,.F.);
#5094 = EDGE_LOOP('',(#5095,#5105,#5113,#5119,#5120,#5121));
#5095 = ORIENTED_EDGE('',*,*,#5096,.F.);
#5096 = EDGE_CURVE('',#5097,#5099,#5101,.T.);
#5097 = VERTEX_POINT('',#5098);
#5098 = CARTESIAN_POINT('',(1.8,3.,0.));
#5099 = VERTEX_POINT('',#5100);
#5100 = CARTESIAN_POINT('',(1.8,2.75,0.));
#5101 = LINE('',#5102,#5103);
#5102 = CARTESIAN_POINT('',(1.8,3.,0.));
#5103 = VECTOR('',#5104,1.);
#5104 = DIRECTION('',(-4.555315873023E-16,-1.,0.));
#5105 = ORIENTED_EDGE('',*,*,#5106,.T.);
#5106 = EDGE_CURVE('',#5097,#5107,#5109,.T.);
#5107 = VERTEX_POINT('',#5108);
#5108 = CARTESIAN_POINT('',(1.8,3.,0.2));
#5109 = LINE('',#5110,#5111);
#5110 = CARTESIAN_POINT('',(1.8,3.,0.));
#5111 = VECTOR('',#5112,1.);
#5112 = DIRECTION('',(0.,0.,1.));
#5113 = ORIENTED_EDGE('',*,*,#5114,.T.);
#5114 = EDGE_CURVE('',#5107,#3785,#5115,.T.);
#5115 = LINE('',#5116,#5117);
#5116 = CARTESIAN_POINT('',(1.8,3.,0.2));
#5117 = VECTOR('',#5118,1.);
#5118 = DIRECTION('',(-4.555315873023E-16,-1.,0.));
#5119 = ORIENTED_EDGE('',*,*,#3784,.F.);
#5120 = ORIENTED_EDGE('',*,*,#3413,.F.);
#5121 = ORIENTED_EDGE('',*,*,#5122,.F.);
#5122 = EDGE_CURVE('',#5099,#3405,#5123,.T.);
#5123 = LINE('',#5124,#5125);
#5124 = CARTESIAN_POINT('',(1.8,2.75,0.));
#5125 = VECTOR('',#5126,1.);
#5126 = DIRECTION('',(0.,0.,1.));
#5127 = PLANE('',#5128);
#5128 = AXIS2_PLACEMENT_3D('',#5129,#5130,#5131);
#5129 = CARTESIAN_POINT('',(1.8,3.,0.));
#5130 = DIRECTION('',(1.,-4.555315873023E-16,0.));
#5131 = DIRECTION('',(-4.555315873023E-16,-1.,0.));
#5132 = ADVANCED_FACE('',(#5133),#5167,.F.);
#5133 = FACE_BOUND('',#5134,.F.);
#5134 = EDGE_LOOP('',(#5135,#5145,#5151,#5152,#5153,#5161));
#5135 = ORIENTED_EDGE('',*,*,#5136,.F.);
#5136 = EDGE_CURVE('',#5137,#5139,#5141,.T.);
#5137 = VERTEX_POINT('',#5138);
#5138 = CARTESIAN_POINT('',(-2.75,-1.8,0.));
#5139 = VERTEX_POINT('',#5140);
#5140 = CARTESIAN_POINT('',(-3.,-1.8,0.));
#5141 = LINE('',#5142,#5143);
#5142 = CARTESIAN_POINT('',(-2.75,-1.8,0.));
#5143 = VECTOR('',#5144,1.);
#5144 = DIRECTION('',(-1.,3.55951662292E-16,0.));
#5145 = ORIENTED_EDGE('',*,*,#5146,.T.);
#5146 = EDGE_CURVE('',#5137,#2878,#5147,.T.);
#5147 = LINE('',#5148,#5149);
#5148 = CARTESIAN_POINT('',(-2.75,-1.8,0.));
#5149 = VECTOR('',#5150,1.);
#5150 = DIRECTION('',(0.,0.,1.));
#5151 = ORIENTED_EDGE('',*,*,#2877,.F.);
#5152 = ORIENTED_EDGE('',*,*,#3866,.F.);
#5153 = ORIENTED_EDGE('',*,*,#5154,.T.);
#5154 = EDGE_CURVE('',#3859,#5155,#5157,.T.);
#5155 = VERTEX_POINT('',#5156);
#5156 = CARTESIAN_POINT('',(-3.,-1.8,0.2));
#5157 = LINE('',#5158,#5159);
#5158 = CARTESIAN_POINT('',(-2.75,-1.8,0.2));
#5159 = VECTOR('',#5160,1.);
#5160 = DIRECTION('',(-1.,3.55951662292E-16,0.));
#5161 = ORIENTED_EDGE('',*,*,#5162,.F.);
#5162 = EDGE_CURVE('',#5139,#5155,#5163,.T.);
#5163 = LINE('',#5164,#5165);
#5164 = CARTESIAN_POINT('',(-3.,-1.8,0.));
#5165 = VECTOR('',#5166,1.);
#5166 = DIRECTION('',(0.,0.,1.));
#5167 = PLANE('',#5168);
#5168 = AXIS2_PLACEMENT_3D('',#5169,#5170,#5171);
#5169 = CARTESIAN_POINT('',(-2.75,-1.8,0.));
#5170 = DIRECTION('',(-3.55951662292E-16,-1.,0.));
#5171 = DIRECTION('',(-1.,3.55951662292E-16,0.));
#5172 = ADVANCED_FACE('',(#5173),#5192,.T.);
#5173 = FACE_BOUND('',#5174,.T.);
#5174 = EDGE_LOOP('',(#5175,#5183,#5184,#5185));
#5175 = ORIENTED_EDGE('',*,*,#5176,.T.);
#5176 = EDGE_CURVE('',#5177,#3397,#5179,.T.);
#5177 = VERTEX_POINT('',#5178);
#5178 = CARTESIAN_POINT('',(2.1,2.75,0.));
#5179 = LINE('',#5180,#5181);
#5180 = CARTESIAN_POINT('',(2.1,2.75,0.));
#5181 = VECTOR('',#5182,1.);
#5182 = DIRECTION('',(0.,0.,1.));
#5183 = ORIENTED_EDGE('',*,*,#3404,.T.);
#5184 = ORIENTED_EDGE('',*,*,#5122,.F.);
#5185 = ORIENTED_EDGE('',*,*,#5186,.T.);
#5186 = EDGE_CURVE('',#5099,#5177,#5187,.T.);
#5187 = CIRCLE('',#5188,0.15);
#5188 = AXIS2_PLACEMENT_3D('',#5189,#5190,#5191);
#5189 = CARTESIAN_POINT('',(1.95,2.75,0.));
#5190 = DIRECTION('',(0.,0.,1.));
#5191 = DIRECTION('',(-1.,4.555315873023E-16,0.));
#5192 = CYLINDRICAL_SURFACE('',#5193,0.15);
#5193 = AXIS2_PLACEMENT_3D('',#5194,#5195,#5196);
#5194 = CARTESIAN_POINT('',(1.95,2.75,0.));
#5195 = DIRECTION('',(0.,0.,-1.));
#5196 = DIRECTION('',(-1.,4.555315873023E-16,0.));
#5197 = ADVANCED_FACE('',(#5198),#5217,.T.);
#5198 = FACE_BOUND('',#5199,.T.);
#5199 = EDGE_LOOP('',(#5200,#5201,#5202,#5210));
#5200 = ORIENTED_EDGE('',*,*,#5146,.T.);
#5201 = ORIENTED_EDGE('',*,*,#2885,.T.);
#5202 = ORIENTED_EDGE('',*,*,#5203,.F.);
#5203 = EDGE_CURVE('',#5204,#2886,#5206,.T.);
#5204 = VERTEX_POINT('',#5205);
#5205 = CARTESIAN_POINT('',(-2.75,-2.1,0.));
#5206 = LINE('',#5207,#5208);
#5207 = CARTESIAN_POINT('',(-2.75,-2.1,0.));
#5208 = VECTOR('',#5209,1.);
#5209 = DIRECTION('',(0.,0.,1.));
#5210 = ORIENTED_EDGE('',*,*,#5211,.T.);
#5211 = EDGE_CURVE('',#5204,#5137,#5212,.T.);
#5212 = CIRCLE('',#5213,0.15);
#5213 = AXIS2_PLACEMENT_3D('',#5214,#5215,#5216);
#5214 = CARTESIAN_POINT('',(-2.75,-1.95,0.));
#5215 = DIRECTION('',(0.,0.,1.));
#5216 = DIRECTION('',(-4.669739647545E-16,-1.,0.));
#5217 = CYLINDRICAL_SURFACE('',#5218,0.15);
#5218 = AXIS2_PLACEMENT_3D('',#5219,#5220,#5221);
#5219 = CARTESIAN_POINT('',(-2.75,-1.95,0.));
#5220 = DIRECTION('',(0.,0.,-1.));
#5221 = DIRECTION('',(-4.669739647545E-16,-1.,-0.));
#5222 = ADVANCED_FACE('',(#5223),#5250,.F.);
#5223 = FACE_BOUND('',#5224,.F.);
#5224 = EDGE_LOOP('',(#5225,#5233,#5234,#5235,#5236,#5244));
#5225 = ORIENTED_EDGE('',*,*,#5226,.F.);
#5226 = EDGE_CURVE('',#5177,#5227,#5229,.T.);
#5227 = VERTEX_POINT('',#5228);
#5228 = CARTESIAN_POINT('',(2.1,3.,0.));
#5229 = LINE('',#5230,#5231);
#5230 = CARTESIAN_POINT('',(2.1,2.75,0.));
#5231 = VECTOR('',#5232,1.);
#5232 = DIRECTION('',(3.445092848398E-16,1.,0.));
#5233 = ORIENTED_EDGE('',*,*,#5176,.T.);
#5234 = ORIENTED_EDGE('',*,*,#3396,.F.);
#5235 = ORIENTED_EDGE('',*,*,#3800,.F.);
#5236 = ORIENTED_EDGE('',*,*,#5237,.T.);
#5237 = EDGE_CURVE('',#3793,#5238,#5240,.T.);
#5238 = VERTEX_POINT('',#5239);
#5239 = CARTESIAN_POINT('',(2.1,3.,0.2));
#5240 = LINE('',#5241,#5242);
#5241 = CARTESIAN_POINT('',(2.1,2.75,0.2));
#5242 = VECTOR('',#5243,1.);
#5243 = DIRECTION('',(3.445092848398E-16,1.,0.));
#5244 = ORIENTED_EDGE('',*,*,#5245,.F.);
#5245 = EDGE_CURVE('',#5227,#5238,#5246,.T.);
#5246 = LINE('',#5247,#5248);
#5247 = CARTESIAN_POINT('',(2.1,3.,0.));
#5248 = VECTOR('',#5249,1.);
#5249 = DIRECTION('',(0.,0.,1.));
#5250 = PLANE('',#5251);
#5251 = AXIS2_PLACEMENT_3D('',#5252,#5253,#5254);
#5252 = CARTESIAN_POINT('',(2.1,2.75,0.));
#5253 = DIRECTION('',(-1.,3.445092848398E-16,0.));
#5254 = DIRECTION('',(3.445092848398E-16,1.,0.));
#5255 = ADVANCED_FACE('',(#5256),#5283,.F.);
#5256 = FACE_BOUND('',#5257,.F.);
#5257 = EDGE_LOOP('',(#5258,#5266,#5274,#5280,#5281,#5282));
#5258 = ORIENTED_EDGE('',*,*,#5259,.F.);
#5259 = EDGE_CURVE('',#5260,#5204,#5262,.T.);
#5260 = VERTEX_POINT('',#5261);
#5261 = CARTESIAN_POINT('',(-3.,-2.1,0.));
#5262 = LINE('',#5263,#5264);
#5263 = CARTESIAN_POINT('',(-3.,-2.1,0.));
#5264 = VECTOR('',#5265,1.);
#5265 = DIRECTION('',(1.,-4.669739647545E-16,0.));
#5266 = ORIENTED_EDGE('',*,*,#5267,.T.);
#5267 = EDGE_CURVE('',#5260,#5268,#5270,.T.);
#5268 = VERTEX_POINT('',#5269);
#5269 = CARTESIAN_POINT('',(-3.,-2.1,0.2));
#5270 = LINE('',#5271,#5272);
#5271 = CARTESIAN_POINT('',(-3.,-2.1,0.));
#5272 = VECTOR('',#5273,1.);
#5273 = DIRECTION('',(0.,0.,1.));
#5274 = ORIENTED_EDGE('',*,*,#5275,.T.);
#5275 = EDGE_CURVE('',#5268,#3851,#5276,.T.);
#5276 = LINE('',#5277,#5278);
#5277 = CARTESIAN_POINT('',(-3.,-2.1,0.2));
#5278 = VECTOR('',#5279,1.);
#5279 = DIRECTION('',(1.,-4.669739647545E-16,0.));
#5280 = ORIENTED_EDGE('',*,*,#3850,.F.);
#5281 = ORIENTED_EDGE('',*,*,#2894,.F.);
#5282 = ORIENTED_EDGE('',*,*,#5203,.F.);
#5283 = PLANE('',#5284);
#5284 = AXIS2_PLACEMENT_3D('',#5285,#5286,#5287);
#5285 = CARTESIAN_POINT('',(-3.,-2.1,0.));
#5286 = DIRECTION('',(4.669739647545E-16,1.,0.));
#5287 = DIRECTION('',(1.,-4.669739647545E-16,0.));
#5288 = ADVANCED_FACE('',(#5289),#5468,.T.);
#5289 = FACE_BOUND('',#5290,.T.);
#5290 = EDGE_LOOP('',(#5291,#5292,#5293,#5301,#5307,#5308,#5316,#5324,
    #5330,#5331,#5339,#5347,#5353,#5354,#5362,#5370,#5376,#5377,#5385,
    #5393,#5399,#5400,#5408,#5416,#5422,#5423,#5431,#5439,#5445,#5446,
    #5454,#5462));
#5291 = ORIENTED_EDGE('',*,*,#3380,.F.);
#5292 = ORIENTED_EDGE('',*,*,#3807,.T.);
#5293 = ORIENTED_EDGE('',*,*,#5294,.T.);
#5294 = EDGE_CURVE('',#3646,#5295,#5297,.T.);
#5295 = VERTEX_POINT('',#5296);
#5296 = CARTESIAN_POINT('',(2.99,-2.99,0.92));
#5297 = LINE('',#5298,#5299);
#5298 = CARTESIAN_POINT('',(2.99,2.99,0.92));
#5299 = VECTOR('',#5300,1.);
#5300 = DIRECTION('',(-2.22044604925E-16,-1.,0.));
#5301 = ORIENTED_EDGE('',*,*,#5302,.F.);
#5302 = EDGE_CURVE('',#3142,#5295,#5303,.T.);
#5303 = LINE('',#5304,#5305);
#5304 = CARTESIAN_POINT('',(2.99,-2.99,2.E-02));
#5305 = VECTOR('',#5306,1.);
#5306 = DIRECTION('',(0.,0.,1.));
#5307 = ORIENTED_EDGE('',*,*,#3149,.F.);
#5308 = ORIENTED_EDGE('',*,*,#5309,.T.);
#5309 = EDGE_CURVE('',#3150,#5310,#5312,.T.);
#5310 = VERTEX_POINT('',#5311);
#5311 = CARTESIAN_POINT('',(2.99,-2.1,0.2));
#5312 = LINE('',#5313,#5314);
#5313 = CARTESIAN_POINT('',(2.99,-2.1,1.E-02));
#5314 = VECTOR('',#5315,1.);
#5315 = DIRECTION('',(0.,0.,1.));
#5316 = ORIENTED_EDGE('',*,*,#5317,.T.);
#5317 = EDGE_CURVE('',#5310,#5318,#5320,.T.);
#5318 = VERTEX_POINT('',#5319);
#5319 = CARTESIAN_POINT('',(2.99,-1.8,0.2));
#5320 = LINE('',#5321,#5322);
#5321 = CARTESIAN_POINT('',(2.99,0.595,0.2));
#5322 = VECTOR('',#5323,1.);
#5323 = DIRECTION('',(2.22044604925E-16,1.,0.));
#5324 = ORIENTED_EDGE('',*,*,#5325,.T.);
#5325 = EDGE_CURVE('',#5318,#3175,#5326,.T.);
#5326 = LINE('',#5327,#5328);
#5327 = CARTESIAN_POINT('',(2.99,-1.8,1.E-02));
#5328 = VECTOR('',#5329,1.);
#5329 = DIRECTION('',(0.,-0.,-1.));
#5330 = ORIENTED_EDGE('',*,*,#3182,.F.);
#5331 = ORIENTED_EDGE('',*,*,#5332,.T.);
#5332 = EDGE_CURVE('',#3183,#5333,#5335,.T.);
#5333 = VERTEX_POINT('',#5334);
#5334 = CARTESIAN_POINT('',(2.99,-1.45,0.2));
#5335 = LINE('',#5336,#5337);
#5336 = CARTESIAN_POINT('',(2.99,-1.45,1.E-02));
#5337 = VECTOR('',#5338,1.);
#5338 = DIRECTION('',(0.,0.,1.));
#5339 = ORIENTED_EDGE('',*,*,#5340,.T.);
#5340 = EDGE_CURVE('',#5333,#5341,#5343,.T.);
#5341 = VERTEX_POINT('',#5342);
#5342 = CARTESIAN_POINT('',(2.99,-1.15,0.2));
#5343 = LINE('',#5344,#5345);
#5344 = CARTESIAN_POINT('',(2.99,0.92,0.2));
#5345 = VECTOR('',#5346,1.);
#5346 = DIRECTION('',(2.22044604925E-16,1.,0.));
#5347 = ORIENTED_EDGE('',*,*,#5348,.T.);
#5348 = EDGE_CURVE('',#5341,#3208,#5349,.T.);
#5349 = LINE('',#5350,#5351);
#5350 = CARTESIAN_POINT('',(2.99,-1.15,1.E-02));
#5351 = VECTOR('',#5352,1.);
#5352 = DIRECTION('',(0.,-0.,-1.));
#5353 = ORIENTED_EDGE('',*,*,#3215,.F.);
#5354 = ORIENTED_EDGE('',*,*,#5355,.T.);
#5355 = EDGE_CURVE('',#3216,#5356,#5358,.T.);
#5356 = VERTEX_POINT('',#5357);
#5357 = CARTESIAN_POINT('',(2.99,-0.8,0.2));
#5358 = LINE('',#5359,#5360);
#5359 = CARTESIAN_POINT('',(2.99,-0.8,1.E-02));
#5360 = VECTOR('',#5361,1.);
#5361 = DIRECTION('',(0.,0.,1.));
#5362 = ORIENTED_EDGE('',*,*,#5363,.T.);
#5363 = EDGE_CURVE('',#5356,#5364,#5366,.T.);
#5364 = VERTEX_POINT('',#5365);
#5365 = CARTESIAN_POINT('',(2.99,-0.5,0.2));
#5366 = LINE('',#5367,#5368);
#5367 = CARTESIAN_POINT('',(2.99,1.245,0.2));
#5368 = VECTOR('',#5369,1.);
#5369 = DIRECTION('',(2.22044604925E-16,1.,0.));
#5370 = ORIENTED_EDGE('',*,*,#5371,.T.);
#5371 = EDGE_CURVE('',#5364,#3241,#5372,.T.);
#5372 = LINE('',#5373,#5374);
#5373 = CARTESIAN_POINT('',(2.99,-0.5,1.E-02));
#5374 = VECTOR('',#5375,1.);
#5375 = DIRECTION('',(0.,-0.,-1.));
#5376 = ORIENTED_EDGE('',*,*,#3248,.F.);
#5377 = ORIENTED_EDGE('',*,*,#5378,.T.);
#5378 = EDGE_CURVE('',#3249,#5379,#5381,.T.);
#5379 = VERTEX_POINT('',#5380);
#5380 = CARTESIAN_POINT('',(2.99,-0.15,0.2));
#5381 = LINE('',#5382,#5383);
#5382 = CARTESIAN_POINT('',(2.99,-0.15,1.E-02));
#5383 = VECTOR('',#5384,1.);
#5384 = DIRECTION('',(0.,0.,1.));
#5385 = ORIENTED_EDGE('',*,*,#5386,.T.);
#5386 = EDGE_CURVE('',#5379,#5387,#5389,.T.);
#5387 = VERTEX_POINT('',#5388);
#5388 = CARTESIAN_POINT('',(2.99,0.15,0.2));
#5389 = LINE('',#5390,#5391);
#5390 = CARTESIAN_POINT('',(2.99,1.57,0.2));
#5391 = VECTOR('',#5392,1.);
#5392 = DIRECTION('',(2.22044604925E-16,1.,0.));
#5393 = ORIENTED_EDGE('',*,*,#5394,.T.);
#5394 = EDGE_CURVE('',#5387,#3274,#5395,.T.);
#5395 = LINE('',#5396,#5397);
#5396 = CARTESIAN_POINT('',(2.99,0.15,1.E-02));
#5397 = VECTOR('',#5398,1.);
#5398 = DIRECTION('',(0.,-0.,-1.));
#5399 = ORIENTED_EDGE('',*,*,#3281,.F.);
#5400 = ORIENTED_EDGE('',*,*,#5401,.T.);
#5401 = EDGE_CURVE('',#3282,#5402,#5404,.T.);
#5402 = VERTEX_POINT('',#5403);
#5403 = CARTESIAN_POINT('',(2.99,0.5,0.2));
#5404 = LINE('',#5405,#5406);
#5405 = CARTESIAN_POINT('',(2.99,0.5,1.E-02));
#5406 = VECTOR('',#5407,1.);
#5407 = DIRECTION('',(0.,0.,1.));
#5408 = ORIENTED_EDGE('',*,*,#5409,.T.);
#5409 = EDGE_CURVE('',#5402,#5410,#5412,.T.);
#5410 = VERTEX_POINT('',#5411);
#5411 = CARTESIAN_POINT('',(2.99,0.8,0.2));
#5412 = LINE('',#5413,#5414);
#5413 = CARTESIAN_POINT('',(2.99,1.895,0.2));
#5414 = VECTOR('',#5415,1.);
#5415 = DIRECTION('',(2.22044604925E-16,1.,0.));
#5416 = ORIENTED_EDGE('',*,*,#5417,.T.);
#5417 = EDGE_CURVE('',#5410,#3307,#5418,.T.);
#5418 = LINE('',#5419,#5420);
#5419 = CARTESIAN_POINT('',(2.99,0.8,1.E-02));
#5420 = VECTOR('',#5421,1.);
#5421 = DIRECTION('',(0.,-0.,-1.));
#5422 = ORIENTED_EDGE('',*,*,#3314,.F.);
#5423 = ORIENTED_EDGE('',*,*,#5424,.T.);
#5424 = EDGE_CURVE('',#3315,#5425,#5427,.T.);
#5425 = VERTEX_POINT('',#5426);
#5426 = CARTESIAN_POINT('',(2.99,1.15,0.2));
#5427 = LINE('',#5428,#5429);
#5428 = CARTESIAN_POINT('',(2.99,1.15,1.E-02));
#5429 = VECTOR('',#5430,1.);
#5430 = DIRECTION('',(0.,0.,1.));
#5431 = ORIENTED_EDGE('',*,*,#5432,.T.);
#5432 = EDGE_CURVE('',#5425,#5433,#5435,.T.);
#5433 = VERTEX_POINT('',#5434);
#5434 = CARTESIAN_POINT('',(2.99,1.45,0.2));
#5435 = LINE('',#5436,#5437);
#5436 = CARTESIAN_POINT('',(2.99,2.22,0.2));
#5437 = VECTOR('',#5438,1.);
#5438 = DIRECTION('',(2.22044604925E-16,1.,0.));
#5439 = ORIENTED_EDGE('',*,*,#5440,.T.);
#5440 = EDGE_CURVE('',#5433,#3340,#5441,.T.);
#5441 = LINE('',#5442,#5443);
#5442 = CARTESIAN_POINT('',(2.99,1.45,1.E-02));
#5443 = VECTOR('',#5444,1.);
#5444 = DIRECTION('',(0.,-0.,-1.));
#5445 = ORIENTED_EDGE('',*,*,#3347,.F.);
#5446 = ORIENTED_EDGE('',*,*,#5447,.T.);
#5447 = EDGE_CURVE('',#3348,#5448,#5450,.T.);
#5448 = VERTEX_POINT('',#5449);
#5449 = CARTESIAN_POINT('',(2.99,1.8,0.2));
#5450 = LINE('',#5451,#5452);
#5451 = CARTESIAN_POINT('',(2.99,1.8,1.E-02));
#5452 = VECTOR('',#5453,1.);
#5453 = DIRECTION('',(0.,0.,1.));
#5454 = ORIENTED_EDGE('',*,*,#5455,.T.);
#5455 = EDGE_CURVE('',#5448,#5456,#5458,.T.);
#5456 = VERTEX_POINT('',#5457);
#5457 = CARTESIAN_POINT('',(2.99,2.1,0.2));
#5458 = LINE('',#5459,#5460);
#5459 = CARTESIAN_POINT('',(2.99,2.545,0.2));
#5460 = VECTOR('',#5461,1.);
#5461 = DIRECTION('',(2.22044604925E-16,1.,0.));
#5462 = ORIENTED_EDGE('',*,*,#5463,.T.);
#5463 = EDGE_CURVE('',#5456,#3373,#5464,.T.);
#5464 = LINE('',#5465,#5466);
#5465 = CARTESIAN_POINT('',(2.99,2.1,1.E-02));
#5466 = VECTOR('',#5467,1.);
#5467 = DIRECTION('',(0.,-0.,-1.));
#5468 = PLANE('',#5469);
#5469 = AXIS2_PLACEMENT_3D('',#5470,#5471,#5472);
#5470 = CARTESIAN_POINT('',(2.99,2.99,2.E-02));
#5471 = DIRECTION('',(1.,-2.22044604925E-16,0.));
#5472 = DIRECTION('',(0.,0.,1.));
#5473 = ADVANCED_FACE('',(#5474),#5646,.T.);
#5474 = FACE_BOUND('',#5475,.T.);
#5475 = EDGE_LOOP('',(#5476,#5482,#5483,#5484,#5492,#5500,#5506,#5507,
    #5515,#5523,#5529,#5530,#5538,#5546,#5552,#5553,#5561,#5569,#5575,
    #5576,#5584,#5592,#5598,#5599,#5607,#5615,#5621,#5622,#5630,#5638,
    #5644,#5645));
#5476 = ORIENTED_EDGE('',*,*,#5477,.F.);
#5477 = EDGE_CURVE('',#3836,#5295,#5478,.T.);
#5478 = LINE('',#5479,#5480);
#5479 = CARTESIAN_POINT('',(-2.99,-2.99,0.92));
#5480 = VECTOR('',#5481,1.);
#5481 = DIRECTION('',(1.,-2.22044604925E-16,0.));
#5482 = ORIENTED_EDGE('',*,*,#3843,.F.);
#5483 = ORIENTED_EDGE('',*,*,#2910,.T.);
#5484 = ORIENTED_EDGE('',*,*,#5485,.T.);
#5485 = EDGE_CURVE('',#2911,#5486,#5488,.T.);
#5486 = VERTEX_POINT('',#5487);
#5487 = CARTESIAN_POINT('',(-2.1,-2.99,0.2));
#5488 = LINE('',#5489,#5490);
#5489 = CARTESIAN_POINT('',(-2.1,-2.99,1.E-02));
#5490 = VECTOR('',#5491,1.);
#5491 = DIRECTION('',(0.,0.,1.));
#5492 = ORIENTED_EDGE('',*,*,#5493,.T.);
#5493 = EDGE_CURVE('',#5486,#5494,#5496,.T.);
#5494 = VERTEX_POINT('',#5495);
#5495 = CARTESIAN_POINT('',(-1.8,-2.99,0.2));
#5496 = LINE('',#5497,#5498);
#5497 = CARTESIAN_POINT('',(-2.395,-2.99,0.2));
#5498 = VECTOR('',#5499,1.);
#5499 = DIRECTION('',(1.,-2.22044604925E-16,0.));
#5500 = ORIENTED_EDGE('',*,*,#5501,.T.);
#5501 = EDGE_CURVE('',#5494,#2936,#5502,.T.);
#5502 = LINE('',#5503,#5504);
#5503 = CARTESIAN_POINT('',(-1.8,-2.99,1.E-02));
#5504 = VECTOR('',#5505,1.);
#5505 = DIRECTION('',(-0.,0.,-1.));
#5506 = ORIENTED_EDGE('',*,*,#2943,.T.);
#5507 = ORIENTED_EDGE('',*,*,#5508,.T.);
#5508 = EDGE_CURVE('',#2944,#5509,#5511,.T.);
#5509 = VERTEX_POINT('',#5510);
#5510 = CARTESIAN_POINT('',(-1.45,-2.99,0.2));
#5511 = LINE('',#5512,#5513);
#5512 = CARTESIAN_POINT('',(-1.45,-2.99,1.E-02));
#5513 = VECTOR('',#5514,1.);
#5514 = DIRECTION('',(0.,0.,1.));
#5515 = ORIENTED_EDGE('',*,*,#5516,.T.);
#5516 = EDGE_CURVE('',#5509,#5517,#5519,.T.);
#5517 = VERTEX_POINT('',#5518);
#5518 = CARTESIAN_POINT('',(-1.15,-2.99,0.2));
#5519 = LINE('',#5520,#5521);
#5520 = CARTESIAN_POINT('',(-2.07,-2.99,0.2));
#5521 = VECTOR('',#5522,1.);
#5522 = DIRECTION('',(1.,-2.22044604925E-16,0.));
#5523 = ORIENTED_EDGE('',*,*,#5524,.T.);
#5524 = EDGE_CURVE('',#5517,#2969,#5525,.T.);
#5525 = LINE('',#5526,#5527);
#5526 = CARTESIAN_POINT('',(-1.15,-2.99,1.E-02));
#5527 = VECTOR('',#5528,1.);
#5528 = DIRECTION('',(-0.,0.,-1.));
#5529 = ORIENTED_EDGE('',*,*,#2976,.T.);
#5530 = ORIENTED_EDGE('',*,*,#5531,.T.);
#5531 = EDGE_CURVE('',#2977,#5532,#5534,.T.);
#5532 = VERTEX_POINT('',#5533);
#5533 = CARTESIAN_POINT('',(-0.8,-2.99,0.2));
#5534 = LINE('',#5535,#5536);
#5535 = CARTESIAN_POINT('',(-0.8,-2.99,1.E-02));
#5536 = VECTOR('',#5537,1.);
#5537 = DIRECTION('',(0.,0.,1.));
#5538 = ORIENTED_EDGE('',*,*,#5539,.T.);
#5539 = EDGE_CURVE('',#5532,#5540,#5542,.T.);
#5540 = VERTEX_POINT('',#5541);
#5541 = CARTESIAN_POINT('',(-0.5,-2.99,0.2));
#5542 = LINE('',#5543,#5544);
#5543 = CARTESIAN_POINT('',(-1.745,-2.99,0.2));
#5544 = VECTOR('',#5545,1.);
#5545 = DIRECTION('',(1.,-2.22044604925E-16,0.));
#5546 = ORIENTED_EDGE('',*,*,#5547,.T.);
#5547 = EDGE_CURVE('',#5540,#3002,#5548,.T.);
#5548 = LINE('',#5549,#5550);
#5549 = CARTESIAN_POINT('',(-0.5,-2.99,1.E-02));
#5550 = VECTOR('',#5551,1.);
#5551 = DIRECTION('',(-0.,0.,-1.));
#5552 = ORIENTED_EDGE('',*,*,#3009,.T.);
#5553 = ORIENTED_EDGE('',*,*,#5554,.T.);
#5554 = EDGE_CURVE('',#3010,#5555,#5557,.T.);
#5555 = VERTEX_POINT('',#5556);
#5556 = CARTESIAN_POINT('',(-0.15,-2.99,0.2));
#5557 = LINE('',#5558,#5559);
#5558 = CARTESIAN_POINT('',(-0.15,-2.99,1.E-02));
#5559 = VECTOR('',#5560,1.);
#5560 = DIRECTION('',(0.,0.,1.));
#5561 = ORIENTED_EDGE('',*,*,#5562,.T.);
#5562 = EDGE_CURVE('',#5555,#5563,#5565,.T.);
#5563 = VERTEX_POINT('',#5564);
#5564 = CARTESIAN_POINT('',(0.15,-2.99,0.2));
#5565 = LINE('',#5566,#5567);
#5566 = CARTESIAN_POINT('',(-1.42,-2.99,0.2));
#5567 = VECTOR('',#5568,1.);
#5568 = DIRECTION('',(1.,-2.22044604925E-16,0.));
#5569 = ORIENTED_EDGE('',*,*,#5570,.T.);
#5570 = EDGE_CURVE('',#5563,#3035,#5571,.T.);
#5571 = LINE('',#5572,#5573);
#5572 = CARTESIAN_POINT('',(0.15,-2.99,1.E-02));
#5573 = VECTOR('',#5574,1.);
#5574 = DIRECTION('',(-0.,0.,-1.));
#5575 = ORIENTED_EDGE('',*,*,#3042,.T.);
#5576 = ORIENTED_EDGE('',*,*,#5577,.T.);
#5577 = EDGE_CURVE('',#3043,#5578,#5580,.T.);
#5578 = VERTEX_POINT('',#5579);
#5579 = CARTESIAN_POINT('',(0.5,-2.99,0.2));
#5580 = LINE('',#5581,#5582);
#5581 = CARTESIAN_POINT('',(0.5,-2.99,1.E-02));
#5582 = VECTOR('',#5583,1.);
#5583 = DIRECTION('',(0.,0.,1.));
#5584 = ORIENTED_EDGE('',*,*,#5585,.T.);
#5585 = EDGE_CURVE('',#5578,#5586,#5588,.T.);
#5586 = VERTEX_POINT('',#5587);
#5587 = CARTESIAN_POINT('',(0.8,-2.99,0.2));
#5588 = LINE('',#5589,#5590);
#5589 = CARTESIAN_POINT('',(-1.095,-2.99,0.2));
#5590 = VECTOR('',#5591,1.);
#5591 = DIRECTION('',(1.,-2.22044604925E-16,0.));
#5592 = ORIENTED_EDGE('',*,*,#5593,.T.);
#5593 = EDGE_CURVE('',#5586,#3068,#5594,.T.);
#5594 = LINE('',#5595,#5596);
#5595 = CARTESIAN_POINT('',(0.8,-2.99,1.E-02));
#5596 = VECTOR('',#5597,1.);
#5597 = DIRECTION('',(-0.,0.,-1.));
#5598 = ORIENTED_EDGE('',*,*,#3075,.T.);
#5599 = ORIENTED_EDGE('',*,*,#5600,.T.);
#5600 = EDGE_CURVE('',#3076,#5601,#5603,.T.);
#5601 = VERTEX_POINT('',#5602);
#5602 = CARTESIAN_POINT('',(1.15,-2.99,0.2));
#5603 = LINE('',#5604,#5605);
#5604 = CARTESIAN_POINT('',(1.15,-2.99,1.E-02));
#5605 = VECTOR('',#5606,1.);
#5606 = DIRECTION('',(0.,0.,1.));
#5607 = ORIENTED_EDGE('',*,*,#5608,.T.);
#5608 = EDGE_CURVE('',#5601,#5609,#5611,.T.);
#5609 = VERTEX_POINT('',#5610);
#5610 = CARTESIAN_POINT('',(1.45,-2.99,0.2));
#5611 = LINE('',#5612,#5613);
#5612 = CARTESIAN_POINT('',(-0.77,-2.99,0.2));
#5613 = VECTOR('',#5614,1.);
#5614 = DIRECTION('',(1.,-2.22044604925E-16,0.));
#5615 = ORIENTED_EDGE('',*,*,#5616,.T.);
#5616 = EDGE_CURVE('',#5609,#3101,#5617,.T.);
#5617 = LINE('',#5618,#5619);
#5618 = CARTESIAN_POINT('',(1.45,-2.99,1.E-02));
#5619 = VECTOR('',#5620,1.);
#5620 = DIRECTION('',(-0.,0.,-1.));
#5621 = ORIENTED_EDGE('',*,*,#3108,.T.);
#5622 = ORIENTED_EDGE('',*,*,#5623,.T.);
#5623 = EDGE_CURVE('',#3109,#5624,#5626,.T.);
#5624 = VERTEX_POINT('',#5625);
#5625 = CARTESIAN_POINT('',(1.8,-2.99,0.2));
#5626 = LINE('',#5627,#5628);
#5627 = CARTESIAN_POINT('',(1.8,-2.99,1.E-02));
#5628 = VECTOR('',#5629,1.);
#5629 = DIRECTION('',(0.,0.,1.));
#5630 = ORIENTED_EDGE('',*,*,#5631,.T.);
#5631 = EDGE_CURVE('',#5624,#5632,#5634,.T.);
#5632 = VERTEX_POINT('',#5633);
#5633 = CARTESIAN_POINT('',(2.1,-2.99,0.2));
#5634 = LINE('',#5635,#5636);
#5635 = CARTESIAN_POINT('',(-0.445,-2.99,0.2));
#5636 = VECTOR('',#5637,1.);
#5637 = DIRECTION('',(1.,-2.22044604925E-16,0.));
#5638 = ORIENTED_EDGE('',*,*,#5639,.T.);
#5639 = EDGE_CURVE('',#5632,#3134,#5640,.T.);
#5640 = LINE('',#5641,#5642);
#5641 = CARTESIAN_POINT('',(2.1,-2.99,1.E-02));
#5642 = VECTOR('',#5643,1.);
#5643 = DIRECTION('',(-0.,0.,-1.));
#5644 = ORIENTED_EDGE('',*,*,#3141,.T.);
#5645 = ORIENTED_EDGE('',*,*,#5302,.T.);
#5646 = PLANE('',#5647);
#5647 = AXIS2_PLACEMENT_3D('',#5648,#5649,#5650);
#5648 = CARTESIAN_POINT('',(-2.99,-2.99,2.E-02));
#5649 = DIRECTION('',(-2.22044604925E-16,-1.,0.));
#5650 = DIRECTION('',(0.,0.,1.));
#5651 = ADVANCED_FACE('',(#5652),#5686,.F.);
#5652 = FACE_BOUND('',#5653,.F.);
#5653 = EDGE_LOOP('',(#5654,#5664,#5672,#5678,#5679,#5680));
#5654 = ORIENTED_EDGE('',*,*,#5655,.F.);
#5655 = EDGE_CURVE('',#5656,#5658,#5660,.T.);
#5656 = VERTEX_POINT('',#5657);
#5657 = CARTESIAN_POINT('',(3.,2.1,0.));
#5658 = VERTEX_POINT('',#5659);
#5659 = CARTESIAN_POINT('',(2.75,2.1,0.));
#5660 = LINE('',#5661,#5662);
#5661 = CARTESIAN_POINT('',(3.,2.1,0.));
#5662 = VECTOR('',#5663,1.);
#5663 = DIRECTION('',(-1.,3.445092848398E-16,0.));
#5664 = ORIENTED_EDGE('',*,*,#5665,.T.);
#5665 = EDGE_CURVE('',#5656,#5666,#5668,.T.);
#5666 = VERTEX_POINT('',#5667);
#5667 = CARTESIAN_POINT('',(3.,2.1,0.2));
#5668 = LINE('',#5669,#5670);
#5669 = CARTESIAN_POINT('',(3.,2.1,0.));
#5670 = VECTOR('',#5671,1.);
#5671 = DIRECTION('',(0.,0.,1.));
#5672 = ORIENTED_EDGE('',*,*,#5673,.T.);
#5673 = EDGE_CURVE('',#5666,#5456,#5674,.T.);
#5674 = LINE('',#5675,#5676);
#5675 = CARTESIAN_POINT('',(3.,2.1,0.2));
#5676 = VECTOR('',#5677,1.);
#5677 = DIRECTION('',(-1.,3.445092848398E-16,0.));
#5678 = ORIENTED_EDGE('',*,*,#5463,.T.);
#5679 = ORIENTED_EDGE('',*,*,#3372,.F.);
#5680 = ORIENTED_EDGE('',*,*,#5681,.F.);
#5681 = EDGE_CURVE('',#5658,#3364,#5682,.T.);
#5682 = LINE('',#5683,#5684);
#5683 = CARTESIAN_POINT('',(2.75,2.1,0.));
#5684 = VECTOR('',#5685,1.);
#5685 = DIRECTION('',(0.,0.,1.));
#5686 = PLANE('',#5687);
#5687 = AXIS2_PLACEMENT_3D('',#5688,#5689,#5690);
#5688 = CARTESIAN_POINT('',(3.,2.1,0.));
#5689 = DIRECTION('',(-3.445092848398E-16,-1.,0.));
#5690 = DIRECTION('',(-1.,3.445092848398E-16,0.));
#5691 = ADVANCED_FACE('',(#5692),#5726,.F.);
#5692 = FACE_BOUND('',#5693,.F.);
#5693 = EDGE_LOOP('',(#5694,#5704,#5710,#5711,#5712,#5720));
#5694 = ORIENTED_EDGE('',*,*,#5695,.F.);
#5695 = EDGE_CURVE('',#5696,#5698,#5700,.T.);
#5696 = VERTEX_POINT('',#5697);
#5697 = CARTESIAN_POINT('',(-2.1,-2.75,0.));
#5698 = VERTEX_POINT('',#5699);
#5699 = CARTESIAN_POINT('',(-2.1,-3.,0.));
#5700 = LINE('',#5701,#5702);
#5701 = CARTESIAN_POINT('',(-2.1,-2.75,0.));
#5702 = VECTOR('',#5703,1.);
#5703 = DIRECTION('',(-4.555315873023E-16,-1.,0.));
#5704 = ORIENTED_EDGE('',*,*,#5705,.T.);
#5705 = EDGE_CURVE('',#5696,#2919,#5706,.T.);
#5706 = LINE('',#5707,#5708);
#5707 = CARTESIAN_POINT('',(-2.1,-2.75,0.));
#5708 = VECTOR('',#5709,1.);
#5709 = DIRECTION('',(0.,0.,1.));
#5710 = ORIENTED_EDGE('',*,*,#2918,.F.);
#5711 = ORIENTED_EDGE('',*,*,#5485,.T.);
#5712 = ORIENTED_EDGE('',*,*,#5713,.T.);
#5713 = EDGE_CURVE('',#5486,#5714,#5716,.T.);
#5714 = VERTEX_POINT('',#5715);
#5715 = CARTESIAN_POINT('',(-2.1,-3.,0.2));
#5716 = LINE('',#5717,#5718);
#5717 = CARTESIAN_POINT('',(-2.1,-2.75,0.2));
#5718 = VECTOR('',#5719,1.);
#5719 = DIRECTION('',(-4.555315873023E-16,-1.,0.));
#5720 = ORIENTED_EDGE('',*,*,#5721,.F.);
#5721 = EDGE_CURVE('',#5698,#5714,#5722,.T.);
#5722 = LINE('',#5723,#5724);
#5723 = CARTESIAN_POINT('',(-2.1,-3.,0.));
#5724 = VECTOR('',#5725,1.);
#5725 = DIRECTION('',(0.,0.,1.));
#5726 = PLANE('',#5727);
#5727 = AXIS2_PLACEMENT_3D('',#5728,#5729,#5730);
#5728 = CARTESIAN_POINT('',(-2.1,-2.75,0.));
#5729 = DIRECTION('',(1.,-4.555315873023E-16,0.));
#5730 = DIRECTION('',(-4.555315873023E-16,-1.,0.));
#5731 = ADVANCED_FACE('',(#5732),#5751,.T.);
#5732 = FACE_BOUND('',#5733,.T.);
#5733 = EDGE_LOOP('',(#5734,#5742,#5743,#5744));
#5734 = ORIENTED_EDGE('',*,*,#5735,.T.);
#5735 = EDGE_CURVE('',#5736,#3356,#5738,.T.);
#5736 = VERTEX_POINT('',#5737);
#5737 = CARTESIAN_POINT('',(2.75,1.8,0.));
#5738 = LINE('',#5739,#5740);
#5739 = CARTESIAN_POINT('',(2.75,1.8,0.));
#5740 = VECTOR('',#5741,1.);
#5741 = DIRECTION('',(0.,0.,1.));
#5742 = ORIENTED_EDGE('',*,*,#3363,.T.);
#5743 = ORIENTED_EDGE('',*,*,#5681,.F.);
#5744 = ORIENTED_EDGE('',*,*,#5745,.T.);
#5745 = EDGE_CURVE('',#5658,#5736,#5746,.T.);
#5746 = CIRCLE('',#5747,0.15);
#5747 = AXIS2_PLACEMENT_3D('',#5748,#5749,#5750);
#5748 = CARTESIAN_POINT('',(2.75,1.95,0.));
#5749 = DIRECTION('',(0.,-0.,1.));
#5750 = DIRECTION('',(3.445092848398E-16,1.,0.));
#5751 = CYLINDRICAL_SURFACE('',#5752,0.15);
#5752 = AXIS2_PLACEMENT_3D('',#5753,#5754,#5755);
#5753 = CARTESIAN_POINT('',(2.75,1.95,0.));
#5754 = DIRECTION('',(0.,-0.,-1.));
#5755 = DIRECTION('',(3.445092848398E-16,1.,0.));
#5756 = ADVANCED_FACE('',(#5757),#5776,.T.);
#5757 = FACE_BOUND('',#5758,.T.);
#5758 = EDGE_LOOP('',(#5759,#5760,#5761,#5769));
#5759 = ORIENTED_EDGE('',*,*,#5705,.T.);
#5760 = ORIENTED_EDGE('',*,*,#2926,.T.);
#5761 = ORIENTED_EDGE('',*,*,#5762,.F.);
#5762 = EDGE_CURVE('',#5763,#2927,#5765,.T.);
#5763 = VERTEX_POINT('',#5764);
#5764 = CARTESIAN_POINT('',(-1.8,-2.75,0.));
#5765 = LINE('',#5766,#5767);
#5766 = CARTESIAN_POINT('',(-1.8,-2.75,0.));
#5767 = VECTOR('',#5768,1.);
#5768 = DIRECTION('',(0.,0.,1.));
#5769 = ORIENTED_EDGE('',*,*,#5770,.T.);
#5770 = EDGE_CURVE('',#5763,#5696,#5771,.T.);
#5771 = CIRCLE('',#5772,0.15);
#5772 = AXIS2_PLACEMENT_3D('',#5773,#5774,#5775);
#5773 = CARTESIAN_POINT('',(-1.95,-2.75,0.));
#5774 = DIRECTION('',(-0.,0.,1.));
#5775 = DIRECTION('',(1.,-5.665538897648E-16,0.));
#5776 = CYLINDRICAL_SURFACE('',#5777,0.15);
#5777 = AXIS2_PLACEMENT_3D('',#5778,#5779,#5780);
#5778 = CARTESIAN_POINT('',(-1.95,-2.75,0.));
#5779 = DIRECTION('',(-0.,0.,-1.));
#5780 = DIRECTION('',(1.,-5.665538897648E-16,-0.));
#5781 = ADVANCED_FACE('',(#5782),#5809,.F.);
#5782 = FACE_BOUND('',#5783,.F.);
#5783 = EDGE_LOOP('',(#5784,#5792,#5793,#5794,#5795,#5803));
#5784 = ORIENTED_EDGE('',*,*,#5785,.F.);
#5785 = EDGE_CURVE('',#5736,#5786,#5788,.T.);
#5786 = VERTEX_POINT('',#5787);
#5787 = CARTESIAN_POINT('',(3.,1.8,0.));
#5788 = LINE('',#5789,#5790);
#5789 = CARTESIAN_POINT('',(2.75,1.8,0.));
#5790 = VECTOR('',#5791,1.);
#5791 = DIRECTION('',(1.,-2.334869823773E-16,0.));
#5792 = ORIENTED_EDGE('',*,*,#5735,.T.);
#5793 = ORIENTED_EDGE('',*,*,#3355,.F.);
#5794 = ORIENTED_EDGE('',*,*,#5447,.T.);
#5795 = ORIENTED_EDGE('',*,*,#5796,.T.);
#5796 = EDGE_CURVE('',#5448,#5797,#5799,.T.);
#5797 = VERTEX_POINT('',#5798);
#5798 = CARTESIAN_POINT('',(3.,1.8,0.2));
#5799 = LINE('',#5800,#5801);
#5800 = CARTESIAN_POINT('',(2.75,1.8,0.2));
#5801 = VECTOR('',#5802,1.);
#5802 = DIRECTION('',(1.,-2.334869823773E-16,0.));
#5803 = ORIENTED_EDGE('',*,*,#5804,.F.);
#5804 = EDGE_CURVE('',#5786,#5797,#5805,.T.);
#5805 = LINE('',#5806,#5807);
#5806 = CARTESIAN_POINT('',(3.,1.8,0.));
#5807 = VECTOR('',#5808,1.);
#5808 = DIRECTION('',(0.,0.,1.));
#5809 = PLANE('',#5810);
#5810 = AXIS2_PLACEMENT_3D('',#5811,#5812,#5813);
#5811 = CARTESIAN_POINT('',(2.75,1.8,0.));
#5812 = DIRECTION('',(2.334869823773E-16,1.,0.));
#5813 = DIRECTION('',(1.,-2.334869823773E-16,0.));
#5814 = ADVANCED_FACE('',(#5815),#5842,.F.);
#5815 = FACE_BOUND('',#5816,.F.);
#5816 = EDGE_LOOP('',(#5817,#5825,#5833,#5839,#5840,#5841));
#5817 = ORIENTED_EDGE('',*,*,#5818,.F.);
#5818 = EDGE_CURVE('',#5819,#5763,#5821,.T.);
#5819 = VERTEX_POINT('',#5820);
#5820 = CARTESIAN_POINT('',(-1.8,-3.,0.));
#5821 = LINE('',#5822,#5823);
#5822 = CARTESIAN_POINT('',(-1.8,-3.,0.));
#5823 = VECTOR('',#5824,1.);
#5824 = DIRECTION('',(5.665538897648E-16,1.,0.));
#5825 = ORIENTED_EDGE('',*,*,#5826,.T.);
#5826 = EDGE_CURVE('',#5819,#5827,#5829,.T.);
#5827 = VERTEX_POINT('',#5828);
#5828 = CARTESIAN_POINT('',(-1.8,-3.,0.2));
#5829 = LINE('',#5830,#5831);
#5830 = CARTESIAN_POINT('',(-1.8,-3.,0.));
#5831 = VECTOR('',#5832,1.);
#5832 = DIRECTION('',(0.,0.,1.));
#5833 = ORIENTED_EDGE('',*,*,#5834,.T.);
#5834 = EDGE_CURVE('',#5827,#5494,#5835,.T.);
#5835 = LINE('',#5836,#5837);
#5836 = CARTESIAN_POINT('',(-1.8,-3.,0.2));
#5837 = VECTOR('',#5838,1.);
#5838 = DIRECTION('',(5.665538897648E-16,1.,0.));
#5839 = ORIENTED_EDGE('',*,*,#5501,.T.);
#5840 = ORIENTED_EDGE('',*,*,#2935,.F.);
#5841 = ORIENTED_EDGE('',*,*,#5762,.F.);
#5842 = PLANE('',#5843);
#5843 = AXIS2_PLACEMENT_3D('',#5844,#5845,#5846);
#5844 = CARTESIAN_POINT('',(-1.8,-3.,0.));
#5845 = DIRECTION('',(-1.,5.665538897648E-16,0.));
#5846 = DIRECTION('',(5.665538897648E-16,1.,0.));
#5847 = ADVANCED_FACE('',(#5848),#5882,.F.);
#5848 = FACE_BOUND('',#5849,.F.);
#5849 = EDGE_LOOP('',(#5850,#5860,#5868,#5874,#5875,#5876));
#5850 = ORIENTED_EDGE('',*,*,#5851,.F.);
#5851 = EDGE_CURVE('',#5852,#5854,#5856,.T.);
#5852 = VERTEX_POINT('',#5853);
#5853 = CARTESIAN_POINT('',(3.,1.45,0.));
#5854 = VERTEX_POINT('',#5855);
#5855 = CARTESIAN_POINT('',(2.75,1.45,0.));
#5856 = LINE('',#5857,#5858);
#5857 = CARTESIAN_POINT('',(3.,1.45,0.));
#5858 = VECTOR('',#5859,1.);
#5859 = DIRECTION('',(-1.,3.445092848398E-16,0.));
#5860 = ORIENTED_EDGE('',*,*,#5861,.T.);
#5861 = EDGE_CURVE('',#5852,#5862,#5864,.T.);
#5862 = VERTEX_POINT('',#5863);
#5863 = CARTESIAN_POINT('',(3.,1.45,0.2));
#5864 = LINE('',#5865,#5866);
#5865 = CARTESIAN_POINT('',(3.,1.45,0.));
#5866 = VECTOR('',#5867,1.);
#5867 = DIRECTION('',(0.,0.,1.));
#5868 = ORIENTED_EDGE('',*,*,#5869,.T.);
#5869 = EDGE_CURVE('',#5862,#5433,#5870,.T.);
#5870 = LINE('',#5871,#5872);
#5871 = CARTESIAN_POINT('',(3.,1.45,0.2));
#5872 = VECTOR('',#5873,1.);
#5873 = DIRECTION('',(-1.,3.445092848398E-16,0.));
#5874 = ORIENTED_EDGE('',*,*,#5440,.T.);
#5875 = ORIENTED_EDGE('',*,*,#3339,.F.);
#5876 = ORIENTED_EDGE('',*,*,#5877,.F.);
#5877 = EDGE_CURVE('',#5854,#3331,#5878,.T.);
#5878 = LINE('',#5879,#5880);
#5879 = CARTESIAN_POINT('',(2.75,1.45,0.));
#5880 = VECTOR('',#5881,1.);
#5881 = DIRECTION('',(0.,0.,1.));
#5882 = PLANE('',#5883);
#5883 = AXIS2_PLACEMENT_3D('',#5884,#5885,#5886);
#5884 = CARTESIAN_POINT('',(3.,1.45,0.));
#5885 = DIRECTION('',(-3.445092848398E-16,-1.,0.));
#5886 = DIRECTION('',(-1.,3.445092848398E-16,0.));
#5887 = ADVANCED_FACE('',(#5888),#5922,.F.);
#5888 = FACE_BOUND('',#5889,.F.);
#5889 = EDGE_LOOP('',(#5890,#5900,#5906,#5907,#5908,#5916));
#5890 = ORIENTED_EDGE('',*,*,#5891,.F.);
#5891 = EDGE_CURVE('',#5892,#5894,#5896,.T.);
#5892 = VERTEX_POINT('',#5893);
#5893 = CARTESIAN_POINT('',(-1.45,-2.75,0.));
#5894 = VERTEX_POINT('',#5895);
#5895 = CARTESIAN_POINT('',(-1.45,-3.,0.));
#5896 = LINE('',#5897,#5898);
#5897 = CARTESIAN_POINT('',(-1.45,-2.75,0.));
#5898 = VECTOR('',#5899,1.);
#5899 = DIRECTION('',(-4.555315873023E-16,-1.,0.));
#5900 = ORIENTED_EDGE('',*,*,#5901,.T.);
#5901 = EDGE_CURVE('',#5892,#2952,#5902,.T.);
#5902 = LINE('',#5903,#5904);
#5903 = CARTESIAN_POINT('',(-1.45,-2.75,0.));
#5904 = VECTOR('',#5905,1.);
#5905 = DIRECTION('',(0.,0.,1.));
#5906 = ORIENTED_EDGE('',*,*,#2951,.F.);
#5907 = ORIENTED_EDGE('',*,*,#5508,.T.);
#5908 = ORIENTED_EDGE('',*,*,#5909,.T.);
#5909 = EDGE_CURVE('',#5509,#5910,#5912,.T.);
#5910 = VERTEX_POINT('',#5911);
#5911 = CARTESIAN_POINT('',(-1.45,-3.,0.2));
#5912 = LINE('',#5913,#5914);
#5913 = CARTESIAN_POINT('',(-1.45,-2.75,0.2));
#5914 = VECTOR('',#5915,1.);
#5915 = DIRECTION('',(-4.555315873023E-16,-1.,0.));
#5916 = ORIENTED_EDGE('',*,*,#5917,.F.);
#5917 = EDGE_CURVE('',#5894,#5910,#5918,.T.);
#5918 = LINE('',#5919,#5920);
#5919 = CARTESIAN_POINT('',(-1.45,-3.,0.));
#5920 = VECTOR('',#5921,1.);
#5921 = DIRECTION('',(0.,0.,1.));
#5922 = PLANE('',#5923);
#5923 = AXIS2_PLACEMENT_3D('',#5924,#5925,#5926);
#5924 = CARTESIAN_POINT('',(-1.45,-2.75,0.));
#5925 = DIRECTION('',(1.,-4.555315873023E-16,0.));
#5926 = DIRECTION('',(-4.555315873023E-16,-1.,0.));
#5927 = ADVANCED_FACE('',(#5928),#5947,.T.);
#5928 = FACE_BOUND('',#5929,.T.);
#5929 = EDGE_LOOP('',(#5930,#5938,#5939,#5940));
#5930 = ORIENTED_EDGE('',*,*,#5931,.T.);
#5931 = EDGE_CURVE('',#5932,#3323,#5934,.T.);
#5932 = VERTEX_POINT('',#5933);
#5933 = CARTESIAN_POINT('',(2.75,1.15,0.));
#5934 = LINE('',#5935,#5936);
#5935 = CARTESIAN_POINT('',(2.75,1.15,0.));
#5936 = VECTOR('',#5937,1.);
#5937 = DIRECTION('',(0.,0.,1.));
#5938 = ORIENTED_EDGE('',*,*,#3330,.T.);
#5939 = ORIENTED_EDGE('',*,*,#5877,.F.);
#5940 = ORIENTED_EDGE('',*,*,#5941,.T.);
#5941 = EDGE_CURVE('',#5854,#5932,#5942,.T.);
#5942 = CIRCLE('',#5943,0.15);
#5943 = AXIS2_PLACEMENT_3D('',#5944,#5945,#5946);
#5944 = CARTESIAN_POINT('',(2.75,1.3,0.));
#5945 = DIRECTION('',(0.,-0.,1.));
#5946 = DIRECTION('',(3.445092848398E-16,1.,0.));
#5947 = CYLINDRICAL_SURFACE('',#5948,0.15);
#5948 = AXIS2_PLACEMENT_3D('',#5949,#5950,#5951);
#5949 = CARTESIAN_POINT('',(2.75,1.3,0.));
#5950 = DIRECTION('',(0.,-0.,-1.));
#5951 = DIRECTION('',(3.445092848398E-16,1.,0.));
#5952 = ADVANCED_FACE('',(#5953),#5972,.T.);
#5953 = FACE_BOUND('',#5954,.T.);
#5954 = EDGE_LOOP('',(#5955,#5956,#5957,#5965));
#5955 = ORIENTED_EDGE('',*,*,#5901,.T.);
#5956 = ORIENTED_EDGE('',*,*,#2959,.T.);
#5957 = ORIENTED_EDGE('',*,*,#5958,.F.);
#5958 = EDGE_CURVE('',#5959,#2960,#5961,.T.);
#5959 = VERTEX_POINT('',#5960);
#5960 = CARTESIAN_POINT('',(-1.15,-2.75,0.));
#5961 = LINE('',#5962,#5963);
#5962 = CARTESIAN_POINT('',(-1.15,-2.75,0.));
#5963 = VECTOR('',#5964,1.);
#5964 = DIRECTION('',(0.,0.,1.));
#5965 = ORIENTED_EDGE('',*,*,#5966,.T.);
#5966 = EDGE_CURVE('',#5959,#5892,#5967,.T.);
#5967 = CIRCLE('',#5968,0.15);
#5968 = AXIS2_PLACEMENT_3D('',#5969,#5970,#5971);
#5969 = CARTESIAN_POINT('',(-1.3,-2.75,0.));
#5970 = DIRECTION('',(-0.,0.,1.));
#5971 = DIRECTION('',(1.,-5.665538897648E-16,0.));
#5972 = CYLINDRICAL_SURFACE('',#5973,0.15);
#5973 = AXIS2_PLACEMENT_3D('',#5974,#5975,#5976);
#5974 = CARTESIAN_POINT('',(-1.3,-2.75,0.));
#5975 = DIRECTION('',(-0.,0.,-1.));
#5976 = DIRECTION('',(1.,-5.665538897648E-16,-0.));
#5977 = ADVANCED_FACE('',(#5978),#6005,.F.);
#5978 = FACE_BOUND('',#5979,.F.);
#5979 = EDGE_LOOP('',(#5980,#5988,#5989,#5990,#5991,#5999));
#5980 = ORIENTED_EDGE('',*,*,#5981,.F.);
#5981 = EDGE_CURVE('',#5932,#5982,#5984,.T.);
#5982 = VERTEX_POINT('',#5983);
#5983 = CARTESIAN_POINT('',(3.,1.15,0.));
#5984 = LINE('',#5985,#5986);
#5985 = CARTESIAN_POINT('',(2.75,1.15,0.));
#5986 = VECTOR('',#5987,1.);
#5987 = DIRECTION('',(1.,-2.334869823773E-16,0.));
#5988 = ORIENTED_EDGE('',*,*,#5931,.T.);
#5989 = ORIENTED_EDGE('',*,*,#3322,.F.);
#5990 = ORIENTED_EDGE('',*,*,#5424,.T.);
#5991 = ORIENTED_EDGE('',*,*,#5992,.T.);
#5992 = EDGE_CURVE('',#5425,#5993,#5995,.T.);
#5993 = VERTEX_POINT('',#5994);
#5994 = CARTESIAN_POINT('',(3.,1.15,0.2));
#5995 = LINE('',#5996,#5997);
#5996 = CARTESIAN_POINT('',(2.75,1.15,0.2));
#5997 = VECTOR('',#5998,1.);
#5998 = DIRECTION('',(1.,-2.334869823773E-16,0.));
#5999 = ORIENTED_EDGE('',*,*,#6000,.F.);
#6000 = EDGE_CURVE('',#5982,#5993,#6001,.T.);
#6001 = LINE('',#6002,#6003);
#6002 = CARTESIAN_POINT('',(3.,1.15,0.));
#6003 = VECTOR('',#6004,1.);
#6004 = DIRECTION('',(0.,0.,1.));
#6005 = PLANE('',#6006);
#6006 = AXIS2_PLACEMENT_3D('',#6007,#6008,#6009);
#6007 = CARTESIAN_POINT('',(2.75,1.15,0.));
#6008 = DIRECTION('',(2.334869823773E-16,1.,0.));
#6009 = DIRECTION('',(1.,-2.334869823773E-16,0.));
#6010 = ADVANCED_FACE('',(#6011),#6038,.F.);
#6011 = FACE_BOUND('',#6012,.F.);
#6012 = EDGE_LOOP('',(#6013,#6021,#6029,#6035,#6036,#6037));
#6013 = ORIENTED_EDGE('',*,*,#6014,.F.);
#6014 = EDGE_CURVE('',#6015,#5959,#6017,.T.);
#6015 = VERTEX_POINT('',#6016);
#6016 = CARTESIAN_POINT('',(-1.15,-3.,0.));
#6017 = LINE('',#6018,#6019);
#6018 = CARTESIAN_POINT('',(-1.15,-3.,0.));
#6019 = VECTOR('',#6020,1.);
#6020 = DIRECTION('',(5.665538897648E-16,1.,0.));
#6021 = ORIENTED_EDGE('',*,*,#6022,.T.);
#6022 = EDGE_CURVE('',#6015,#6023,#6025,.T.);
#6023 = VERTEX_POINT('',#6024);
#6024 = CARTESIAN_POINT('',(-1.15,-3.,0.2));
#6025 = LINE('',#6026,#6027);
#6026 = CARTESIAN_POINT('',(-1.15,-3.,0.));
#6027 = VECTOR('',#6028,1.);
#6028 = DIRECTION('',(0.,0.,1.));
#6029 = ORIENTED_EDGE('',*,*,#6030,.T.);
#6030 = EDGE_CURVE('',#6023,#5517,#6031,.T.);
#6031 = LINE('',#6032,#6033);
#6032 = CARTESIAN_POINT('',(-1.15,-3.,0.2));
#6033 = VECTOR('',#6034,1.);
#6034 = DIRECTION('',(5.665538897648E-16,1.,0.));
#6035 = ORIENTED_EDGE('',*,*,#5524,.T.);
#6036 = ORIENTED_EDGE('',*,*,#2968,.F.);
#6037 = ORIENTED_EDGE('',*,*,#5958,.F.);
#6038 = PLANE('',#6039);
#6039 = AXIS2_PLACEMENT_3D('',#6040,#6041,#6042);
#6040 = CARTESIAN_POINT('',(-1.15,-3.,0.));
#6041 = DIRECTION('',(-1.,5.665538897648E-16,0.));
#6042 = DIRECTION('',(5.665538897648E-16,1.,0.));
#6043 = ADVANCED_FACE('',(#6044),#6078,.F.);
#6044 = FACE_BOUND('',#6045,.F.);
#6045 = EDGE_LOOP('',(#6046,#6056,#6064,#6070,#6071,#6072));
#6046 = ORIENTED_EDGE('',*,*,#6047,.F.);
#6047 = EDGE_CURVE('',#6048,#6050,#6052,.T.);
#6048 = VERTEX_POINT('',#6049);
#6049 = CARTESIAN_POINT('',(3.,0.8,0.));
#6050 = VERTEX_POINT('',#6051);
#6051 = CARTESIAN_POINT('',(2.75,0.8,0.));
#6052 = LINE('',#6053,#6054);
#6053 = CARTESIAN_POINT('',(3.,0.8,0.));
#6054 = VECTOR('',#6055,1.);
#6055 = DIRECTION('',(-1.,3.445092848398E-16,0.));
#6056 = ORIENTED_EDGE('',*,*,#6057,.T.);
#6057 = EDGE_CURVE('',#6048,#6058,#6060,.T.);
#6058 = VERTEX_POINT('',#6059);
#6059 = CARTESIAN_POINT('',(3.,0.8,0.2));
#6060 = LINE('',#6061,#6062);
#6061 = CARTESIAN_POINT('',(3.,0.8,0.));
#6062 = VECTOR('',#6063,1.);
#6063 = DIRECTION('',(0.,0.,1.));
#6064 = ORIENTED_EDGE('',*,*,#6065,.T.);
#6065 = EDGE_CURVE('',#6058,#5410,#6066,.T.);
#6066 = LINE('',#6067,#6068);
#6067 = CARTESIAN_POINT('',(3.,0.8,0.2));
#6068 = VECTOR('',#6069,1.);
#6069 = DIRECTION('',(-1.,3.445092848398E-16,0.));
#6070 = ORIENTED_EDGE('',*,*,#5417,.T.);
#6071 = ORIENTED_EDGE('',*,*,#3306,.F.);
#6072 = ORIENTED_EDGE('',*,*,#6073,.F.);
#6073 = EDGE_CURVE('',#6050,#3298,#6074,.T.);
#6074 = LINE('',#6075,#6076);
#6075 = CARTESIAN_POINT('',(2.75,0.8,0.));
#6076 = VECTOR('',#6077,1.);
#6077 = DIRECTION('',(0.,0.,1.));
#6078 = PLANE('',#6079);
#6079 = AXIS2_PLACEMENT_3D('',#6080,#6081,#6082);
#6080 = CARTESIAN_POINT('',(3.,0.8,0.));
#6081 = DIRECTION('',(-3.445092848398E-16,-1.,0.));
#6082 = DIRECTION('',(-1.,3.445092848398E-16,0.));
#6083 = ADVANCED_FACE('',(#6084),#6118,.F.);
#6084 = FACE_BOUND('',#6085,.F.);
#6085 = EDGE_LOOP('',(#6086,#6096,#6102,#6103,#6104,#6112));
#6086 = ORIENTED_EDGE('',*,*,#6087,.F.);
#6087 = EDGE_CURVE('',#6088,#6090,#6092,.T.);
#6088 = VERTEX_POINT('',#6089);
#6089 = CARTESIAN_POINT('',(-0.8,-2.75,0.));
#6090 = VERTEX_POINT('',#6091);
#6091 = CARTESIAN_POINT('',(-0.8,-3.,0.));
#6092 = LINE('',#6093,#6094);
#6093 = CARTESIAN_POINT('',(-0.8,-2.75,0.));
#6094 = VECTOR('',#6095,1.);
#6095 = DIRECTION('',(-4.555315873023E-16,-1.,0.));
#6096 = ORIENTED_EDGE('',*,*,#6097,.T.);
#6097 = EDGE_CURVE('',#6088,#2985,#6098,.T.);
#6098 = LINE('',#6099,#6100);
#6099 = CARTESIAN_POINT('',(-0.8,-2.75,0.));
#6100 = VECTOR('',#6101,1.);
#6101 = DIRECTION('',(0.,0.,1.));
#6102 = ORIENTED_EDGE('',*,*,#2984,.F.);
#6103 = ORIENTED_EDGE('',*,*,#5531,.T.);
#6104 = ORIENTED_EDGE('',*,*,#6105,.T.);
#6105 = EDGE_CURVE('',#5532,#6106,#6108,.T.);
#6106 = VERTEX_POINT('',#6107);
#6107 = CARTESIAN_POINT('',(-0.8,-3.,0.2));
#6108 = LINE('',#6109,#6110);
#6109 = CARTESIAN_POINT('',(-0.8,-2.75,0.2));
#6110 = VECTOR('',#6111,1.);
#6111 = DIRECTION('',(-4.555315873023E-16,-1.,0.));
#6112 = ORIENTED_EDGE('',*,*,#6113,.F.);
#6113 = EDGE_CURVE('',#6090,#6106,#6114,.T.);
#6114 = LINE('',#6115,#6116);
#6115 = CARTESIAN_POINT('',(-0.8,-3.,0.));
#6116 = VECTOR('',#6117,1.);
#6117 = DIRECTION('',(0.,0.,1.));
#6118 = PLANE('',#6119);
#6119 = AXIS2_PLACEMENT_3D('',#6120,#6121,#6122);
#6120 = CARTESIAN_POINT('',(-0.8,-2.75,0.));
#6121 = DIRECTION('',(1.,-4.555315873023E-16,0.));
#6122 = DIRECTION('',(-4.555315873023E-16,-1.,0.));
#6123 = ADVANCED_FACE('',(#6124),#6143,.T.);
#6124 = FACE_BOUND('',#6125,.T.);
#6125 = EDGE_LOOP('',(#6126,#6134,#6135,#6136));
#6126 = ORIENTED_EDGE('',*,*,#6127,.T.);
#6127 = EDGE_CURVE('',#6128,#3290,#6130,.T.);
#6128 = VERTEX_POINT('',#6129);
#6129 = CARTESIAN_POINT('',(2.75,0.5,0.));
#6130 = LINE('',#6131,#6132);
#6131 = CARTESIAN_POINT('',(2.75,0.5,0.));
#6132 = VECTOR('',#6133,1.);
#6133 = DIRECTION('',(0.,0.,1.));
#6134 = ORIENTED_EDGE('',*,*,#3297,.T.);
#6135 = ORIENTED_EDGE('',*,*,#6073,.F.);
#6136 = ORIENTED_EDGE('',*,*,#6137,.T.);
#6137 = EDGE_CURVE('',#6050,#6128,#6138,.T.);
#6138 = CIRCLE('',#6139,0.15);
#6139 = AXIS2_PLACEMENT_3D('',#6140,#6141,#6142);
#6140 = CARTESIAN_POINT('',(2.75,0.65,0.));
#6141 = DIRECTION('',(0.,-0.,1.));
#6142 = DIRECTION('',(3.445092848398E-16,1.,0.));
#6143 = CYLINDRICAL_SURFACE('',#6144,0.15);
#6144 = AXIS2_PLACEMENT_3D('',#6145,#6146,#6147);
#6145 = CARTESIAN_POINT('',(2.75,0.65,0.));
#6146 = DIRECTION('',(0.,-0.,-1.));
#6147 = DIRECTION('',(3.445092848398E-16,1.,0.));
#6148 = ADVANCED_FACE('',(#6149),#6168,.T.);
#6149 = FACE_BOUND('',#6150,.T.);
#6150 = EDGE_LOOP('',(#6151,#6152,#6153,#6161));
#6151 = ORIENTED_EDGE('',*,*,#6097,.T.);
#6152 = ORIENTED_EDGE('',*,*,#2992,.T.);
#6153 = ORIENTED_EDGE('',*,*,#6154,.F.);
#6154 = EDGE_CURVE('',#6155,#2993,#6157,.T.);
#6155 = VERTEX_POINT('',#6156);
#6156 = CARTESIAN_POINT('',(-0.5,-2.75,0.));
#6157 = LINE('',#6158,#6159);
#6158 = CARTESIAN_POINT('',(-0.5,-2.75,0.));
#6159 = VECTOR('',#6160,1.);
#6160 = DIRECTION('',(0.,0.,1.));
#6161 = ORIENTED_EDGE('',*,*,#6162,.T.);
#6162 = EDGE_CURVE('',#6155,#6088,#6163,.T.);
#6163 = CIRCLE('',#6164,0.15);
#6164 = AXIS2_PLACEMENT_3D('',#6165,#6166,#6167);
#6165 = CARTESIAN_POINT('',(-0.65,-2.75,0.));
#6166 = DIRECTION('',(-0.,0.,1.));
#6167 = DIRECTION('',(1.,-5.665538897648E-16,0.));
#6168 = CYLINDRICAL_SURFACE('',#6169,0.15);
#6169 = AXIS2_PLACEMENT_3D('',#6170,#6171,#6172);
#6170 = CARTESIAN_POINT('',(-0.65,-2.75,0.));
#6171 = DIRECTION('',(-0.,0.,-1.));
#6172 = DIRECTION('',(1.,-5.665538897648E-16,-0.));
#6173 = ADVANCED_FACE('',(#6174),#6201,.F.);
#6174 = FACE_BOUND('',#6175,.F.);
#6175 = EDGE_LOOP('',(#6176,#6184,#6185,#6186,#6187,#6195));
#6176 = ORIENTED_EDGE('',*,*,#6177,.F.);
#6177 = EDGE_CURVE('',#6128,#6178,#6180,.T.);
#6178 = VERTEX_POINT('',#6179);
#6179 = CARTESIAN_POINT('',(3.,0.5,0.));
#6180 = LINE('',#6181,#6182);
#6181 = CARTESIAN_POINT('',(2.75,0.5,0.));
#6182 = VECTOR('',#6183,1.);
#6183 = DIRECTION('',(1.,-2.334869823773E-16,0.));
#6184 = ORIENTED_EDGE('',*,*,#6127,.T.);
#6185 = ORIENTED_EDGE('',*,*,#3289,.F.);
#6186 = ORIENTED_EDGE('',*,*,#5401,.T.);
#6187 = ORIENTED_EDGE('',*,*,#6188,.T.);
#6188 = EDGE_CURVE('',#5402,#6189,#6191,.T.);
#6189 = VERTEX_POINT('',#6190);
#6190 = CARTESIAN_POINT('',(3.,0.5,0.2));
#6191 = LINE('',#6192,#6193);
#6192 = CARTESIAN_POINT('',(2.75,0.5,0.2));
#6193 = VECTOR('',#6194,1.);
#6194 = DIRECTION('',(1.,-2.334869823773E-16,0.));
#6195 = ORIENTED_EDGE('',*,*,#6196,.F.);
#6196 = EDGE_CURVE('',#6178,#6189,#6197,.T.);
#6197 = LINE('',#6198,#6199);
#6198 = CARTESIAN_POINT('',(3.,0.5,0.));
#6199 = VECTOR('',#6200,1.);
#6200 = DIRECTION('',(0.,0.,1.));
#6201 = PLANE('',#6202);
#6202 = AXIS2_PLACEMENT_3D('',#6203,#6204,#6205);
#6203 = CARTESIAN_POINT('',(2.75,0.5,0.));
#6204 = DIRECTION('',(2.334869823773E-16,1.,0.));
#6205 = DIRECTION('',(1.,-2.334869823773E-16,0.));
#6206 = ADVANCED_FACE('',(#6207),#6234,.F.);
#6207 = FACE_BOUND('',#6208,.F.);
#6208 = EDGE_LOOP('',(#6209,#6217,#6225,#6231,#6232,#6233));
#6209 = ORIENTED_EDGE('',*,*,#6210,.F.);
#6210 = EDGE_CURVE('',#6211,#6155,#6213,.T.);
#6211 = VERTEX_POINT('',#6212);
#6212 = CARTESIAN_POINT('',(-0.5,-3.,0.));
#6213 = LINE('',#6214,#6215);
#6214 = CARTESIAN_POINT('',(-0.5,-3.,0.));
#6215 = VECTOR('',#6216,1.);
#6216 = DIRECTION('',(5.665538897648E-16,1.,0.));
#6217 = ORIENTED_EDGE('',*,*,#6218,.T.);
#6218 = EDGE_CURVE('',#6211,#6219,#6221,.T.);
#6219 = VERTEX_POINT('',#6220);
#6220 = CARTESIAN_POINT('',(-0.5,-3.,0.2));
#6221 = LINE('',#6222,#6223);
#6222 = CARTESIAN_POINT('',(-0.5,-3.,0.));
#6223 = VECTOR('',#6224,1.);
#6224 = DIRECTION('',(0.,0.,1.));
#6225 = ORIENTED_EDGE('',*,*,#6226,.T.);
#6226 = EDGE_CURVE('',#6219,#5540,#6227,.T.);
#6227 = LINE('',#6228,#6229);
#6228 = CARTESIAN_POINT('',(-0.5,-3.,0.2));
#6229 = VECTOR('',#6230,1.);
#6230 = DIRECTION('',(5.665538897648E-16,1.,0.));
#6231 = ORIENTED_EDGE('',*,*,#5547,.T.);
#6232 = ORIENTED_EDGE('',*,*,#3001,.F.);
#6233 = ORIENTED_EDGE('',*,*,#6154,.F.);
#6234 = PLANE('',#6235);
#6235 = AXIS2_PLACEMENT_3D('',#6236,#6237,#6238);
#6236 = CARTESIAN_POINT('',(-0.5,-3.,0.));
#6237 = DIRECTION('',(-1.,5.665538897648E-16,0.));
#6238 = DIRECTION('',(5.665538897648E-16,1.,0.));
#6239 = ADVANCED_FACE('',(#6240),#6274,.F.);
#6240 = FACE_BOUND('',#6241,.F.);
#6241 = EDGE_LOOP('',(#6242,#6252,#6260,#6266,#6267,#6268));
#6242 = ORIENTED_EDGE('',*,*,#6243,.F.);
#6243 = EDGE_CURVE('',#6244,#6246,#6248,.T.);
#6244 = VERTEX_POINT('',#6245);
#6245 = CARTESIAN_POINT('',(3.,0.15,0.));
#6246 = VERTEX_POINT('',#6247);
#6247 = CARTESIAN_POINT('',(2.75,0.15,0.));
#6248 = LINE('',#6249,#6250);
#6249 = CARTESIAN_POINT('',(3.,0.15,0.));
#6250 = VECTOR('',#6251,1.);
#6251 = DIRECTION('',(-1.,3.445092848398E-16,0.));
#6252 = ORIENTED_EDGE('',*,*,#6253,.T.);
#6253 = EDGE_CURVE('',#6244,#6254,#6256,.T.);
#6254 = VERTEX_POINT('',#6255);
#6255 = CARTESIAN_POINT('',(3.,0.15,0.2));
#6256 = LINE('',#6257,#6258);
#6257 = CARTESIAN_POINT('',(3.,0.15,0.));
#6258 = VECTOR('',#6259,1.);
#6259 = DIRECTION('',(0.,0.,1.));
#6260 = ORIENTED_EDGE('',*,*,#6261,.T.);
#6261 = EDGE_CURVE('',#6254,#5387,#6262,.T.);
#6262 = LINE('',#6263,#6264);
#6263 = CARTESIAN_POINT('',(3.,0.15,0.2));
#6264 = VECTOR('',#6265,1.);
#6265 = DIRECTION('',(-1.,3.445092848398E-16,0.));
#6266 = ORIENTED_EDGE('',*,*,#5394,.T.);
#6267 = ORIENTED_EDGE('',*,*,#3273,.F.);
#6268 = ORIENTED_EDGE('',*,*,#6269,.F.);
#6269 = EDGE_CURVE('',#6246,#3265,#6270,.T.);
#6270 = LINE('',#6271,#6272);
#6271 = CARTESIAN_POINT('',(2.75,0.15,0.));
#6272 = VECTOR('',#6273,1.);
#6273 = DIRECTION('',(0.,0.,1.));
#6274 = PLANE('',#6275);
#6275 = AXIS2_PLACEMENT_3D('',#6276,#6277,#6278);
#6276 = CARTESIAN_POINT('',(3.,0.15,0.));
#6277 = DIRECTION('',(-3.445092848398E-16,-1.,0.));
#6278 = DIRECTION('',(-1.,3.445092848398E-16,0.));
#6279 = ADVANCED_FACE('',(#6280),#6314,.F.);
#6280 = FACE_BOUND('',#6281,.F.);
#6281 = EDGE_LOOP('',(#6282,#6292,#6298,#6299,#6300,#6308));
#6282 = ORIENTED_EDGE('',*,*,#6283,.F.);
#6283 = EDGE_CURVE('',#6284,#6286,#6288,.T.);
#6284 = VERTEX_POINT('',#6285);
#6285 = CARTESIAN_POINT('',(-0.15,-2.75,0.));
#6286 = VERTEX_POINT('',#6287);
#6287 = CARTESIAN_POINT('',(-0.15,-3.,0.));
#6288 = LINE('',#6289,#6290);
#6289 = CARTESIAN_POINT('',(-0.15,-2.75,0.));
#6290 = VECTOR('',#6291,1.);
#6291 = DIRECTION('',(-4.555315873023E-16,-1.,0.));
#6292 = ORIENTED_EDGE('',*,*,#6293,.T.);
#6293 = EDGE_CURVE('',#6284,#3018,#6294,.T.);
#6294 = LINE('',#6295,#6296);
#6295 = CARTESIAN_POINT('',(-0.15,-2.75,0.));
#6296 = VECTOR('',#6297,1.);
#6297 = DIRECTION('',(0.,0.,1.));
#6298 = ORIENTED_EDGE('',*,*,#3017,.F.);
#6299 = ORIENTED_EDGE('',*,*,#5554,.T.);
#6300 = ORIENTED_EDGE('',*,*,#6301,.T.);
#6301 = EDGE_CURVE('',#5555,#6302,#6304,.T.);
#6302 = VERTEX_POINT('',#6303);
#6303 = CARTESIAN_POINT('',(-0.15,-3.,0.2));
#6304 = LINE('',#6305,#6306);
#6305 = CARTESIAN_POINT('',(-0.15,-2.75,0.2));
#6306 = VECTOR('',#6307,1.);
#6307 = DIRECTION('',(-4.555315873023E-16,-1.,0.));
#6308 = ORIENTED_EDGE('',*,*,#6309,.F.);
#6309 = EDGE_CURVE('',#6286,#6302,#6310,.T.);
#6310 = LINE('',#6311,#6312);
#6311 = CARTESIAN_POINT('',(-0.15,-3.,0.));
#6312 = VECTOR('',#6313,1.);
#6313 = DIRECTION('',(0.,0.,1.));
#6314 = PLANE('',#6315);
#6315 = AXIS2_PLACEMENT_3D('',#6316,#6317,#6318);
#6316 = CARTESIAN_POINT('',(-0.15,-2.75,0.));
#6317 = DIRECTION('',(1.,-4.555315873023E-16,0.));
#6318 = DIRECTION('',(-4.555315873023E-16,-1.,0.));
#6319 = ADVANCED_FACE('',(#6320),#6339,.T.);
#6320 = FACE_BOUND('',#6321,.T.);
#6321 = EDGE_LOOP('',(#6322,#6330,#6331,#6332));
#6322 = ORIENTED_EDGE('',*,*,#6323,.T.);
#6323 = EDGE_CURVE('',#6324,#3257,#6326,.T.);
#6324 = VERTEX_POINT('',#6325);
#6325 = CARTESIAN_POINT('',(2.75,-0.15,0.));
#6326 = LINE('',#6327,#6328);
#6327 = CARTESIAN_POINT('',(2.75,-0.15,0.));
#6328 = VECTOR('',#6329,1.);
#6329 = DIRECTION('',(0.,0.,1.));
#6330 = ORIENTED_EDGE('',*,*,#3264,.T.);
#6331 = ORIENTED_EDGE('',*,*,#6269,.F.);
#6332 = ORIENTED_EDGE('',*,*,#6333,.T.);
#6333 = EDGE_CURVE('',#6246,#6324,#6334,.T.);
#6334 = CIRCLE('',#6335,0.15);
#6335 = AXIS2_PLACEMENT_3D('',#6336,#6337,#6338);
#6336 = CARTESIAN_POINT('',(2.75,-6.383782391595E-16,0.));
#6337 = DIRECTION('',(0.,-0.,1.));
#6338 = DIRECTION('',(3.445092848398E-16,1.,0.));
#6339 = CYLINDRICAL_SURFACE('',#6340,0.15);
#6340 = AXIS2_PLACEMENT_3D('',#6341,#6342,#6343);
#6341 = CARTESIAN_POINT('',(2.75,-6.383782391595E-16,0.));
#6342 = DIRECTION('',(0.,-0.,-1.));
#6343 = DIRECTION('',(3.445092848398E-16,1.,0.));
#6344 = ADVANCED_FACE('',(#6345),#6364,.T.);
#6345 = FACE_BOUND('',#6346,.T.);
#6346 = EDGE_LOOP('',(#6347,#6348,#6349,#6357));
#6347 = ORIENTED_EDGE('',*,*,#6293,.T.);
#6348 = ORIENTED_EDGE('',*,*,#3025,.T.);
#6349 = ORIENTED_EDGE('',*,*,#6350,.F.);
#6350 = EDGE_CURVE('',#6351,#3026,#6353,.T.);
#6351 = VERTEX_POINT('',#6352);
#6352 = CARTESIAN_POINT('',(0.15,-2.75,0.));
#6353 = LINE('',#6354,#6355);
#6354 = CARTESIAN_POINT('',(0.15,-2.75,0.));
#6355 = VECTOR('',#6356,1.);
#6356 = DIRECTION('',(0.,0.,1.));
#6357 = ORIENTED_EDGE('',*,*,#6358,.T.);
#6358 = EDGE_CURVE('',#6351,#6284,#6359,.T.);
#6359 = CIRCLE('',#6360,0.15);
#6360 = AXIS2_PLACEMENT_3D('',#6361,#6362,#6363);
#6361 = CARTESIAN_POINT('',(-1.249000902703E-15,-2.75,0.));
#6362 = DIRECTION('',(-0.,0.,1.));
#6363 = DIRECTION('',(1.,-5.665538897648E-16,0.));
#6364 = CYLINDRICAL_SURFACE('',#6365,0.15);
#6365 = AXIS2_PLACEMENT_3D('',#6366,#6367,#6368);
#6366 = CARTESIAN_POINT('',(-1.249000902703E-15,-2.75,0.));
#6367 = DIRECTION('',(-0.,0.,-1.));
#6368 = DIRECTION('',(1.,-5.665538897648E-16,-0.));
#6369 = ADVANCED_FACE('',(#6370),#6397,.F.);
#6370 = FACE_BOUND('',#6371,.F.);
#6371 = EDGE_LOOP('',(#6372,#6380,#6381,#6382,#6383,#6391));
#6372 = ORIENTED_EDGE('',*,*,#6373,.F.);
#6373 = EDGE_CURVE('',#6324,#6374,#6376,.T.);
#6374 = VERTEX_POINT('',#6375);
#6375 = CARTESIAN_POINT('',(3.,-0.15,0.));
#6376 = LINE('',#6377,#6378);
#6377 = CARTESIAN_POINT('',(2.75,-0.15,0.));
#6378 = VECTOR('',#6379,1.);
#6379 = DIRECTION('',(1.,-2.334869823773E-16,0.));
#6380 = ORIENTED_EDGE('',*,*,#6323,.T.);
#6381 = ORIENTED_EDGE('',*,*,#3256,.F.);
#6382 = ORIENTED_EDGE('',*,*,#5378,.T.);
#6383 = ORIENTED_EDGE('',*,*,#6384,.T.);
#6384 = EDGE_CURVE('',#5379,#6385,#6387,.T.);
#6385 = VERTEX_POINT('',#6386);
#6386 = CARTESIAN_POINT('',(3.,-0.15,0.2));
#6387 = LINE('',#6388,#6389);
#6388 = CARTESIAN_POINT('',(2.75,-0.15,0.2));
#6389 = VECTOR('',#6390,1.);
#6390 = DIRECTION('',(1.,-2.334869823773E-16,0.));
#6391 = ORIENTED_EDGE('',*,*,#6392,.F.);
#6392 = EDGE_CURVE('',#6374,#6385,#6393,.T.);
#6393 = LINE('',#6394,#6395);
#6394 = CARTESIAN_POINT('',(3.,-0.15,0.));
#6395 = VECTOR('',#6396,1.);
#6396 = DIRECTION('',(0.,0.,1.));
#6397 = PLANE('',#6398);
#6398 = AXIS2_PLACEMENT_3D('',#6399,#6400,#6401);
#6399 = CARTESIAN_POINT('',(2.75,-0.15,0.));
#6400 = DIRECTION('',(2.334869823773E-16,1.,0.));
#6401 = DIRECTION('',(1.,-2.334869823773E-16,0.));
#6402 = ADVANCED_FACE('',(#6403),#6430,.F.);
#6403 = FACE_BOUND('',#6404,.F.);
#6404 = EDGE_LOOP('',(#6405,#6413,#6421,#6427,#6428,#6429));
#6405 = ORIENTED_EDGE('',*,*,#6406,.F.);
#6406 = EDGE_CURVE('',#6407,#6351,#6409,.T.);
#6407 = VERTEX_POINT('',#6408);
#6408 = CARTESIAN_POINT('',(0.15,-3.,0.));
#6409 = LINE('',#6410,#6411);
#6410 = CARTESIAN_POINT('',(0.15,-3.,0.));
#6411 = VECTOR('',#6412,1.);
#6412 = DIRECTION('',(5.665538897648E-16,1.,0.));
#6413 = ORIENTED_EDGE('',*,*,#6414,.T.);
#6414 = EDGE_CURVE('',#6407,#6415,#6417,.T.);
#6415 = VERTEX_POINT('',#6416);
#6416 = CARTESIAN_POINT('',(0.15,-3.,0.2));
#6417 = LINE('',#6418,#6419);
#6418 = CARTESIAN_POINT('',(0.15,-3.,0.));
#6419 = VECTOR('',#6420,1.);
#6420 = DIRECTION('',(0.,0.,1.));
#6421 = ORIENTED_EDGE('',*,*,#6422,.T.);
#6422 = EDGE_CURVE('',#6415,#5563,#6423,.T.);
#6423 = LINE('',#6424,#6425);
#6424 = CARTESIAN_POINT('',(0.15,-3.,0.2));
#6425 = VECTOR('',#6426,1.);
#6426 = DIRECTION('',(5.665538897648E-16,1.,0.));
#6427 = ORIENTED_EDGE('',*,*,#5570,.T.);
#6428 = ORIENTED_EDGE('',*,*,#3034,.F.);
#6429 = ORIENTED_EDGE('',*,*,#6350,.F.);
#6430 = PLANE('',#6431);
#6431 = AXIS2_PLACEMENT_3D('',#6432,#6433,#6434);
#6432 = CARTESIAN_POINT('',(0.15,-3.,0.));
#6433 = DIRECTION('',(-1.,5.665538897648E-16,0.));
#6434 = DIRECTION('',(5.665538897648E-16,1.,0.));
#6435 = ADVANCED_FACE('',(#6436),#6470,.F.);
#6436 = FACE_BOUND('',#6437,.F.);
#6437 = EDGE_LOOP('',(#6438,#6448,#6456,#6462,#6463,#6464));
#6438 = ORIENTED_EDGE('',*,*,#6439,.F.);
#6439 = EDGE_CURVE('',#6440,#6442,#6444,.T.);
#6440 = VERTEX_POINT('',#6441);
#6441 = CARTESIAN_POINT('',(3.,-0.5,0.));
#6442 = VERTEX_POINT('',#6443);
#6443 = CARTESIAN_POINT('',(2.75,-0.5,0.));
#6444 = LINE('',#6445,#6446);
#6445 = CARTESIAN_POINT('',(3.,-0.5,0.));
#6446 = VECTOR('',#6447,1.);
#6447 = DIRECTION('',(-1.,3.445092848398E-16,0.));
#6448 = ORIENTED_EDGE('',*,*,#6449,.T.);
#6449 = EDGE_CURVE('',#6440,#6450,#6452,.T.);
#6450 = VERTEX_POINT('',#6451);
#6451 = CARTESIAN_POINT('',(3.,-0.5,0.2));
#6452 = LINE('',#6453,#6454);
#6453 = CARTESIAN_POINT('',(3.,-0.5,0.));
#6454 = VECTOR('',#6455,1.);
#6455 = DIRECTION('',(0.,0.,1.));
#6456 = ORIENTED_EDGE('',*,*,#6457,.T.);
#6457 = EDGE_CURVE('',#6450,#5364,#6458,.T.);
#6458 = LINE('',#6459,#6460);
#6459 = CARTESIAN_POINT('',(3.,-0.5,0.2));
#6460 = VECTOR('',#6461,1.);
#6461 = DIRECTION('',(-1.,3.445092848398E-16,0.));
#6462 = ORIENTED_EDGE('',*,*,#5371,.T.);
#6463 = ORIENTED_EDGE('',*,*,#3240,.F.);
#6464 = ORIENTED_EDGE('',*,*,#6465,.F.);
#6465 = EDGE_CURVE('',#6442,#3232,#6466,.T.);
#6466 = LINE('',#6467,#6468);
#6467 = CARTESIAN_POINT('',(2.75,-0.5,0.));
#6468 = VECTOR('',#6469,1.);
#6469 = DIRECTION('',(0.,0.,1.));
#6470 = PLANE('',#6471);
#6471 = AXIS2_PLACEMENT_3D('',#6472,#6473,#6474);
#6472 = CARTESIAN_POINT('',(3.,-0.5,0.));
#6473 = DIRECTION('',(-3.445092848398E-16,-1.,0.));
#6474 = DIRECTION('',(-1.,3.445092848398E-16,0.));
#6475 = ADVANCED_FACE('',(#6476),#6510,.F.);
#6476 = FACE_BOUND('',#6477,.F.);
#6477 = EDGE_LOOP('',(#6478,#6488,#6494,#6495,#6496,#6504));
#6478 = ORIENTED_EDGE('',*,*,#6479,.F.);
#6479 = EDGE_CURVE('',#6480,#6482,#6484,.T.);
#6480 = VERTEX_POINT('',#6481);
#6481 = CARTESIAN_POINT('',(0.5,-2.75,0.));
#6482 = VERTEX_POINT('',#6483);
#6483 = CARTESIAN_POINT('',(0.5,-3.,0.));
#6484 = LINE('',#6485,#6486);
#6485 = CARTESIAN_POINT('',(0.5,-2.75,0.));
#6486 = VECTOR('',#6487,1.);
#6487 = DIRECTION('',(-4.555315873023E-16,-1.,0.));
#6488 = ORIENTED_EDGE('',*,*,#6489,.T.);
#6489 = EDGE_CURVE('',#6480,#3051,#6490,.T.);
#6490 = LINE('',#6491,#6492);
#6491 = CARTESIAN_POINT('',(0.5,-2.75,0.));
#6492 = VECTOR('',#6493,1.);
#6493 = DIRECTION('',(0.,0.,1.));
#6494 = ORIENTED_EDGE('',*,*,#3050,.F.);
#6495 = ORIENTED_EDGE('',*,*,#5577,.T.);
#6496 = ORIENTED_EDGE('',*,*,#6497,.T.);
#6497 = EDGE_CURVE('',#5578,#6498,#6500,.T.);
#6498 = VERTEX_POINT('',#6499);
#6499 = CARTESIAN_POINT('',(0.5,-3.,0.2));
#6500 = LINE('',#6501,#6502);
#6501 = CARTESIAN_POINT('',(0.5,-2.75,0.2));
#6502 = VECTOR('',#6503,1.);
#6503 = DIRECTION('',(-4.555315873023E-16,-1.,0.));
#6504 = ORIENTED_EDGE('',*,*,#6505,.F.);
#6505 = EDGE_CURVE('',#6482,#6498,#6506,.T.);
#6506 = LINE('',#6507,#6508);
#6507 = CARTESIAN_POINT('',(0.5,-3.,0.));
#6508 = VECTOR('',#6509,1.);
#6509 = DIRECTION('',(0.,0.,1.));
#6510 = PLANE('',#6511);
#6511 = AXIS2_PLACEMENT_3D('',#6512,#6513,#6514);
#6512 = CARTESIAN_POINT('',(0.5,-2.75,0.));
#6513 = DIRECTION('',(1.,-4.555315873023E-16,0.));
#6514 = DIRECTION('',(-4.555315873023E-16,-1.,0.));
#6515 = ADVANCED_FACE('',(#6516),#6535,.T.);
#6516 = FACE_BOUND('',#6517,.T.);
#6517 = EDGE_LOOP('',(#6518,#6526,#6527,#6528));
#6518 = ORIENTED_EDGE('',*,*,#6519,.T.);
#6519 = EDGE_CURVE('',#6520,#3224,#6522,.T.);
#6520 = VERTEX_POINT('',#6521);
#6521 = CARTESIAN_POINT('',(2.75,-0.8,0.));
#6522 = LINE('',#6523,#6524);
#6523 = CARTESIAN_POINT('',(2.75,-0.8,0.));
#6524 = VECTOR('',#6525,1.);
#6525 = DIRECTION('',(0.,0.,1.));
#6526 = ORIENTED_EDGE('',*,*,#3231,.T.);
#6527 = ORIENTED_EDGE('',*,*,#6465,.F.);
#6528 = ORIENTED_EDGE('',*,*,#6529,.T.);
#6529 = EDGE_CURVE('',#6442,#6520,#6530,.T.);
#6530 = CIRCLE('',#6531,0.15);
#6531 = AXIS2_PLACEMENT_3D('',#6532,#6533,#6534);
#6532 = CARTESIAN_POINT('',(2.75,-0.65,0.));
#6533 = DIRECTION('',(0.,-0.,1.));
#6534 = DIRECTION('',(3.445092848398E-16,1.,0.));
#6535 = CYLINDRICAL_SURFACE('',#6536,0.15);
#6536 = AXIS2_PLACEMENT_3D('',#6537,#6538,#6539);
#6537 = CARTESIAN_POINT('',(2.75,-0.65,0.));
#6538 = DIRECTION('',(0.,-0.,-1.));
#6539 = DIRECTION('',(3.445092848398E-16,1.,0.));
#6540 = ADVANCED_FACE('',(#6541),#6560,.T.);
#6541 = FACE_BOUND('',#6542,.T.);
#6542 = EDGE_LOOP('',(#6543,#6544,#6545,#6553));
#6543 = ORIENTED_EDGE('',*,*,#6489,.T.);
#6544 = ORIENTED_EDGE('',*,*,#3058,.T.);
#6545 = ORIENTED_EDGE('',*,*,#6546,.F.);
#6546 = EDGE_CURVE('',#6547,#3059,#6549,.T.);
#6547 = VERTEX_POINT('',#6548);
#6548 = CARTESIAN_POINT('',(0.8,-2.75,0.));
#6549 = LINE('',#6550,#6551);
#6550 = CARTESIAN_POINT('',(0.8,-2.75,0.));
#6551 = VECTOR('',#6552,1.);
#6552 = DIRECTION('',(0.,0.,1.));
#6553 = ORIENTED_EDGE('',*,*,#6554,.T.);
#6554 = EDGE_CURVE('',#6547,#6480,#6555,.T.);
#6555 = CIRCLE('',#6556,0.15);
#6556 = AXIS2_PLACEMENT_3D('',#6557,#6558,#6559);
#6557 = CARTESIAN_POINT('',(0.65,-2.75,0.));
#6558 = DIRECTION('',(-0.,0.,1.));
#6559 = DIRECTION('',(1.,-5.665538897648E-16,0.));
#6560 = CYLINDRICAL_SURFACE('',#6561,0.15);
#6561 = AXIS2_PLACEMENT_3D('',#6562,#6563,#6564);
#6562 = CARTESIAN_POINT('',(0.65,-2.75,0.));
#6563 = DIRECTION('',(-0.,0.,-1.));
#6564 = DIRECTION('',(1.,-5.665538897648E-16,-0.));
#6565 = ADVANCED_FACE('',(#6566),#6593,.F.);
#6566 = FACE_BOUND('',#6567,.F.);
#6567 = EDGE_LOOP('',(#6568,#6576,#6577,#6578,#6579,#6587));
#6568 = ORIENTED_EDGE('',*,*,#6569,.F.);
#6569 = EDGE_CURVE('',#6520,#6570,#6572,.T.);
#6570 = VERTEX_POINT('',#6571);
#6571 = CARTESIAN_POINT('',(3.,-0.8,0.));
#6572 = LINE('',#6573,#6574);
#6573 = CARTESIAN_POINT('',(2.75,-0.8,0.));
#6574 = VECTOR('',#6575,1.);
#6575 = DIRECTION('',(1.,-2.334869823773E-16,0.));
#6576 = ORIENTED_EDGE('',*,*,#6519,.T.);
#6577 = ORIENTED_EDGE('',*,*,#3223,.F.);
#6578 = ORIENTED_EDGE('',*,*,#5355,.T.);
#6579 = ORIENTED_EDGE('',*,*,#6580,.T.);
#6580 = EDGE_CURVE('',#5356,#6581,#6583,.T.);
#6581 = VERTEX_POINT('',#6582);
#6582 = CARTESIAN_POINT('',(3.,-0.8,0.2));
#6583 = LINE('',#6584,#6585);
#6584 = CARTESIAN_POINT('',(2.75,-0.8,0.2));
#6585 = VECTOR('',#6586,1.);
#6586 = DIRECTION('',(1.,-2.334869823773E-16,0.));
#6587 = ORIENTED_EDGE('',*,*,#6588,.F.);
#6588 = EDGE_CURVE('',#6570,#6581,#6589,.T.);
#6589 = LINE('',#6590,#6591);
#6590 = CARTESIAN_POINT('',(3.,-0.8,0.));
#6591 = VECTOR('',#6592,1.);
#6592 = DIRECTION('',(0.,0.,1.));
#6593 = PLANE('',#6594);
#6594 = AXIS2_PLACEMENT_3D('',#6595,#6596,#6597);
#6595 = CARTESIAN_POINT('',(2.75,-0.8,0.));
#6596 = DIRECTION('',(2.334869823773E-16,1.,0.));
#6597 = DIRECTION('',(1.,-2.334869823773E-16,0.));
#6598 = ADVANCED_FACE('',(#6599),#6626,.F.);
#6599 = FACE_BOUND('',#6600,.F.);
#6600 = EDGE_LOOP('',(#6601,#6609,#6617,#6623,#6624,#6625));
#6601 = ORIENTED_EDGE('',*,*,#6602,.F.);
#6602 = EDGE_CURVE('',#6603,#6547,#6605,.T.);
#6603 = VERTEX_POINT('',#6604);
#6604 = CARTESIAN_POINT('',(0.8,-3.,0.));
#6605 = LINE('',#6606,#6607);
#6606 = CARTESIAN_POINT('',(0.8,-3.,0.));
#6607 = VECTOR('',#6608,1.);
#6608 = DIRECTION('',(5.665538897648E-16,1.,0.));
#6609 = ORIENTED_EDGE('',*,*,#6610,.T.);
#6610 = EDGE_CURVE('',#6603,#6611,#6613,.T.);
#6611 = VERTEX_POINT('',#6612);
#6612 = CARTESIAN_POINT('',(0.8,-3.,0.2));
#6613 = LINE('',#6614,#6615);
#6614 = CARTESIAN_POINT('',(0.8,-3.,0.));
#6615 = VECTOR('',#6616,1.);
#6616 = DIRECTION('',(0.,0.,1.));
#6617 = ORIENTED_EDGE('',*,*,#6618,.T.);
#6618 = EDGE_CURVE('',#6611,#5586,#6619,.T.);
#6619 = LINE('',#6620,#6621);
#6620 = CARTESIAN_POINT('',(0.8,-3.,0.2));
#6621 = VECTOR('',#6622,1.);
#6622 = DIRECTION('',(5.665538897648E-16,1.,0.));
#6623 = ORIENTED_EDGE('',*,*,#5593,.T.);
#6624 = ORIENTED_EDGE('',*,*,#3067,.F.);
#6625 = ORIENTED_EDGE('',*,*,#6546,.F.);
#6626 = PLANE('',#6627);
#6627 = AXIS2_PLACEMENT_3D('',#6628,#6629,#6630);
#6628 = CARTESIAN_POINT('',(0.8,-3.,0.));
#6629 = DIRECTION('',(-1.,5.665538897648E-16,0.));
#6630 = DIRECTION('',(5.665538897648E-16,1.,0.));
#6631 = ADVANCED_FACE('',(#6632),#6666,.F.);
#6632 = FACE_BOUND('',#6633,.F.);
#6633 = EDGE_LOOP('',(#6634,#6644,#6652,#6658,#6659,#6660));
#6634 = ORIENTED_EDGE('',*,*,#6635,.F.);
#6635 = EDGE_CURVE('',#6636,#6638,#6640,.T.);
#6636 = VERTEX_POINT('',#6637);
#6637 = CARTESIAN_POINT('',(3.,-1.15,0.));
#6638 = VERTEX_POINT('',#6639);
#6639 = CARTESIAN_POINT('',(2.75,-1.15,0.));
#6640 = LINE('',#6641,#6642);
#6641 = CARTESIAN_POINT('',(3.,-1.15,0.));
#6642 = VECTOR('',#6643,1.);
#6643 = DIRECTION('',(-1.,3.445092848398E-16,0.));
#6644 = ORIENTED_EDGE('',*,*,#6645,.T.);
#6645 = EDGE_CURVE('',#6636,#6646,#6648,.T.);
#6646 = VERTEX_POINT('',#6647);
#6647 = CARTESIAN_POINT('',(3.,-1.15,0.2));
#6648 = LINE('',#6649,#6650);
#6649 = CARTESIAN_POINT('',(3.,-1.15,0.));
#6650 = VECTOR('',#6651,1.);
#6651 = DIRECTION('',(0.,0.,1.));
#6652 = ORIENTED_EDGE('',*,*,#6653,.T.);
#6653 = EDGE_CURVE('',#6646,#5341,#6654,.T.);
#6654 = LINE('',#6655,#6656);
#6655 = CARTESIAN_POINT('',(3.,-1.15,0.2));
#6656 = VECTOR('',#6657,1.);
#6657 = DIRECTION('',(-1.,3.445092848398E-16,0.));
#6658 = ORIENTED_EDGE('',*,*,#5348,.T.);
#6659 = ORIENTED_EDGE('',*,*,#3207,.F.);
#6660 = ORIENTED_EDGE('',*,*,#6661,.F.);
#6661 = EDGE_CURVE('',#6638,#3199,#6662,.T.);
#6662 = LINE('',#6663,#6664);
#6663 = CARTESIAN_POINT('',(2.75,-1.15,0.));
#6664 = VECTOR('',#6665,1.);
#6665 = DIRECTION('',(0.,0.,1.));
#6666 = PLANE('',#6667);
#6667 = AXIS2_PLACEMENT_3D('',#6668,#6669,#6670);
#6668 = CARTESIAN_POINT('',(3.,-1.15,0.));
#6669 = DIRECTION('',(-3.445092848398E-16,-1.,0.));
#6670 = DIRECTION('',(-1.,3.445092848398E-16,0.));
#6671 = ADVANCED_FACE('',(#6672),#6706,.F.);
#6672 = FACE_BOUND('',#6673,.F.);
#6673 = EDGE_LOOP('',(#6674,#6684,#6690,#6691,#6692,#6700));
#6674 = ORIENTED_EDGE('',*,*,#6675,.F.);
#6675 = EDGE_CURVE('',#6676,#6678,#6680,.T.);
#6676 = VERTEX_POINT('',#6677);
#6677 = CARTESIAN_POINT('',(1.15,-2.75,0.));
#6678 = VERTEX_POINT('',#6679);
#6679 = CARTESIAN_POINT('',(1.15,-3.,0.));
#6680 = LINE('',#6681,#6682);
#6681 = CARTESIAN_POINT('',(1.15,-2.75,0.));
#6682 = VECTOR('',#6683,1.);
#6683 = DIRECTION('',(-4.555315873023E-16,-1.,0.));
#6684 = ORIENTED_EDGE('',*,*,#6685,.T.);
#6685 = EDGE_CURVE('',#6676,#3084,#6686,.T.);
#6686 = LINE('',#6687,#6688);
#6687 = CARTESIAN_POINT('',(1.15,-2.75,0.));
#6688 = VECTOR('',#6689,1.);
#6689 = DIRECTION('',(0.,0.,1.));
#6690 = ORIENTED_EDGE('',*,*,#3083,.F.);
#6691 = ORIENTED_EDGE('',*,*,#5600,.T.);
#6692 = ORIENTED_EDGE('',*,*,#6693,.T.);
#6693 = EDGE_CURVE('',#5601,#6694,#6696,.T.);
#6694 = VERTEX_POINT('',#6695);
#6695 = CARTESIAN_POINT('',(1.15,-3.,0.2));
#6696 = LINE('',#6697,#6698);
#6697 = CARTESIAN_POINT('',(1.15,-2.75,0.2));
#6698 = VECTOR('',#6699,1.);
#6699 = DIRECTION('',(-4.555315873023E-16,-1.,0.));
#6700 = ORIENTED_EDGE('',*,*,#6701,.F.);
#6701 = EDGE_CURVE('',#6678,#6694,#6702,.T.);
#6702 = LINE('',#6703,#6704);
#6703 = CARTESIAN_POINT('',(1.15,-3.,0.));
#6704 = VECTOR('',#6705,1.);
#6705 = DIRECTION('',(0.,0.,1.));
#6706 = PLANE('',#6707);
#6707 = AXIS2_PLACEMENT_3D('',#6708,#6709,#6710);
#6708 = CARTESIAN_POINT('',(1.15,-2.75,0.));
#6709 = DIRECTION('',(1.,-4.555315873023E-16,0.));
#6710 = DIRECTION('',(-4.555315873023E-16,-1.,0.));
#6711 = ADVANCED_FACE('',(#6712),#6731,.T.);
#6712 = FACE_BOUND('',#6713,.T.);
#6713 = EDGE_LOOP('',(#6714,#6722,#6723,#6724));
#6714 = ORIENTED_EDGE('',*,*,#6715,.T.);
#6715 = EDGE_CURVE('',#6716,#3191,#6718,.T.);
#6716 = VERTEX_POINT('',#6717);
#6717 = CARTESIAN_POINT('',(2.75,-1.45,0.));
#6718 = LINE('',#6719,#6720);
#6719 = CARTESIAN_POINT('',(2.75,-1.45,0.));
#6720 = VECTOR('',#6721,1.);
#6721 = DIRECTION('',(0.,0.,1.));
#6722 = ORIENTED_EDGE('',*,*,#3198,.T.);
#6723 = ORIENTED_EDGE('',*,*,#6661,.F.);
#6724 = ORIENTED_EDGE('',*,*,#6725,.T.);
#6725 = EDGE_CURVE('',#6638,#6716,#6726,.T.);
#6726 = CIRCLE('',#6727,0.15);
#6727 = AXIS2_PLACEMENT_3D('',#6728,#6729,#6730);
#6728 = CARTESIAN_POINT('',(2.75,-1.3,0.));
#6729 = DIRECTION('',(0.,-0.,1.));
#6730 = DIRECTION('',(3.445092848398E-16,1.,0.));
#6731 = CYLINDRICAL_SURFACE('',#6732,0.15);
#6732 = AXIS2_PLACEMENT_3D('',#6733,#6734,#6735);
#6733 = CARTESIAN_POINT('',(2.75,-1.3,0.));
#6734 = DIRECTION('',(0.,-0.,-1.));
#6735 = DIRECTION('',(3.445092848398E-16,1.,0.));
#6736 = ADVANCED_FACE('',(#6737),#6756,.T.);
#6737 = FACE_BOUND('',#6738,.T.);
#6738 = EDGE_LOOP('',(#6739,#6740,#6741,#6749));
#6739 = ORIENTED_EDGE('',*,*,#6685,.T.);
#6740 = ORIENTED_EDGE('',*,*,#3091,.T.);
#6741 = ORIENTED_EDGE('',*,*,#6742,.F.);
#6742 = EDGE_CURVE('',#6743,#3092,#6745,.T.);
#6743 = VERTEX_POINT('',#6744);
#6744 = CARTESIAN_POINT('',(1.45,-2.75,0.));
#6745 = LINE('',#6746,#6747);
#6746 = CARTESIAN_POINT('',(1.45,-2.75,0.));
#6747 = VECTOR('',#6748,1.);
#6748 = DIRECTION('',(0.,0.,1.));
#6749 = ORIENTED_EDGE('',*,*,#6750,.T.);
#6750 = EDGE_CURVE('',#6743,#6676,#6751,.T.);
#6751 = CIRCLE('',#6752,0.15);
#6752 = AXIS2_PLACEMENT_3D('',#6753,#6754,#6755);
#6753 = CARTESIAN_POINT('',(1.3,-2.75,0.));
#6754 = DIRECTION('',(-0.,0.,1.));
#6755 = DIRECTION('',(1.,-5.665538897648E-16,0.));
#6756 = CYLINDRICAL_SURFACE('',#6757,0.15);
#6757 = AXIS2_PLACEMENT_3D('',#6758,#6759,#6760);
#6758 = CARTESIAN_POINT('',(1.3,-2.75,0.));
#6759 = DIRECTION('',(-0.,0.,-1.));
#6760 = DIRECTION('',(1.,-5.665538897648E-16,-0.));
#6761 = ADVANCED_FACE('',(#6762),#6789,.F.);
#6762 = FACE_BOUND('',#6763,.F.);
#6763 = EDGE_LOOP('',(#6764,#6772,#6773,#6774,#6775,#6783));
#6764 = ORIENTED_EDGE('',*,*,#6765,.F.);
#6765 = EDGE_CURVE('',#6716,#6766,#6768,.T.);
#6766 = VERTEX_POINT('',#6767);
#6767 = CARTESIAN_POINT('',(3.,-1.45,0.));
#6768 = LINE('',#6769,#6770);
#6769 = CARTESIAN_POINT('',(2.75,-1.45,0.));
#6770 = VECTOR('',#6771,1.);
#6771 = DIRECTION('',(1.,-2.334869823773E-16,0.));
#6772 = ORIENTED_EDGE('',*,*,#6715,.T.);
#6773 = ORIENTED_EDGE('',*,*,#3190,.F.);
#6774 = ORIENTED_EDGE('',*,*,#5332,.T.);
#6775 = ORIENTED_EDGE('',*,*,#6776,.T.);
#6776 = EDGE_CURVE('',#5333,#6777,#6779,.T.);
#6777 = VERTEX_POINT('',#6778);
#6778 = CARTESIAN_POINT('',(3.,-1.45,0.2));
#6779 = LINE('',#6780,#6781);
#6780 = CARTESIAN_POINT('',(2.75,-1.45,0.2));
#6781 = VECTOR('',#6782,1.);
#6782 = DIRECTION('',(1.,-2.334869823773E-16,0.));
#6783 = ORIENTED_EDGE('',*,*,#6784,.F.);
#6784 = EDGE_CURVE('',#6766,#6777,#6785,.T.);
#6785 = LINE('',#6786,#6787);
#6786 = CARTESIAN_POINT('',(3.,-1.45,0.));
#6787 = VECTOR('',#6788,1.);
#6788 = DIRECTION('',(0.,0.,1.));
#6789 = PLANE('',#6790);
#6790 = AXIS2_PLACEMENT_3D('',#6791,#6792,#6793);
#6791 = CARTESIAN_POINT('',(2.75,-1.45,0.));
#6792 = DIRECTION('',(2.334869823773E-16,1.,0.));
#6793 = DIRECTION('',(1.,-2.334869823773E-16,0.));
#6794 = ADVANCED_FACE('',(#6795),#6822,.F.);
#6795 = FACE_BOUND('',#6796,.F.);
#6796 = EDGE_LOOP('',(#6797,#6805,#6813,#6819,#6820,#6821));
#6797 = ORIENTED_EDGE('',*,*,#6798,.F.);
#6798 = EDGE_CURVE('',#6799,#6743,#6801,.T.);
#6799 = VERTEX_POINT('',#6800);
#6800 = CARTESIAN_POINT('',(1.45,-3.,0.));
#6801 = LINE('',#6802,#6803);
#6802 = CARTESIAN_POINT('',(1.45,-3.,0.));
#6803 = VECTOR('',#6804,1.);
#6804 = DIRECTION('',(5.665538897648E-16,1.,0.));
#6805 = ORIENTED_EDGE('',*,*,#6806,.T.);
#6806 = EDGE_CURVE('',#6799,#6807,#6809,.T.);
#6807 = VERTEX_POINT('',#6808);
#6808 = CARTESIAN_POINT('',(1.45,-3.,0.2));
#6809 = LINE('',#6810,#6811);
#6810 = CARTESIAN_POINT('',(1.45,-3.,0.));
#6811 = VECTOR('',#6812,1.);
#6812 = DIRECTION('',(0.,0.,1.));
#6813 = ORIENTED_EDGE('',*,*,#6814,.T.);
#6814 = EDGE_CURVE('',#6807,#5609,#6815,.T.);
#6815 = LINE('',#6816,#6817);
#6816 = CARTESIAN_POINT('',(1.45,-3.,0.2));
#6817 = VECTOR('',#6818,1.);
#6818 = DIRECTION('',(5.665538897648E-16,1.,0.));
#6819 = ORIENTED_EDGE('',*,*,#5616,.T.);
#6820 = ORIENTED_EDGE('',*,*,#3100,.F.);
#6821 = ORIENTED_EDGE('',*,*,#6742,.F.);
#6822 = PLANE('',#6823);
#6823 = AXIS2_PLACEMENT_3D('',#6824,#6825,#6826);
#6824 = CARTESIAN_POINT('',(1.45,-3.,0.));
#6825 = DIRECTION('',(-1.,5.665538897648E-16,0.));
#6826 = DIRECTION('',(5.665538897648E-16,1.,0.));
#6827 = ADVANCED_FACE('',(#6828),#6862,.F.);
#6828 = FACE_BOUND('',#6829,.F.);
#6829 = EDGE_LOOP('',(#6830,#6840,#6848,#6854,#6855,#6856));
#6830 = ORIENTED_EDGE('',*,*,#6831,.F.);
#6831 = EDGE_CURVE('',#6832,#6834,#6836,.T.);
#6832 = VERTEX_POINT('',#6833);
#6833 = CARTESIAN_POINT('',(3.,-1.8,0.));
#6834 = VERTEX_POINT('',#6835);
#6835 = CARTESIAN_POINT('',(2.75,-1.8,0.));
#6836 = LINE('',#6837,#6838);
#6837 = CARTESIAN_POINT('',(3.,-1.8,0.));
#6838 = VECTOR('',#6839,1.);
#6839 = DIRECTION('',(-1.,3.445092848398E-16,0.));
#6840 = ORIENTED_EDGE('',*,*,#6841,.T.);
#6841 = EDGE_CURVE('',#6832,#6842,#6844,.T.);
#6842 = VERTEX_POINT('',#6843);
#6843 = CARTESIAN_POINT('',(3.,-1.8,0.2));
#6844 = LINE('',#6845,#6846);
#6845 = CARTESIAN_POINT('',(3.,-1.8,0.));
#6846 = VECTOR('',#6847,1.);
#6847 = DIRECTION('',(0.,0.,1.));
#6848 = ORIENTED_EDGE('',*,*,#6849,.T.);
#6849 = EDGE_CURVE('',#6842,#5318,#6850,.T.);
#6850 = LINE('',#6851,#6852);
#6851 = CARTESIAN_POINT('',(3.,-1.8,0.2));
#6852 = VECTOR('',#6853,1.);
#6853 = DIRECTION('',(-1.,3.445092848398E-16,0.));
#6854 = ORIENTED_EDGE('',*,*,#5325,.T.);
#6855 = ORIENTED_EDGE('',*,*,#3174,.F.);
#6856 = ORIENTED_EDGE('',*,*,#6857,.F.);
#6857 = EDGE_CURVE('',#6834,#3166,#6858,.T.);
#6858 = LINE('',#6859,#6860);
#6859 = CARTESIAN_POINT('',(2.75,-1.8,0.));
#6860 = VECTOR('',#6861,1.);
#6861 = DIRECTION('',(0.,0.,1.));
#6862 = PLANE('',#6863);
#6863 = AXIS2_PLACEMENT_3D('',#6864,#6865,#6866);
#6864 = CARTESIAN_POINT('',(3.,-1.8,0.));
#6865 = DIRECTION('',(-3.445092848398E-16,-1.,0.));
#6866 = DIRECTION('',(-1.,3.445092848398E-16,0.));
#6867 = ADVANCED_FACE('',(#6868),#6902,.F.);
#6868 = FACE_BOUND('',#6869,.F.);
#6869 = EDGE_LOOP('',(#6870,#6880,#6886,#6887,#6888,#6896));
#6870 = ORIENTED_EDGE('',*,*,#6871,.F.);
#6871 = EDGE_CURVE('',#6872,#6874,#6876,.T.);
#6872 = VERTEX_POINT('',#6873);
#6873 = CARTESIAN_POINT('',(1.8,-2.75,0.));
#6874 = VERTEX_POINT('',#6875);
#6875 = CARTESIAN_POINT('',(1.8,-3.,0.));
#6876 = LINE('',#6877,#6878);
#6877 = CARTESIAN_POINT('',(1.8,-2.75,0.));
#6878 = VECTOR('',#6879,1.);
#6879 = DIRECTION('',(-4.555315873023E-16,-1.,0.));
#6880 = ORIENTED_EDGE('',*,*,#6881,.T.);
#6881 = EDGE_CURVE('',#6872,#3117,#6882,.T.);
#6882 = LINE('',#6883,#6884);
#6883 = CARTESIAN_POINT('',(1.8,-2.75,0.));
#6884 = VECTOR('',#6885,1.);
#6885 = DIRECTION('',(0.,0.,1.));
#6886 = ORIENTED_EDGE('',*,*,#3116,.F.);
#6887 = ORIENTED_EDGE('',*,*,#5623,.T.);
#6888 = ORIENTED_EDGE('',*,*,#6889,.T.);
#6889 = EDGE_CURVE('',#5624,#6890,#6892,.T.);
#6890 = VERTEX_POINT('',#6891);
#6891 = CARTESIAN_POINT('',(1.8,-3.,0.2));
#6892 = LINE('',#6893,#6894);
#6893 = CARTESIAN_POINT('',(1.8,-2.75,0.2));
#6894 = VECTOR('',#6895,1.);
#6895 = DIRECTION('',(-4.555315873023E-16,-1.,0.));
#6896 = ORIENTED_EDGE('',*,*,#6897,.F.);
#6897 = EDGE_CURVE('',#6874,#6890,#6898,.T.);
#6898 = LINE('',#6899,#6900);
#6899 = CARTESIAN_POINT('',(1.8,-3.,0.));
#6900 = VECTOR('',#6901,1.);
#6901 = DIRECTION('',(0.,0.,1.));
#6902 = PLANE('',#6903);
#6903 = AXIS2_PLACEMENT_3D('',#6904,#6905,#6906);
#6904 = CARTESIAN_POINT('',(1.8,-2.75,0.));
#6905 = DIRECTION('',(1.,-4.555315873023E-16,0.));
#6906 = DIRECTION('',(-4.555315873023E-16,-1.,0.));
#6907 = ADVANCED_FACE('',(#6908),#6927,.T.);
#6908 = FACE_BOUND('',#6909,.T.);
#6909 = EDGE_LOOP('',(#6910,#6918,#6919,#6920));
#6910 = ORIENTED_EDGE('',*,*,#6911,.T.);
#6911 = EDGE_CURVE('',#6912,#3158,#6914,.T.);
#6912 = VERTEX_POINT('',#6913);
#6913 = CARTESIAN_POINT('',(2.75,-2.1,0.));
#6914 = LINE('',#6915,#6916);
#6915 = CARTESIAN_POINT('',(2.75,-2.1,0.));
#6916 = VECTOR('',#6917,1.);
#6917 = DIRECTION('',(0.,0.,1.));
#6918 = ORIENTED_EDGE('',*,*,#3165,.T.);
#6919 = ORIENTED_EDGE('',*,*,#6857,.F.);
#6920 = ORIENTED_EDGE('',*,*,#6921,.T.);
#6921 = EDGE_CURVE('',#6834,#6912,#6922,.T.);
#6922 = CIRCLE('',#6923,0.15);
#6923 = AXIS2_PLACEMENT_3D('',#6924,#6925,#6926);
#6924 = CARTESIAN_POINT('',(2.75,-1.95,0.));
#6925 = DIRECTION('',(0.,-0.,1.));
#6926 = DIRECTION('',(3.445092848398E-16,1.,0.));
#6927 = CYLINDRICAL_SURFACE('',#6928,0.15);
#6928 = AXIS2_PLACEMENT_3D('',#6929,#6930,#6931);
#6929 = CARTESIAN_POINT('',(2.75,-1.95,0.));
#6930 = DIRECTION('',(0.,-0.,-1.));
#6931 = DIRECTION('',(3.445092848398E-16,1.,0.));
#6932 = ADVANCED_FACE('',(#6933),#6952,.T.);
#6933 = FACE_BOUND('',#6934,.T.);
#6934 = EDGE_LOOP('',(#6935,#6936,#6937,#6945));
#6935 = ORIENTED_EDGE('',*,*,#6881,.T.);
#6936 = ORIENTED_EDGE('',*,*,#3124,.T.);
#6937 = ORIENTED_EDGE('',*,*,#6938,.F.);
#6938 = EDGE_CURVE('',#6939,#3125,#6941,.T.);
#6939 = VERTEX_POINT('',#6940);
#6940 = CARTESIAN_POINT('',(2.1,-2.75,0.));
#6941 = LINE('',#6942,#6943);
#6942 = CARTESIAN_POINT('',(2.1,-2.75,0.));
#6943 = VECTOR('',#6944,1.);
#6944 = DIRECTION('',(0.,0.,1.));
#6945 = ORIENTED_EDGE('',*,*,#6946,.T.);
#6946 = EDGE_CURVE('',#6939,#6872,#6947,.T.);
#6947 = CIRCLE('',#6948,0.15);
#6948 = AXIS2_PLACEMENT_3D('',#6949,#6950,#6951);
#6949 = CARTESIAN_POINT('',(1.95,-2.75,0.));
#6950 = DIRECTION('',(-0.,0.,1.));
#6951 = DIRECTION('',(1.,-5.665538897648E-16,0.));
#6952 = CYLINDRICAL_SURFACE('',#6953,0.15);
#6953 = AXIS2_PLACEMENT_3D('',#6954,#6955,#6956);
#6954 = CARTESIAN_POINT('',(1.95,-2.75,0.));
#6955 = DIRECTION('',(-0.,0.,-1.));
#6956 = DIRECTION('',(1.,-5.665538897648E-16,-0.));
#6957 = ADVANCED_FACE('',(#6958),#6985,.F.);
#6958 = FACE_BOUND('',#6959,.F.);
#6959 = EDGE_LOOP('',(#6960,#6968,#6969,#6970,#6971,#6979));
#6960 = ORIENTED_EDGE('',*,*,#6961,.F.);
#6961 = EDGE_CURVE('',#6912,#6962,#6964,.T.);
#6962 = VERTEX_POINT('',#6963);
#6963 = CARTESIAN_POINT('',(3.,-2.1,0.));
#6964 = LINE('',#6965,#6966);
#6965 = CARTESIAN_POINT('',(2.75,-2.1,0.));
#6966 = VECTOR('',#6967,1.);
#6967 = DIRECTION('',(1.,-2.334869823773E-16,0.));
#6968 = ORIENTED_EDGE('',*,*,#6911,.T.);
#6969 = ORIENTED_EDGE('',*,*,#3157,.F.);
#6970 = ORIENTED_EDGE('',*,*,#5309,.T.);
#6971 = ORIENTED_EDGE('',*,*,#6972,.T.);
#6972 = EDGE_CURVE('',#5310,#6973,#6975,.T.);
#6973 = VERTEX_POINT('',#6974);
#6974 = CARTESIAN_POINT('',(3.,-2.1,0.2));
#6975 = LINE('',#6976,#6977);
#6976 = CARTESIAN_POINT('',(2.75,-2.1,0.2));
#6977 = VECTOR('',#6978,1.);
#6978 = DIRECTION('',(1.,-2.334869823773E-16,0.));
#6979 = ORIENTED_EDGE('',*,*,#6980,.F.);
#6980 = EDGE_CURVE('',#6962,#6973,#6981,.T.);
#6981 = LINE('',#6982,#6983);
#6982 = CARTESIAN_POINT('',(3.,-2.1,0.));
#6983 = VECTOR('',#6984,1.);
#6984 = DIRECTION('',(0.,0.,1.));
#6985 = PLANE('',#6986);
#6986 = AXIS2_PLACEMENT_3D('',#6987,#6988,#6989);
#6987 = CARTESIAN_POINT('',(2.75,-2.1,0.));
#6988 = DIRECTION('',(2.334869823773E-16,1.,0.));
#6989 = DIRECTION('',(1.,-2.334869823773E-16,0.));
#6990 = ADVANCED_FACE('',(#6991),#7018,.F.);
#6991 = FACE_BOUND('',#6992,.F.);
#6992 = EDGE_LOOP('',(#6993,#7001,#7009,#7015,#7016,#7017));
#6993 = ORIENTED_EDGE('',*,*,#6994,.F.);
#6994 = EDGE_CURVE('',#6995,#6939,#6997,.T.);
#6995 = VERTEX_POINT('',#6996);
#6996 = CARTESIAN_POINT('',(2.1,-3.,0.));
#6997 = LINE('',#6998,#6999);
#6998 = CARTESIAN_POINT('',(2.1,-3.,0.));
#6999 = VECTOR('',#7000,1.);
#7000 = DIRECTION('',(5.665538897648E-16,1.,0.));
#7001 = ORIENTED_EDGE('',*,*,#7002,.T.);
#7002 = EDGE_CURVE('',#6995,#7003,#7005,.T.);
#7003 = VERTEX_POINT('',#7004);
#7004 = CARTESIAN_POINT('',(2.1,-3.,0.2));
#7005 = LINE('',#7006,#7007);
#7006 = CARTESIAN_POINT('',(2.1,-3.,0.));
#7007 = VECTOR('',#7008,1.);
#7008 = DIRECTION('',(0.,0.,1.));
#7009 = ORIENTED_EDGE('',*,*,#7010,.T.);
#7010 = EDGE_CURVE('',#7003,#5632,#7011,.T.);
#7011 = LINE('',#7012,#7013);
#7012 = CARTESIAN_POINT('',(2.1,-3.,0.2));
#7013 = VECTOR('',#7014,1.);
#7014 = DIRECTION('',(5.665538897648E-16,1.,0.));
#7015 = ORIENTED_EDGE('',*,*,#5639,.T.);
#7016 = ORIENTED_EDGE('',*,*,#3133,.F.);
#7017 = ORIENTED_EDGE('',*,*,#6938,.F.);
#7018 = PLANE('',#7019);
#7019 = AXIS2_PLACEMENT_3D('',#7020,#7021,#7022);
#7020 = CARTESIAN_POINT('',(2.1,-3.,0.));
#7021 = DIRECTION('',(-1.,5.665538897648E-16,0.));
#7022 = DIRECTION('',(5.665538897648E-16,1.,0.));
#7023 = ADVANCED_FACE('',(#7024),#7049,.F.);
#7024 = FACE_BOUND('',#7025,.F.);
#7025 = EDGE_LOOP('',(#7026,#7034,#7035,#7043));
#7026 = ORIENTED_EDGE('',*,*,#7027,.T.);
#7027 = EDGE_CURVE('',#7028,#3596,#7030,.T.);
#7028 = VERTEX_POINT('',#7029);
#7029 = CARTESIAN_POINT('',(-2.275,2.075,0.));
#7030 = LINE('',#7031,#7032);
#7031 = CARTESIAN_POINT('',(-2.275,2.075,0.));
#7032 = VECTOR('',#7033,1.);
#7033 = DIRECTION('',(0.,0.,1.));
#7034 = ORIENTED_EDGE('',*,*,#3595,.T.);
#7035 = ORIENTED_EDGE('',*,*,#7036,.F.);
#7036 = EDGE_CURVE('',#7037,#3598,#7039,.T.);
#7037 = VERTEX_POINT('',#7038);
#7038 = CARTESIAN_POINT('',(-2.275,-2.275,0.));
#7039 = LINE('',#7040,#7041);
#7040 = CARTESIAN_POINT('',(-2.275,-2.275,0.));
#7041 = VECTOR('',#7042,1.);
#7042 = DIRECTION('',(0.,0.,1.));
#7043 = ORIENTED_EDGE('',*,*,#7044,.F.);
#7044 = EDGE_CURVE('',#7028,#7037,#7045,.T.);
#7045 = LINE('',#7046,#7047);
#7046 = CARTESIAN_POINT('',(-2.275,2.075,0.));
#7047 = VECTOR('',#7048,1.);
#7048 = DIRECTION('',(-2.22044604925E-16,-1.,0.));
#7049 = PLANE('',#7050);
#7050 = AXIS2_PLACEMENT_3D('',#7051,#7052,#7053);
#7051 = CARTESIAN_POINT('',(-2.275,2.075,0.));
#7052 = DIRECTION('',(1.,-2.22044604925E-16,0.));
#7053 = DIRECTION('',(-2.22044604925E-16,-1.,0.));
#7054 = ADVANCED_FACE('',(#7055),#7073,.F.);
#7055 = FACE_BOUND('',#7056,.F.);
#7056 = EDGE_LOOP('',(#7057,#7058,#7059,#7067));
#7057 = ORIENTED_EDGE('',*,*,#7036,.T.);
#7058 = ORIENTED_EDGE('',*,*,#3629,.T.);
#7059 = ORIENTED_EDGE('',*,*,#7060,.F.);
#7060 = EDGE_CURVE('',#7061,#3622,#7063,.T.);
#7061 = VERTEX_POINT('',#7062);
#7062 = CARTESIAN_POINT('',(2.275,-2.275,0.));
#7063 = LINE('',#7064,#7065);
#7064 = CARTESIAN_POINT('',(2.275,-2.275,0.));
#7065 = VECTOR('',#7066,1.);
#7066 = DIRECTION('',(0.,0.,1.));
#7067 = ORIENTED_EDGE('',*,*,#7068,.F.);
#7068 = EDGE_CURVE('',#7037,#7061,#7069,.T.);
#7069 = LINE('',#7070,#7071);
#7070 = CARTESIAN_POINT('',(-2.275,-2.275,0.));
#7071 = VECTOR('',#7072,1.);
#7072 = DIRECTION('',(1.,-2.22044604925E-16,0.));
#7073 = PLANE('',#7074);
#7074 = AXIS2_PLACEMENT_3D('',#7075,#7076,#7077);
#7075 = CARTESIAN_POINT('',(-2.275,-2.275,0.));
#7076 = DIRECTION('',(2.22044604925E-16,1.,0.));
#7077 = DIRECTION('',(1.,-2.22044604925E-16,0.));
#7078 = ADVANCED_FACE('',(#7079),#7097,.F.);
#7079 = FACE_BOUND('',#7080,.F.);
#7080 = EDGE_LOOP('',(#7081,#7082,#7083,#7091));
#7081 = ORIENTED_EDGE('',*,*,#7060,.T.);
#7082 = ORIENTED_EDGE('',*,*,#3621,.T.);
#7083 = ORIENTED_EDGE('',*,*,#7084,.F.);
#7084 = EDGE_CURVE('',#7085,#3614,#7087,.T.);
#7085 = VERTEX_POINT('',#7086);
#7086 = CARTESIAN_POINT('',(2.275,2.275,0.));
#7087 = LINE('',#7088,#7089);
#7088 = CARTESIAN_POINT('',(2.275,2.275,0.));
#7089 = VECTOR('',#7090,1.);
#7090 = DIRECTION('',(0.,0.,1.));
#7091 = ORIENTED_EDGE('',*,*,#7092,.F.);
#7092 = EDGE_CURVE('',#7061,#7085,#7093,.T.);
#7093 = LINE('',#7094,#7095);
#7094 = CARTESIAN_POINT('',(2.275,-2.275,0.));
#7095 = VECTOR('',#7096,1.);
#7096 = DIRECTION('',(2.22044604925E-16,1.,0.));
#7097 = PLANE('',#7098);
#7098 = AXIS2_PLACEMENT_3D('',#7099,#7100,#7101);
#7099 = CARTESIAN_POINT('',(2.275,-2.275,0.));
#7100 = DIRECTION('',(-1.,2.22044604925E-16,0.));
#7101 = DIRECTION('',(2.22044604925E-16,1.,0.));
#7102 = ADVANCED_FACE('',(#7103),#7121,.F.);
#7103 = FACE_BOUND('',#7104,.F.);
#7104 = EDGE_LOOP('',(#7105,#7106,#7107,#7115));
#7105 = ORIENTED_EDGE('',*,*,#7084,.T.);
#7106 = ORIENTED_EDGE('',*,*,#3613,.T.);
#7107 = ORIENTED_EDGE('',*,*,#7108,.F.);
#7108 = EDGE_CURVE('',#7109,#3606,#7111,.T.);
#7109 = VERTEX_POINT('',#7110);
#7110 = CARTESIAN_POINT('',(-2.075,2.275,0.));
#7111 = LINE('',#7112,#7113);
#7112 = CARTESIAN_POINT('',(-2.075,2.275,0.));
#7113 = VECTOR('',#7114,1.);
#7114 = DIRECTION('',(0.,0.,1.));
#7115 = ORIENTED_EDGE('',*,*,#7116,.F.);
#7116 = EDGE_CURVE('',#7085,#7109,#7117,.T.);
#7117 = LINE('',#7118,#7119);
#7118 = CARTESIAN_POINT('',(2.275,2.275,0.));
#7119 = VECTOR('',#7120,1.);
#7120 = DIRECTION('',(-1.,2.22044604925E-16,0.));
#7121 = PLANE('',#7122);
#7122 = AXIS2_PLACEMENT_3D('',#7123,#7124,#7125);
#7123 = CARTESIAN_POINT('',(2.275,2.275,0.));
#7124 = DIRECTION('',(-2.22044604925E-16,-1.,0.));
#7125 = DIRECTION('',(-1.,2.22044604925E-16,0.));
#7126 = ADVANCED_FACE('',(#7127),#7138,.F.);
#7127 = FACE_BOUND('',#7128,.F.);
#7128 = EDGE_LOOP('',(#7129,#7130,#7131,#7132));
#7129 = ORIENTED_EDGE('',*,*,#7108,.T.);
#7130 = ORIENTED_EDGE('',*,*,#3605,.T.);
#7131 = ORIENTED_EDGE('',*,*,#7027,.F.);
#7132 = ORIENTED_EDGE('',*,*,#7133,.F.);
#7133 = EDGE_CURVE('',#7109,#7028,#7134,.T.);
#7134 = LINE('',#7135,#7136);
#7135 = CARTESIAN_POINT('',(-2.075,2.275,0.));
#7136 = VECTOR('',#7137,1.);
#7137 = DIRECTION('',(-0.707106781187,-0.707106781187,0.));
#7138 = PLANE('',#7139);
#7139 = AXIS2_PLACEMENT_3D('',#7140,#7141,#7142);
#7140 = CARTESIAN_POINT('',(-2.075,2.275,0.));
#7141 = DIRECTION('',(0.707106781187,-0.707106781187,0.));
#7142 = DIRECTION('',(-0.707106781187,-0.707106781187,0.));
#7143 = ADVANCED_FACE('',(#7144,#7150),#7161,.T.);
#7144 = FACE_BOUND('',#7145,.T.);
#7145 = EDGE_LOOP('',(#7146,#7147,#7148,#7149));
#7146 = ORIENTED_EDGE('',*,*,#3643,.F.);
#7147 = ORIENTED_EDGE('',*,*,#3835,.T.);
#7148 = ORIENTED_EDGE('',*,*,#5477,.T.);
#7149 = ORIENTED_EDGE('',*,*,#5294,.F.);
#7150 = FACE_BOUND('',#7151,.T.);
#7151 = EDGE_LOOP('',(#7152));
#7152 = ORIENTED_EDGE('',*,*,#7153,.T.);
#7153 = EDGE_CURVE('',#7154,#7154,#7156,.T.);
#7154 = VERTEX_POINT('',#7155);
#7155 = CARTESIAN_POINT('',(-2.4,2.15,0.92));
#7156 = CIRCLE('',#7157,0.25);
#7157 = AXIS2_PLACEMENT_3D('',#7158,#7159,#7160);
#7158 = CARTESIAN_POINT('',(-2.4,2.4,0.92));
#7159 = DIRECTION('',(-0.,0.,-1.));
#7160 = DIRECTION('',(-2.22044604925E-16,-1.,0.));
#7161 = PLANE('',#7162);
#7162 = AXIS2_PLACEMENT_3D('',#7163,#7164,#7165);
#7163 = CARTESIAN_POINT('',(-2.99,2.99,0.92));
#7164 = DIRECTION('',(0.,0.,1.));
#7165 = DIRECTION('',(-2.22044604925E-16,-1.,0.));
#7166 = ADVANCED_FACE('',(#7167),#7178,.F.);
#7167 = FACE_BOUND('',#7168,.F.);
#7168 = EDGE_LOOP('',(#7169,#7170,#7176,#7177));
#7169 = ORIENTED_EDGE('',*,*,#5114,.F.);
#7170 = ORIENTED_EDGE('',*,*,#7171,.F.);
#7171 = EDGE_CURVE('',#5238,#5107,#7172,.T.);
#7172 = LINE('',#7173,#7174);
#7173 = CARTESIAN_POINT('',(2.1,3.,0.2));
#7174 = VECTOR('',#7175,1.);
#7175 = DIRECTION('',(-1.,4.555315873023E-16,0.));
#7176 = ORIENTED_EDGE('',*,*,#5237,.F.);
#7177 = ORIENTED_EDGE('',*,*,#3792,.F.);
#7178 = PLANE('',#7179);
#7179 = AXIS2_PLACEMENT_3D('',#7180,#7181,#7182);
#7180 = CARTESIAN_POINT('',(1.8,3.,0.2));
#7181 = DIRECTION('',(-0.,0.,-1.));
#7182 = DIRECTION('',(1.,-4.555315873023E-16,-0.));
#7183 = ADVANCED_FACE('',(#7184),#7195,.F.);
#7184 = FACE_BOUND('',#7185,.F.);
#7185 = EDGE_LOOP('',(#7186,#7187,#7193,#7194));
#7186 = ORIENTED_EDGE('',*,*,#4036,.F.);
#7187 = ORIENTED_EDGE('',*,*,#7188,.F.);
#7188 = EDGE_CURVE('',#4160,#4029,#7189,.T.);
#7189 = LINE('',#7190,#7191);
#7190 = CARTESIAN_POINT('',(-1.8,3.,0.2));
#7191 = VECTOR('',#7192,1.);
#7192 = DIRECTION('',(-1.,4.555315873023E-16,0.));
#7193 = ORIENTED_EDGE('',*,*,#4159,.F.);
#7194 = ORIENTED_EDGE('',*,*,#3668,.F.);
#7195 = PLANE('',#7196);
#7196 = AXIS2_PLACEMENT_3D('',#7197,#7198,#7199);
#7197 = CARTESIAN_POINT('',(-2.1,3.,0.2));
#7198 = DIRECTION('',(-0.,0.,-1.));
#7199 = DIRECTION('',(1.,-4.555315873023E-16,-0.));
#7200 = ADVANCED_FACE('',(#7201),#7212,.F.);
#7201 = FACE_BOUND('',#7202,.F.);
#7202 = EDGE_LOOP('',(#7203,#7204,#7210,#7211));
#7203 = ORIENTED_EDGE('',*,*,#4918,.F.);
#7204 = ORIENTED_EDGE('',*,*,#7205,.F.);
#7205 = EDGE_CURVE('',#5042,#4911,#7206,.T.);
#7206 = LINE('',#7207,#7208);
#7207 = CARTESIAN_POINT('',(1.45,3.,0.2));
#7208 = VECTOR('',#7209,1.);
#7209 = DIRECTION('',(-1.,4.555315873023E-16,0.));
#7210 = ORIENTED_EDGE('',*,*,#5041,.F.);
#7211 = ORIENTED_EDGE('',*,*,#3769,.F.);
#7212 = PLANE('',#7213);
#7213 = AXIS2_PLACEMENT_3D('',#7214,#7215,#7216);
#7214 = CARTESIAN_POINT('',(1.15,3.,0.2));
#7215 = DIRECTION('',(-0.,0.,-1.));
#7216 = DIRECTION('',(1.,-4.555315873023E-16,-0.));
#7217 = ADVANCED_FACE('',(#7218),#7229,.F.);
#7218 = FACE_BOUND('',#7219,.F.);
#7219 = EDGE_LOOP('',(#7220,#7221,#7227,#7228));
#7220 = ORIENTED_EDGE('',*,*,#4232,.F.);
#7221 = ORIENTED_EDGE('',*,*,#7222,.F.);
#7222 = EDGE_CURVE('',#4356,#4225,#7223,.T.);
#7223 = LINE('',#7224,#7225);
#7224 = CARTESIAN_POINT('',(-1.15,3.,0.2));
#7225 = VECTOR('',#7226,1.);
#7226 = DIRECTION('',(-1.,4.555315873023E-16,0.));
#7227 = ORIENTED_EDGE('',*,*,#4355,.F.);
#7228 = ORIENTED_EDGE('',*,*,#3691,.F.);
#7229 = PLANE('',#7230);
#7230 = AXIS2_PLACEMENT_3D('',#7231,#7232,#7233);
#7231 = CARTESIAN_POINT('',(-1.45,3.,0.2));
#7232 = DIRECTION('',(-0.,0.,-1.));
#7233 = DIRECTION('',(1.,-4.555315873023E-16,-0.));
#7234 = ADVANCED_FACE('',(#7235),#7246,.F.);
#7235 = FACE_BOUND('',#7236,.F.);
#7236 = EDGE_LOOP('',(#7237,#7238,#7244,#7245));
#7237 = ORIENTED_EDGE('',*,*,#4722,.F.);
#7238 = ORIENTED_EDGE('',*,*,#7239,.F.);
#7239 = EDGE_CURVE('',#4846,#4715,#7240,.T.);
#7240 = LINE('',#7241,#7242);
#7241 = CARTESIAN_POINT('',(0.8,3.,0.2));
#7242 = VECTOR('',#7243,1.);
#7243 = DIRECTION('',(-1.,4.555315873023E-16,0.));
#7244 = ORIENTED_EDGE('',*,*,#4845,.F.);
#7245 = ORIENTED_EDGE('',*,*,#3746,.F.);
#7246 = PLANE('',#7247);
#7247 = AXIS2_PLACEMENT_3D('',#7248,#7249,#7250);
#7248 = CARTESIAN_POINT('',(0.5,3.,0.2));
#7249 = DIRECTION('',(-0.,0.,-1.));
#7250 = DIRECTION('',(1.,-4.555315873023E-16,-0.));
#7251 = ADVANCED_FACE('',(#7252),#7263,.F.);
#7252 = FACE_BOUND('',#7253,.F.);
#7253 = EDGE_LOOP('',(#7254,#7255,#7261,#7262));
#7254 = ORIENTED_EDGE('',*,*,#4526,.F.);
#7255 = ORIENTED_EDGE('',*,*,#7256,.F.);
#7256 = EDGE_CURVE('',#4650,#4519,#7257,.T.);
#7257 = LINE('',#7258,#7259);
#7258 = CARTESIAN_POINT('',(0.15,3.,0.2));
#7259 = VECTOR('',#7260,1.);
#7260 = DIRECTION('',(-1.,4.555315873023E-16,0.));
#7261 = ORIENTED_EDGE('',*,*,#4649,.F.);
#7262 = ORIENTED_EDGE('',*,*,#3723,.F.);
#7263 = PLANE('',#7264);
#7264 = AXIS2_PLACEMENT_3D('',#7265,#7266,#7267);
#7265 = CARTESIAN_POINT('',(-0.15,3.,0.2));
#7266 = DIRECTION('',(-0.,0.,-1.));
#7267 = DIRECTION('',(1.,-4.555315873023E-16,-0.));
#7268 = ADVANCED_FACE('',(#7269),#7280,.F.);
#7269 = FACE_BOUND('',#7270,.F.);
#7270 = EDGE_LOOP('',(#7271,#7272,#7278,#7279));
#7271 = ORIENTED_EDGE('',*,*,#4197,.F.);
#7272 = ORIENTED_EDGE('',*,*,#7273,.F.);
#7273 = EDGE_CURVE('',#4077,#4190,#7274,.T.);
#7274 = LINE('',#7275,#7276);
#7275 = CARTESIAN_POINT('',(-3.,2.1,0.2));
#7276 = VECTOR('',#7277,1.);
#7277 = DIRECTION('',(-4.669739647545E-16,-1.,0.));
#7278 = ORIENTED_EDGE('',*,*,#4076,.F.);
#7279 = ORIENTED_EDGE('',*,*,#3996,.F.);
#7280 = PLANE('',#7281);
#7281 = AXIS2_PLACEMENT_3D('',#7282,#7283,#7284);
#7282 = CARTESIAN_POINT('',(-3.,1.8,0.2));
#7283 = DIRECTION('',(0.,-0.,-1.));
#7284 = DIRECTION('',(4.669739647545E-16,1.,0.));
#7285 = ADVANCED_FACE('',(#7286),#7297,.F.);
#7286 = FACE_BOUND('',#7287,.F.);
#7287 = EDGE_LOOP('',(#7288,#7289,#7295,#7296));
#7288 = ORIENTED_EDGE('',*,*,#5275,.F.);
#7289 = ORIENTED_EDGE('',*,*,#7290,.F.);
#7290 = EDGE_CURVE('',#5155,#5268,#7291,.T.);
#7291 = LINE('',#7292,#7293);
#7292 = CARTESIAN_POINT('',(-3.,-1.8,0.2));
#7293 = VECTOR('',#7294,1.);
#7294 = DIRECTION('',(-4.669739647545E-16,-1.,0.));
#7295 = ORIENTED_EDGE('',*,*,#5154,.F.);
#7296 = ORIENTED_EDGE('',*,*,#3858,.F.);
#7297 = PLANE('',#7298);
#7298 = AXIS2_PLACEMENT_3D('',#7299,#7300,#7301);
#7299 = CARTESIAN_POINT('',(-3.,-2.1,0.2));
#7300 = DIRECTION('',(0.,-0.,-1.));
#7301 = DIRECTION('',(4.669739647545E-16,1.,0.));
#7302 = ADVANCED_FACE('',(#7303),#7314,.F.);
#7303 = FACE_BOUND('',#7304,.F.);
#7304 = EDGE_LOOP('',(#7305,#7306,#7312,#7313));
#7305 = ORIENTED_EDGE('',*,*,#4393,.F.);
#7306 = ORIENTED_EDGE('',*,*,#7307,.F.);
#7307 = EDGE_CURVE('',#4273,#4386,#7308,.T.);
#7308 = LINE('',#7309,#7310);
#7309 = CARTESIAN_POINT('',(-3.,1.45,0.2));
#7310 = VECTOR('',#7311,1.);
#7311 = DIRECTION('',(-4.669739647545E-16,-1.,0.));
#7312 = ORIENTED_EDGE('',*,*,#4272,.F.);
#7313 = ORIENTED_EDGE('',*,*,#3973,.F.);
#7314 = PLANE('',#7315);
#7315 = AXIS2_PLACEMENT_3D('',#7316,#7317,#7318);
#7316 = CARTESIAN_POINT('',(-3.,1.15,0.2));
#7317 = DIRECTION('',(0.,-0.,-1.));
#7318 = DIRECTION('',(4.669739647545E-16,1.,0.));
#7319 = ADVANCED_FACE('',(#7320),#7331,.F.);
#7320 = FACE_BOUND('',#7321,.F.);
#7321 = EDGE_LOOP('',(#7322,#7323,#7329,#7330));
#7322 = ORIENTED_EDGE('',*,*,#5079,.F.);
#7323 = ORIENTED_EDGE('',*,*,#7324,.F.);
#7324 = EDGE_CURVE('',#4959,#5072,#7325,.T.);
#7325 = LINE('',#7326,#7327);
#7326 = CARTESIAN_POINT('',(-3.,-1.15,0.2));
#7327 = VECTOR('',#7328,1.);
#7328 = DIRECTION('',(-4.669739647545E-16,-1.,0.));
#7329 = ORIENTED_EDGE('',*,*,#4958,.F.);
#7330 = ORIENTED_EDGE('',*,*,#3881,.F.);
#7331 = PLANE('',#7332);
#7332 = AXIS2_PLACEMENT_3D('',#7333,#7334,#7335);
#7333 = CARTESIAN_POINT('',(-3.,-1.45,0.2));
#7334 = DIRECTION('',(0.,-0.,-1.));
#7335 = DIRECTION('',(4.669739647545E-16,1.,0.));
#7336 = ADVANCED_FACE('',(#7337),#7348,.F.);
#7337 = FACE_BOUND('',#7338,.F.);
#7338 = EDGE_LOOP('',(#7339,#7340,#7346,#7347));
#7339 = ORIENTED_EDGE('',*,*,#4491,.F.);
#7340 = ORIENTED_EDGE('',*,*,#7341,.F.);
#7341 = EDGE_CURVE('',#4429,#4484,#7342,.T.);
#7342 = LINE('',#7343,#7344);
#7343 = CARTESIAN_POINT('',(-3.,0.8,0.2));
#7344 = VECTOR('',#7345,1.);
#7345 = DIRECTION('',(-4.669739647545E-16,-1.,0.));
#7346 = ORIENTED_EDGE('',*,*,#4428,.F.);
#7347 = ORIENTED_EDGE('',*,*,#3950,.F.);
#7348 = PLANE('',#7349);
#7349 = AXIS2_PLACEMENT_3D('',#7350,#7351,#7352);
#7350 = CARTESIAN_POINT('',(-3.,0.5,0.2));
#7351 = DIRECTION('',(0.,-0.,-1.));
#7352 = DIRECTION('',(4.669739647545E-16,1.,0.));
#7353 = ADVANCED_FACE('',(#7354),#7365,.F.);
#7354 = FACE_BOUND('',#7355,.F.);
#7355 = EDGE_LOOP('',(#7356,#7357,#7363,#7364));
#7356 = ORIENTED_EDGE('',*,*,#4883,.F.);
#7357 = ORIENTED_EDGE('',*,*,#7358,.F.);
#7358 = EDGE_CURVE('',#4763,#4876,#7359,.T.);
#7359 = LINE('',#7360,#7361);
#7360 = CARTESIAN_POINT('',(-3.,-0.5,0.2));
#7361 = VECTOR('',#7362,1.);
#7362 = DIRECTION('',(-4.669739647545E-16,-1.,0.));
#7363 = ORIENTED_EDGE('',*,*,#4762,.F.);
#7364 = ORIENTED_EDGE('',*,*,#3904,.F.);
#7365 = PLANE('',#7366);
#7366 = AXIS2_PLACEMENT_3D('',#7367,#7368,#7369);
#7367 = CARTESIAN_POINT('',(-3.,-0.8,0.2));
#7368 = DIRECTION('',(0.,-0.,-1.));
#7369 = DIRECTION('',(4.669739647545E-16,1.,0.));
#7370 = ADVANCED_FACE('',(#7371),#7382,.F.);
#7371 = FACE_BOUND('',#7372,.F.);
#7372 = EDGE_LOOP('',(#7373,#7374,#7380,#7381));
#7373 = ORIENTED_EDGE('',*,*,#4687,.F.);
#7374 = ORIENTED_EDGE('',*,*,#7375,.F.);
#7375 = EDGE_CURVE('',#4567,#4680,#7376,.T.);
#7376 = LINE('',#7377,#7378);
#7377 = CARTESIAN_POINT('',(-3.,0.15,0.2));
#7378 = VECTOR('',#7379,1.);
#7379 = DIRECTION('',(-4.669739647545E-16,-1.,0.));
#7380 = ORIENTED_EDGE('',*,*,#4566,.F.);
#7381 = ORIENTED_EDGE('',*,*,#3927,.F.);
#7382 = PLANE('',#7383);
#7383 = AXIS2_PLACEMENT_3D('',#7384,#7385,#7386);
#7384 = CARTESIAN_POINT('',(-3.,-0.15,0.2));
#7385 = DIRECTION('',(0.,-0.,-1.));
#7386 = DIRECTION('',(4.669739647545E-16,1.,0.));
#7387 = ADVANCED_FACE('',(#7388),#7399,.T.);
#7388 = FACE_BOUND('',#7389,.F.);
#7389 = EDGE_LOOP('',(#7390,#7391,#7392,#7393));
#7390 = ORIENTED_EDGE('',*,*,#4018,.T.);
#7391 = ORIENTED_EDGE('',*,*,#4108,.T.);
#7392 = ORIENTED_EDGE('',*,*,#4148,.T.);
#7393 = ORIENTED_EDGE('',*,*,#7394,.T.);
#7394 = EDGE_CURVE('',#4149,#4019,#7395,.T.);
#7395 = LINE('',#7396,#7397);
#7396 = CARTESIAN_POINT('',(-1.8,3.,0.));
#7397 = VECTOR('',#7398,1.);
#7398 = DIRECTION('',(-1.,4.555315873023E-16,0.));
#7399 = PLANE('',#7400);
#7400 = AXIS2_PLACEMENT_3D('',#7401,#7402,#7403);
#7401 = CARTESIAN_POINT('',(-2.1,3.,0.));
#7402 = DIRECTION('',(-0.,0.,-1.));
#7403 = DIRECTION('',(1.,-4.555315873023E-16,-0.));
#7404 = ADVANCED_FACE('',(#7405),#7411,.F.);
#7405 = FACE_BOUND('',#7406,.F.);
#7406 = EDGE_LOOP('',(#7407,#7408,#7409,#7410));
#7407 = ORIENTED_EDGE('',*,*,#4167,.T.);
#7408 = ORIENTED_EDGE('',*,*,#7188,.T.);
#7409 = ORIENTED_EDGE('',*,*,#4028,.F.);
#7410 = ORIENTED_EDGE('',*,*,#7394,.F.);
#7411 = PLANE('',#7412);
#7412 = AXIS2_PLACEMENT_3D('',#7413,#7414,#7415);
#7413 = CARTESIAN_POINT('',(-1.8,3.,0.));
#7414 = DIRECTION('',(-4.555315873023E-16,-1.,0.));
#7415 = DIRECTION('',(-1.,4.555315873023E-16,0.));
#7416 = ADVANCED_FACE('',(#7417),#7428,.T.);
#7417 = FACE_BOUND('',#7418,.F.);
#7418 = EDGE_LOOP('',(#7419,#7420,#7421,#7422));
#7419 = ORIENTED_EDGE('',*,*,#4181,.T.);
#7420 = ORIENTED_EDGE('',*,*,#4133,.T.);
#7421 = ORIENTED_EDGE('',*,*,#4058,.T.);
#7422 = ORIENTED_EDGE('',*,*,#7423,.T.);
#7423 = EDGE_CURVE('',#4061,#4182,#7424,.T.);
#7424 = LINE('',#7425,#7426);
#7425 = CARTESIAN_POINT('',(-3.,2.1,0.));
#7426 = VECTOR('',#7427,1.);
#7427 = DIRECTION('',(-4.669739647545E-16,-1.,0.));
#7428 = PLANE('',#7429);
#7429 = AXIS2_PLACEMENT_3D('',#7430,#7431,#7432);
#7430 = CARTESIAN_POINT('',(-3.,1.8,0.));
#7431 = DIRECTION('',(0.,-0.,-1.));
#7432 = DIRECTION('',(4.669739647545E-16,1.,0.));
#7433 = ADVANCED_FACE('',(#7434),#7440,.F.);
#7434 = FACE_BOUND('',#7435,.F.);
#7435 = EDGE_LOOP('',(#7436,#7437,#7438,#7439));
#7436 = ORIENTED_EDGE('',*,*,#4084,.T.);
#7437 = ORIENTED_EDGE('',*,*,#7273,.T.);
#7438 = ORIENTED_EDGE('',*,*,#4189,.F.);
#7439 = ORIENTED_EDGE('',*,*,#7423,.F.);
#7440 = PLANE('',#7441);
#7441 = AXIS2_PLACEMENT_3D('',#7442,#7443,#7444);
#7442 = CARTESIAN_POINT('',(-3.,2.1,0.));
#7443 = DIRECTION('',(1.,-4.669739647545E-16,0.));
#7444 = DIRECTION('',(-4.669739647545E-16,-1.,0.));
#7445 = ADVANCED_FACE('',(#7446),#7457,.T.);
#7446 = FACE_BOUND('',#7447,.F.);
#7447 = EDGE_LOOP('',(#7448,#7449,#7450,#7451));
#7448 = ORIENTED_EDGE('',*,*,#4214,.T.);
#7449 = ORIENTED_EDGE('',*,*,#4304,.T.);
#7450 = ORIENTED_EDGE('',*,*,#4344,.T.);
#7451 = ORIENTED_EDGE('',*,*,#7452,.T.);
#7452 = EDGE_CURVE('',#4345,#4215,#7453,.T.);
#7453 = LINE('',#7454,#7455);
#7454 = CARTESIAN_POINT('',(-1.15,3.,0.));
#7455 = VECTOR('',#7456,1.);
#7456 = DIRECTION('',(-1.,4.555315873023E-16,0.));
#7457 = PLANE('',#7458);
#7458 = AXIS2_PLACEMENT_3D('',#7459,#7460,#7461);
#7459 = CARTESIAN_POINT('',(-1.45,3.,0.));
#7460 = DIRECTION('',(-0.,0.,-1.));
#7461 = DIRECTION('',(1.,-4.555315873023E-16,-0.));
#7462 = ADVANCED_FACE('',(#7463),#7469,.F.);
#7463 = FACE_BOUND('',#7464,.F.);
#7464 = EDGE_LOOP('',(#7465,#7466,#7467,#7468));
#7465 = ORIENTED_EDGE('',*,*,#4363,.T.);
#7466 = ORIENTED_EDGE('',*,*,#7222,.T.);
#7467 = ORIENTED_EDGE('',*,*,#4224,.F.);
#7468 = ORIENTED_EDGE('',*,*,#7452,.F.);
#7469 = PLANE('',#7470);
#7470 = AXIS2_PLACEMENT_3D('',#7471,#7472,#7473);
#7471 = CARTESIAN_POINT('',(-1.15,3.,0.));
#7472 = DIRECTION('',(-4.555315873023E-16,-1.,0.));
#7473 = DIRECTION('',(-1.,4.555315873023E-16,0.));
#7474 = ADVANCED_FACE('',(#7475),#7486,.T.);
#7475 = FACE_BOUND('',#7476,.F.);
#7476 = EDGE_LOOP('',(#7477,#7478,#7479,#7480));
#7477 = ORIENTED_EDGE('',*,*,#4377,.T.);
#7478 = ORIENTED_EDGE('',*,*,#4329,.T.);
#7479 = ORIENTED_EDGE('',*,*,#4254,.T.);
#7480 = ORIENTED_EDGE('',*,*,#7481,.T.);
#7481 = EDGE_CURVE('',#4257,#4378,#7482,.T.);
#7482 = LINE('',#7483,#7484);
#7483 = CARTESIAN_POINT('',(-3.,1.45,0.));
#7484 = VECTOR('',#7485,1.);
#7485 = DIRECTION('',(-4.669739647545E-16,-1.,0.));
#7486 = PLANE('',#7487);
#7487 = AXIS2_PLACEMENT_3D('',#7488,#7489,#7490);
#7488 = CARTESIAN_POINT('',(-3.,1.15,0.));
#7489 = DIRECTION('',(0.,-0.,-1.));
#7490 = DIRECTION('',(4.669739647545E-16,1.,0.));
#7491 = ADVANCED_FACE('',(#7492),#7498,.F.);
#7492 = FACE_BOUND('',#7493,.F.);
#7493 = EDGE_LOOP('',(#7494,#7495,#7496,#7497));
#7494 = ORIENTED_EDGE('',*,*,#4280,.T.);
#7495 = ORIENTED_EDGE('',*,*,#7307,.T.);
#7496 = ORIENTED_EDGE('',*,*,#4385,.F.);
#7497 = ORIENTED_EDGE('',*,*,#7481,.F.);
#7498 = PLANE('',#7499);
#7499 = AXIS2_PLACEMENT_3D('',#7500,#7501,#7502);
#7500 = CARTESIAN_POINT('',(-3.,1.45,0.));
#7501 = DIRECTION('',(1.,-4.669739647545E-16,0.));
#7502 = DIRECTION('',(-4.669739647545E-16,-1.,0.));
#7503 = ADVANCED_FACE('',(#7504),#7515,.T.);
#7504 = FACE_BOUND('',#7505,.F.);
#7505 = EDGE_LOOP('',(#7506,#7507,#7508,#7509));
#7506 = ORIENTED_EDGE('',*,*,#4475,.T.);
#7507 = ORIENTED_EDGE('',*,*,#4460,.T.);
#7508 = ORIENTED_EDGE('',*,*,#4410,.T.);
#7509 = ORIENTED_EDGE('',*,*,#7510,.T.);
#7510 = EDGE_CURVE('',#4413,#4476,#7511,.T.);
#7511 = LINE('',#7512,#7513);
#7512 = CARTESIAN_POINT('',(-3.,0.8,0.));
#7513 = VECTOR('',#7514,1.);
#7514 = DIRECTION('',(-4.669739647545E-16,-1.,0.));
#7515 = PLANE('',#7516);
#7516 = AXIS2_PLACEMENT_3D('',#7517,#7518,#7519);
#7517 = CARTESIAN_POINT('',(-3.,0.5,0.));
#7518 = DIRECTION('',(0.,-0.,-1.));
#7519 = DIRECTION('',(4.669739647545E-16,1.,0.));
#7520 = ADVANCED_FACE('',(#7521),#7527,.F.);
#7521 = FACE_BOUND('',#7522,.F.);
#7522 = EDGE_LOOP('',(#7523,#7524,#7525,#7526));
#7523 = ORIENTED_EDGE('',*,*,#4436,.T.);
#7524 = ORIENTED_EDGE('',*,*,#7341,.T.);
#7525 = ORIENTED_EDGE('',*,*,#4483,.F.);
#7526 = ORIENTED_EDGE('',*,*,#7510,.F.);
#7527 = PLANE('',#7528);
#7528 = AXIS2_PLACEMENT_3D('',#7529,#7530,#7531);
#7529 = CARTESIAN_POINT('',(-3.,0.8,0.));
#7530 = DIRECTION('',(1.,-4.669739647545E-16,0.));
#7531 = DIRECTION('',(-4.669739647545E-16,-1.,0.));
#7532 = ADVANCED_FACE('',(#7533),#7544,.T.);
#7533 = FACE_BOUND('',#7534,.F.);
#7534 = EDGE_LOOP('',(#7535,#7536,#7537,#7538));
#7535 = ORIENTED_EDGE('',*,*,#4508,.T.);
#7536 = ORIENTED_EDGE('',*,*,#4598,.T.);
#7537 = ORIENTED_EDGE('',*,*,#4638,.T.);
#7538 = ORIENTED_EDGE('',*,*,#7539,.T.);
#7539 = EDGE_CURVE('',#4639,#4509,#7540,.T.);
#7540 = LINE('',#7541,#7542);
#7541 = CARTESIAN_POINT('',(0.15,3.,0.));
#7542 = VECTOR('',#7543,1.);
#7543 = DIRECTION('',(-1.,4.555315873023E-16,0.));
#7544 = PLANE('',#7545);
#7545 = AXIS2_PLACEMENT_3D('',#7546,#7547,#7548);
#7546 = CARTESIAN_POINT('',(-0.15,3.,0.));
#7547 = DIRECTION('',(-0.,0.,-1.));
#7548 = DIRECTION('',(1.,-4.555315873023E-16,-0.));
#7549 = ADVANCED_FACE('',(#7550),#7556,.F.);
#7550 = FACE_BOUND('',#7551,.F.);
#7551 = EDGE_LOOP('',(#7552,#7553,#7554,#7555));
#7552 = ORIENTED_EDGE('',*,*,#4657,.T.);
#7553 = ORIENTED_EDGE('',*,*,#7256,.T.);
#7554 = ORIENTED_EDGE('',*,*,#4518,.F.);
#7555 = ORIENTED_EDGE('',*,*,#7539,.F.);
#7556 = PLANE('',#7557);
#7557 = AXIS2_PLACEMENT_3D('',#7558,#7559,#7560);
#7558 = CARTESIAN_POINT('',(0.15,3.,0.));
#7559 = DIRECTION('',(-4.555315873023E-16,-1.,0.));
#7560 = DIRECTION('',(-1.,4.555315873023E-16,0.));
#7561 = ADVANCED_FACE('',(#7562),#7573,.T.);
#7562 = FACE_BOUND('',#7563,.F.);
#7563 = EDGE_LOOP('',(#7564,#7565,#7566,#7567));
#7564 = ORIENTED_EDGE('',*,*,#4671,.T.);
#7565 = ORIENTED_EDGE('',*,*,#4623,.T.);
#7566 = ORIENTED_EDGE('',*,*,#4548,.T.);
#7567 = ORIENTED_EDGE('',*,*,#7568,.T.);
#7568 = EDGE_CURVE('',#4551,#4672,#7569,.T.);
#7569 = LINE('',#7570,#7571);
#7570 = CARTESIAN_POINT('',(-3.,0.15,0.));
#7571 = VECTOR('',#7572,1.);
#7572 = DIRECTION('',(-4.669739647545E-16,-1.,0.));
#7573 = PLANE('',#7574);
#7574 = AXIS2_PLACEMENT_3D('',#7575,#7576,#7577);
#7575 = CARTESIAN_POINT('',(-3.,-0.15,0.));
#7576 = DIRECTION('',(0.,-0.,-1.));
#7577 = DIRECTION('',(4.669739647545E-16,1.,0.));
#7578 = ADVANCED_FACE('',(#7579),#7585,.F.);
#7579 = FACE_BOUND('',#7580,.F.);
#7580 = EDGE_LOOP('',(#7581,#7582,#7583,#7584));
#7581 = ORIENTED_EDGE('',*,*,#4574,.T.);
#7582 = ORIENTED_EDGE('',*,*,#7375,.T.);
#7583 = ORIENTED_EDGE('',*,*,#4679,.F.);
#7584 = ORIENTED_EDGE('',*,*,#7568,.F.);
#7585 = PLANE('',#7586);
#7586 = AXIS2_PLACEMENT_3D('',#7587,#7588,#7589);
#7587 = CARTESIAN_POINT('',(-3.,0.15,0.));
#7588 = DIRECTION('',(1.,-4.669739647545E-16,0.));
#7589 = DIRECTION('',(-4.669739647545E-16,-1.,0.));
#7590 = ADVANCED_FACE('',(#7591),#7602,.T.);
#7591 = FACE_BOUND('',#7592,.F.);
#7592 = EDGE_LOOP('',(#7593,#7594,#7595,#7596));
#7593 = ORIENTED_EDGE('',*,*,#4704,.T.);
#7594 = ORIENTED_EDGE('',*,*,#4794,.T.);
#7595 = ORIENTED_EDGE('',*,*,#4834,.T.);
#7596 = ORIENTED_EDGE('',*,*,#7597,.T.);
#7597 = EDGE_CURVE('',#4835,#4705,#7598,.T.);
#7598 = LINE('',#7599,#7600);
#7599 = CARTESIAN_POINT('',(0.8,3.,0.));
#7600 = VECTOR('',#7601,1.);
#7601 = DIRECTION('',(-1.,4.555315873023E-16,0.));
#7602 = PLANE('',#7603);
#7603 = AXIS2_PLACEMENT_3D('',#7604,#7605,#7606);
#7604 = CARTESIAN_POINT('',(0.5,3.,0.));
#7605 = DIRECTION('',(-0.,0.,-1.));
#7606 = DIRECTION('',(1.,-4.555315873023E-16,-0.));
#7607 = ADVANCED_FACE('',(#7608),#7614,.F.);
#7608 = FACE_BOUND('',#7609,.F.);
#7609 = EDGE_LOOP('',(#7610,#7611,#7612,#7613));
#7610 = ORIENTED_EDGE('',*,*,#4853,.T.);
#7611 = ORIENTED_EDGE('',*,*,#7239,.T.);
#7612 = ORIENTED_EDGE('',*,*,#4714,.F.);
#7613 = ORIENTED_EDGE('',*,*,#7597,.F.);
#7614 = PLANE('',#7615);
#7615 = AXIS2_PLACEMENT_3D('',#7616,#7617,#7618);
#7616 = CARTESIAN_POINT('',(0.8,3.,0.));
#7617 = DIRECTION('',(-4.555315873023E-16,-1.,0.));
#7618 = DIRECTION('',(-1.,4.555315873023E-16,0.));
#7619 = ADVANCED_FACE('',(#7620),#7631,.T.);
#7620 = FACE_BOUND('',#7621,.F.);
#7621 = EDGE_LOOP('',(#7622,#7623,#7624,#7625));
#7622 = ORIENTED_EDGE('',*,*,#4867,.T.);
#7623 = ORIENTED_EDGE('',*,*,#4819,.T.);
#7624 = ORIENTED_EDGE('',*,*,#4744,.T.);
#7625 = ORIENTED_EDGE('',*,*,#7626,.T.);
#7626 = EDGE_CURVE('',#4747,#4868,#7627,.T.);
#7627 = LINE('',#7628,#7629);
#7628 = CARTESIAN_POINT('',(-3.,-0.5,0.));
#7629 = VECTOR('',#7630,1.);
#7630 = DIRECTION('',(-4.669739647545E-16,-1.,0.));
#7631 = PLANE('',#7632);
#7632 = AXIS2_PLACEMENT_3D('',#7633,#7634,#7635);
#7633 = CARTESIAN_POINT('',(-3.,-0.8,0.));
#7634 = DIRECTION('',(0.,-0.,-1.));
#7635 = DIRECTION('',(4.669739647545E-16,1.,0.));
#7636 = ADVANCED_FACE('',(#7637),#7643,.F.);
#7637 = FACE_BOUND('',#7638,.F.);
#7638 = EDGE_LOOP('',(#7639,#7640,#7641,#7642));
#7639 = ORIENTED_EDGE('',*,*,#4770,.T.);
#7640 = ORIENTED_EDGE('',*,*,#7358,.T.);
#7641 = ORIENTED_EDGE('',*,*,#4875,.F.);
#7642 = ORIENTED_EDGE('',*,*,#7626,.F.);
#7643 = PLANE('',#7644);
#7644 = AXIS2_PLACEMENT_3D('',#7645,#7646,#7647);
#7645 = CARTESIAN_POINT('',(-3.,-0.5,0.));
#7646 = DIRECTION('',(1.,-4.669739647545E-16,0.));
#7647 = DIRECTION('',(-4.669739647545E-16,-1.,0.));
#7648 = ADVANCED_FACE('',(#7649),#7660,.T.);
#7649 = FACE_BOUND('',#7650,.F.);
#7650 = EDGE_LOOP('',(#7651,#7652,#7653,#7654));
#7651 = ORIENTED_EDGE('',*,*,#4900,.T.);
#7652 = ORIENTED_EDGE('',*,*,#4990,.T.);
#7653 = ORIENTED_EDGE('',*,*,#5030,.T.);
#7654 = ORIENTED_EDGE('',*,*,#7655,.T.);
#7655 = EDGE_CURVE('',#5031,#4901,#7656,.T.);
#7656 = LINE('',#7657,#7658);
#7657 = CARTESIAN_POINT('',(1.45,3.,0.));
#7658 = VECTOR('',#7659,1.);
#7659 = DIRECTION('',(-1.,4.555315873023E-16,0.));
#7660 = PLANE('',#7661);
#7661 = AXIS2_PLACEMENT_3D('',#7662,#7663,#7664);
#7662 = CARTESIAN_POINT('',(1.15,3.,0.));
#7663 = DIRECTION('',(-0.,0.,-1.));
#7664 = DIRECTION('',(1.,-4.555315873023E-16,-0.));
#7665 = ADVANCED_FACE('',(#7666),#7672,.F.);
#7666 = FACE_BOUND('',#7667,.F.);
#7667 = EDGE_LOOP('',(#7668,#7669,#7670,#7671));
#7668 = ORIENTED_EDGE('',*,*,#5049,.T.);
#7669 = ORIENTED_EDGE('',*,*,#7205,.T.);
#7670 = ORIENTED_EDGE('',*,*,#4910,.F.);
#7671 = ORIENTED_EDGE('',*,*,#7655,.F.);
#7672 = PLANE('',#7673);
#7673 = AXIS2_PLACEMENT_3D('',#7674,#7675,#7676);
#7674 = CARTESIAN_POINT('',(1.45,3.,0.));
#7675 = DIRECTION('',(-4.555315873023E-16,-1.,0.));
#7676 = DIRECTION('',(-1.,4.555315873023E-16,0.));
#7677 = ADVANCED_FACE('',(#7678),#7689,.T.);
#7678 = FACE_BOUND('',#7679,.F.);
#7679 = EDGE_LOOP('',(#7680,#7681,#7682,#7683));
#7680 = ORIENTED_EDGE('',*,*,#5063,.T.);
#7681 = ORIENTED_EDGE('',*,*,#5015,.T.);
#7682 = ORIENTED_EDGE('',*,*,#4940,.T.);
#7683 = ORIENTED_EDGE('',*,*,#7684,.T.);
#7684 = EDGE_CURVE('',#4943,#5064,#7685,.T.);
#7685 = LINE('',#7686,#7687);
#7686 = CARTESIAN_POINT('',(-3.,-1.15,0.));
#7687 = VECTOR('',#7688,1.);
#7688 = DIRECTION('',(-4.669739647545E-16,-1.,0.));
#7689 = PLANE('',#7690);
#7690 = AXIS2_PLACEMENT_3D('',#7691,#7692,#7693);
#7691 = CARTESIAN_POINT('',(-3.,-1.45,0.));
#7692 = DIRECTION('',(0.,-0.,-1.));
#7693 = DIRECTION('',(4.669739647545E-16,1.,0.));
#7694 = ADVANCED_FACE('',(#7695),#7701,.F.);
#7695 = FACE_BOUND('',#7696,.F.);
#7696 = EDGE_LOOP('',(#7697,#7698,#7699,#7700));
#7697 = ORIENTED_EDGE('',*,*,#4966,.T.);
#7698 = ORIENTED_EDGE('',*,*,#7324,.T.);
#7699 = ORIENTED_EDGE('',*,*,#5071,.F.);
#7700 = ORIENTED_EDGE('',*,*,#7684,.F.);
#7701 = PLANE('',#7702);
#7702 = AXIS2_PLACEMENT_3D('',#7703,#7704,#7705);
#7703 = CARTESIAN_POINT('',(-3.,-1.15,0.));
#7704 = DIRECTION('',(1.,-4.669739647545E-16,0.));
#7705 = DIRECTION('',(-4.669739647545E-16,-1.,0.));
#7706 = ADVANCED_FACE('',(#7707),#7718,.T.);
#7707 = FACE_BOUND('',#7708,.F.);
#7708 = EDGE_LOOP('',(#7709,#7710,#7711,#7712));
#7709 = ORIENTED_EDGE('',*,*,#5096,.T.);
#7710 = ORIENTED_EDGE('',*,*,#5186,.T.);
#7711 = ORIENTED_EDGE('',*,*,#5226,.T.);
#7712 = ORIENTED_EDGE('',*,*,#7713,.T.);
#7713 = EDGE_CURVE('',#5227,#5097,#7714,.T.);
#7714 = LINE('',#7715,#7716);
#7715 = CARTESIAN_POINT('',(2.1,3.,0.));
#7716 = VECTOR('',#7717,1.);
#7717 = DIRECTION('',(-1.,4.555315873023E-16,0.));
#7718 = PLANE('',#7719);
#7719 = AXIS2_PLACEMENT_3D('',#7720,#7721,#7722);
#7720 = CARTESIAN_POINT('',(1.8,3.,0.));
#7721 = DIRECTION('',(-0.,0.,-1.));
#7722 = DIRECTION('',(1.,-4.555315873023E-16,-0.));
#7723 = ADVANCED_FACE('',(#7724),#7730,.F.);
#7724 = FACE_BOUND('',#7725,.F.);
#7725 = EDGE_LOOP('',(#7726,#7727,#7728,#7729));
#7726 = ORIENTED_EDGE('',*,*,#5245,.T.);
#7727 = ORIENTED_EDGE('',*,*,#7171,.T.);
#7728 = ORIENTED_EDGE('',*,*,#5106,.F.);
#7729 = ORIENTED_EDGE('',*,*,#7713,.F.);
#7730 = PLANE('',#7731);
#7731 = AXIS2_PLACEMENT_3D('',#7732,#7733,#7734);
#7732 = CARTESIAN_POINT('',(2.1,3.,0.));
#7733 = DIRECTION('',(-4.555315873023E-16,-1.,0.));
#7734 = DIRECTION('',(-1.,4.555315873023E-16,0.));
#7735 = ADVANCED_FACE('',(#7736),#7747,.T.);
#7736 = FACE_BOUND('',#7737,.F.);
#7737 = EDGE_LOOP('',(#7738,#7739,#7740,#7741));
#7738 = ORIENTED_EDGE('',*,*,#5259,.T.);
#7739 = ORIENTED_EDGE('',*,*,#5211,.T.);
#7740 = ORIENTED_EDGE('',*,*,#5136,.T.);
#7741 = ORIENTED_EDGE('',*,*,#7742,.T.);
#7742 = EDGE_CURVE('',#5139,#5260,#7743,.T.);
#7743 = LINE('',#7744,#7745);
#7744 = CARTESIAN_POINT('',(-3.,-1.8,0.));
#7745 = VECTOR('',#7746,1.);
#7746 = DIRECTION('',(-4.669739647545E-16,-1.,0.));
#7747 = PLANE('',#7748);
#7748 = AXIS2_PLACEMENT_3D('',#7749,#7750,#7751);
#7749 = CARTESIAN_POINT('',(-3.,-2.1,0.));
#7750 = DIRECTION('',(0.,-0.,-1.));
#7751 = DIRECTION('',(4.669739647545E-16,1.,0.));
#7752 = ADVANCED_FACE('',(#7753),#7759,.F.);
#7753 = FACE_BOUND('',#7754,.F.);
#7754 = EDGE_LOOP('',(#7755,#7756,#7757,#7758));
#7755 = ORIENTED_EDGE('',*,*,#5162,.T.);
#7756 = ORIENTED_EDGE('',*,*,#7290,.T.);
#7757 = ORIENTED_EDGE('',*,*,#5267,.F.);
#7758 = ORIENTED_EDGE('',*,*,#7742,.F.);
#7759 = PLANE('',#7760);
#7760 = AXIS2_PLACEMENT_3D('',#7761,#7762,#7763);
#7761 = CARTESIAN_POINT('',(-3.,-1.8,0.));
#7762 = DIRECTION('',(1.,-4.669739647545E-16,0.));
#7763 = DIRECTION('',(-4.669739647545E-16,-1.,0.));
#7764 = ADVANCED_FACE('',(#7765),#7776,.F.);
#7765 = FACE_BOUND('',#7766,.F.);
#7766 = EDGE_LOOP('',(#7767,#7768,#7774,#7775));
#7767 = ORIENTED_EDGE('',*,*,#5673,.F.);
#7768 = ORIENTED_EDGE('',*,*,#7769,.F.);
#7769 = EDGE_CURVE('',#5797,#5666,#7770,.T.);
#7770 = LINE('',#7771,#7772);
#7771 = CARTESIAN_POINT('',(3.,1.8,0.2));
#7772 = VECTOR('',#7773,1.);
#7773 = DIRECTION('',(3.445092848398E-16,1.,0.));
#7774 = ORIENTED_EDGE('',*,*,#5796,.F.);
#7775 = ORIENTED_EDGE('',*,*,#5455,.T.);
#7776 = PLANE('',#7777);
#7777 = AXIS2_PLACEMENT_3D('',#7778,#7779,#7780);
#7778 = CARTESIAN_POINT('',(3.,2.1,0.2));
#7779 = DIRECTION('',(0.,0.,-1.));
#7780 = DIRECTION('',(-3.445092848398E-16,-1.,-0.));
#7781 = ADVANCED_FACE('',(#7782),#7793,.F.);
#7782 = FACE_BOUND('',#7783,.F.);
#7783 = EDGE_LOOP('',(#7784,#7785,#7791,#7792));
#7784 = ORIENTED_EDGE('',*,*,#6849,.F.);
#7785 = ORIENTED_EDGE('',*,*,#7786,.F.);
#7786 = EDGE_CURVE('',#6973,#6842,#7787,.T.);
#7787 = LINE('',#7788,#7789);
#7788 = CARTESIAN_POINT('',(3.,-2.1,0.2));
#7789 = VECTOR('',#7790,1.);
#7790 = DIRECTION('',(3.445092848398E-16,1.,0.));
#7791 = ORIENTED_EDGE('',*,*,#6972,.F.);
#7792 = ORIENTED_EDGE('',*,*,#5317,.T.);
#7793 = PLANE('',#7794);
#7794 = AXIS2_PLACEMENT_3D('',#7795,#7796,#7797);
#7795 = CARTESIAN_POINT('',(3.,-1.8,0.2));
#7796 = DIRECTION('',(0.,0.,-1.));
#7797 = DIRECTION('',(-3.445092848398E-16,-1.,-0.));
#7798 = ADVANCED_FACE('',(#7799),#7810,.F.);
#7799 = FACE_BOUND('',#7800,.F.);
#7800 = EDGE_LOOP('',(#7801,#7802,#7808,#7809));
#7801 = ORIENTED_EDGE('',*,*,#5869,.F.);
#7802 = ORIENTED_EDGE('',*,*,#7803,.F.);
#7803 = EDGE_CURVE('',#5993,#5862,#7804,.T.);
#7804 = LINE('',#7805,#7806);
#7805 = CARTESIAN_POINT('',(3.,1.15,0.2));
#7806 = VECTOR('',#7807,1.);
#7807 = DIRECTION('',(3.445092848398E-16,1.,0.));
#7808 = ORIENTED_EDGE('',*,*,#5992,.F.);
#7809 = ORIENTED_EDGE('',*,*,#5432,.T.);
#7810 = PLANE('',#7811);
#7811 = AXIS2_PLACEMENT_3D('',#7812,#7813,#7814);
#7812 = CARTESIAN_POINT('',(3.,1.45,0.2));
#7813 = DIRECTION('',(0.,0.,-1.));
#7814 = DIRECTION('',(-3.445092848398E-16,-1.,-0.));
#7815 = ADVANCED_FACE('',(#7816),#7827,.F.);
#7816 = FACE_BOUND('',#7817,.F.);
#7817 = EDGE_LOOP('',(#7818,#7819,#7825,#7826));
#7818 = ORIENTED_EDGE('',*,*,#6653,.F.);
#7819 = ORIENTED_EDGE('',*,*,#7820,.F.);
#7820 = EDGE_CURVE('',#6777,#6646,#7821,.T.);
#7821 = LINE('',#7822,#7823);
#7822 = CARTESIAN_POINT('',(3.,-1.45,0.2));
#7823 = VECTOR('',#7824,1.);
#7824 = DIRECTION('',(3.445092848398E-16,1.,0.));
#7825 = ORIENTED_EDGE('',*,*,#6776,.F.);
#7826 = ORIENTED_EDGE('',*,*,#5340,.T.);
#7827 = PLANE('',#7828);
#7828 = AXIS2_PLACEMENT_3D('',#7829,#7830,#7831);
#7829 = CARTESIAN_POINT('',(3.,-1.15,0.2));
#7830 = DIRECTION('',(0.,0.,-1.));
#7831 = DIRECTION('',(-3.445092848398E-16,-1.,-0.));
#7832 = ADVANCED_FACE('',(#7833),#7844,.F.);
#7833 = FACE_BOUND('',#7834,.F.);
#7834 = EDGE_LOOP('',(#7835,#7836,#7842,#7843));
#7835 = ORIENTED_EDGE('',*,*,#6065,.F.);
#7836 = ORIENTED_EDGE('',*,*,#7837,.F.);
#7837 = EDGE_CURVE('',#6189,#6058,#7838,.T.);
#7838 = LINE('',#7839,#7840);
#7839 = CARTESIAN_POINT('',(3.,0.5,0.2));
#7840 = VECTOR('',#7841,1.);
#7841 = DIRECTION('',(3.445092848398E-16,1.,0.));
#7842 = ORIENTED_EDGE('',*,*,#6188,.F.);
#7843 = ORIENTED_EDGE('',*,*,#5409,.T.);
#7844 = PLANE('',#7845);
#7845 = AXIS2_PLACEMENT_3D('',#7846,#7847,#7848);
#7846 = CARTESIAN_POINT('',(3.,0.8,0.2));
#7847 = DIRECTION('',(0.,0.,-1.));
#7848 = DIRECTION('',(-3.445092848398E-16,-1.,-0.));
#7849 = ADVANCED_FACE('',(#7850),#7861,.F.);
#7850 = FACE_BOUND('',#7851,.F.);
#7851 = EDGE_LOOP('',(#7852,#7853,#7859,#7860));
#7852 = ORIENTED_EDGE('',*,*,#6457,.F.);
#7853 = ORIENTED_EDGE('',*,*,#7854,.F.);
#7854 = EDGE_CURVE('',#6581,#6450,#7855,.T.);
#7855 = LINE('',#7856,#7857);
#7856 = CARTESIAN_POINT('',(3.,-0.8,0.2));
#7857 = VECTOR('',#7858,1.);
#7858 = DIRECTION('',(3.445092848398E-16,1.,0.));
#7859 = ORIENTED_EDGE('',*,*,#6580,.F.);
#7860 = ORIENTED_EDGE('',*,*,#5363,.T.);
#7861 = PLANE('',#7862);
#7862 = AXIS2_PLACEMENT_3D('',#7863,#7864,#7865);
#7863 = CARTESIAN_POINT('',(3.,-0.5,0.2));
#7864 = DIRECTION('',(0.,0.,-1.));
#7865 = DIRECTION('',(-3.445092848398E-16,-1.,-0.));
#7866 = ADVANCED_FACE('',(#7867),#7878,.F.);
#7867 = FACE_BOUND('',#7868,.F.);
#7868 = EDGE_LOOP('',(#7869,#7870,#7876,#7877));
#7869 = ORIENTED_EDGE('',*,*,#6261,.F.);
#7870 = ORIENTED_EDGE('',*,*,#7871,.F.);
#7871 = EDGE_CURVE('',#6385,#6254,#7872,.T.);
#7872 = LINE('',#7873,#7874);
#7873 = CARTESIAN_POINT('',(3.,-0.15,0.2));
#7874 = VECTOR('',#7875,1.);
#7875 = DIRECTION('',(3.445092848398E-16,1.,0.));
#7876 = ORIENTED_EDGE('',*,*,#6384,.F.);
#7877 = ORIENTED_EDGE('',*,*,#5386,.T.);
#7878 = PLANE('',#7879);
#7879 = AXIS2_PLACEMENT_3D('',#7880,#7881,#7882);
#7880 = CARTESIAN_POINT('',(3.,0.15,0.2));
#7881 = DIRECTION('',(0.,0.,-1.));
#7882 = DIRECTION('',(-3.445092848398E-16,-1.,-0.));
#7883 = ADVANCED_FACE('',(#7884),#7895,.F.);
#7884 = FACE_BOUND('',#7885,.F.);
#7885 = EDGE_LOOP('',(#7886,#7887,#7893,#7894));
#7886 = ORIENTED_EDGE('',*,*,#7010,.F.);
#7887 = ORIENTED_EDGE('',*,*,#7888,.F.);
#7888 = EDGE_CURVE('',#6890,#7003,#7889,.T.);
#7889 = LINE('',#7890,#7891);
#7890 = CARTESIAN_POINT('',(1.8,-3.,0.2));
#7891 = VECTOR('',#7892,1.);
#7892 = DIRECTION('',(1.,-5.665538897648E-16,0.));
#7893 = ORIENTED_EDGE('',*,*,#6889,.F.);
#7894 = ORIENTED_EDGE('',*,*,#5631,.T.);
#7895 = PLANE('',#7896);
#7896 = AXIS2_PLACEMENT_3D('',#7897,#7898,#7899);
#7897 = CARTESIAN_POINT('',(2.1,-3.,0.2));
#7898 = DIRECTION('',(0.,0.,-1.));
#7899 = DIRECTION('',(-1.,5.665538897648E-16,0.));
#7900 = ADVANCED_FACE('',(#7901),#7912,.F.);
#7901 = FACE_BOUND('',#7902,.F.);
#7902 = EDGE_LOOP('',(#7903,#7904,#7910,#7911));
#7903 = ORIENTED_EDGE('',*,*,#5834,.F.);
#7904 = ORIENTED_EDGE('',*,*,#7905,.F.);
#7905 = EDGE_CURVE('',#5714,#5827,#7906,.T.);
#7906 = LINE('',#7907,#7908);
#7907 = CARTESIAN_POINT('',(-2.1,-3.,0.2));
#7908 = VECTOR('',#7909,1.);
#7909 = DIRECTION('',(1.,-5.665538897648E-16,0.));
#7910 = ORIENTED_EDGE('',*,*,#5713,.F.);
#7911 = ORIENTED_EDGE('',*,*,#5493,.T.);
#7912 = PLANE('',#7913);
#7913 = AXIS2_PLACEMENT_3D('',#7914,#7915,#7916);
#7914 = CARTESIAN_POINT('',(-1.8,-3.,0.2));
#7915 = DIRECTION('',(0.,0.,-1.));
#7916 = DIRECTION('',(-1.,5.665538897648E-16,0.));
#7917 = ADVANCED_FACE('',(#7918),#7929,.F.);
#7918 = FACE_BOUND('',#7919,.F.);
#7919 = EDGE_LOOP('',(#7920,#7921,#7927,#7928));
#7920 = ORIENTED_EDGE('',*,*,#6814,.F.);
#7921 = ORIENTED_EDGE('',*,*,#7922,.F.);
#7922 = EDGE_CURVE('',#6694,#6807,#7923,.T.);
#7923 = LINE('',#7924,#7925);
#7924 = CARTESIAN_POINT('',(1.15,-3.,0.2));
#7925 = VECTOR('',#7926,1.);
#7926 = DIRECTION('',(1.,-5.665538897648E-16,0.));
#7927 = ORIENTED_EDGE('',*,*,#6693,.F.);
#7928 = ORIENTED_EDGE('',*,*,#5608,.T.);
#7929 = PLANE('',#7930);
#7930 = AXIS2_PLACEMENT_3D('',#7931,#7932,#7933);
#7931 = CARTESIAN_POINT('',(1.45,-3.,0.2));
#7932 = DIRECTION('',(0.,0.,-1.));
#7933 = DIRECTION('',(-1.,5.665538897648E-16,0.));
#7934 = ADVANCED_FACE('',(#7935),#7946,.F.);
#7935 = FACE_BOUND('',#7936,.F.);
#7936 = EDGE_LOOP('',(#7937,#7938,#7944,#7945));
#7937 = ORIENTED_EDGE('',*,*,#6030,.F.);
#7938 = ORIENTED_EDGE('',*,*,#7939,.F.);
#7939 = EDGE_CURVE('',#5910,#6023,#7940,.T.);
#7940 = LINE('',#7941,#7942);
#7941 = CARTESIAN_POINT('',(-1.45,-3.,0.2));
#7942 = VECTOR('',#7943,1.);
#7943 = DIRECTION('',(1.,-5.665538897648E-16,0.));
#7944 = ORIENTED_EDGE('',*,*,#5909,.F.);
#7945 = ORIENTED_EDGE('',*,*,#5516,.T.);
#7946 = PLANE('',#7947);
#7947 = AXIS2_PLACEMENT_3D('',#7948,#7949,#7950);
#7948 = CARTESIAN_POINT('',(-1.15,-3.,0.2));
#7949 = DIRECTION('',(0.,0.,-1.));
#7950 = DIRECTION('',(-1.,5.665538897648E-16,0.));
#7951 = ADVANCED_FACE('',(#7952),#7963,.F.);
#7952 = FACE_BOUND('',#7953,.F.);
#7953 = EDGE_LOOP('',(#7954,#7955,#7961,#7962));
#7954 = ORIENTED_EDGE('',*,*,#6618,.F.);
#7955 = ORIENTED_EDGE('',*,*,#7956,.F.);
#7956 = EDGE_CURVE('',#6498,#6611,#7957,.T.);
#7957 = LINE('',#7958,#7959);
#7958 = CARTESIAN_POINT('',(0.5,-3.,0.2));
#7959 = VECTOR('',#7960,1.);
#7960 = DIRECTION('',(1.,-5.665538897648E-16,0.));
#7961 = ORIENTED_EDGE('',*,*,#6497,.F.);
#7962 = ORIENTED_EDGE('',*,*,#5585,.T.);
#7963 = PLANE('',#7964);
#7964 = AXIS2_PLACEMENT_3D('',#7965,#7966,#7967);
#7965 = CARTESIAN_POINT('',(0.8,-3.,0.2));
#7966 = DIRECTION('',(0.,0.,-1.));
#7967 = DIRECTION('',(-1.,5.665538897648E-16,0.));
#7968 = ADVANCED_FACE('',(#7969),#7980,.F.);
#7969 = FACE_BOUND('',#7970,.F.);
#7970 = EDGE_LOOP('',(#7971,#7972,#7978,#7979));
#7971 = ORIENTED_EDGE('',*,*,#6226,.F.);
#7972 = ORIENTED_EDGE('',*,*,#7973,.F.);
#7973 = EDGE_CURVE('',#6106,#6219,#7974,.T.);
#7974 = LINE('',#7975,#7976);
#7975 = CARTESIAN_POINT('',(-0.8,-3.,0.2));
#7976 = VECTOR('',#7977,1.);
#7977 = DIRECTION('',(1.,-5.665538897648E-16,0.));
#7978 = ORIENTED_EDGE('',*,*,#6105,.F.);
#7979 = ORIENTED_EDGE('',*,*,#5539,.T.);
#7980 = PLANE('',#7981);
#7981 = AXIS2_PLACEMENT_3D('',#7982,#7983,#7984);
#7982 = CARTESIAN_POINT('',(-0.5,-3.,0.2));
#7983 = DIRECTION('',(0.,0.,-1.));
#7984 = DIRECTION('',(-1.,5.665538897648E-16,0.));
#7985 = ADVANCED_FACE('',(#7986),#7997,.F.);
#7986 = FACE_BOUND('',#7987,.F.);
#7987 = EDGE_LOOP('',(#7988,#7989,#7995,#7996));
#7988 = ORIENTED_EDGE('',*,*,#6422,.F.);
#7989 = ORIENTED_EDGE('',*,*,#7990,.F.);
#7990 = EDGE_CURVE('',#6302,#6415,#7991,.T.);
#7991 = LINE('',#7992,#7993);
#7992 = CARTESIAN_POINT('',(-0.15,-3.,0.2));
#7993 = VECTOR('',#7994,1.);
#7994 = DIRECTION('',(1.,-5.665538897648E-16,0.));
#7995 = ORIENTED_EDGE('',*,*,#6301,.F.);
#7996 = ORIENTED_EDGE('',*,*,#5562,.T.);
#7997 = PLANE('',#7998);
#7998 = AXIS2_PLACEMENT_3D('',#7999,#8000,#8001);
#7999 = CARTESIAN_POINT('',(0.15,-3.,0.2));
#8000 = DIRECTION('',(0.,0.,-1.));
#8001 = DIRECTION('',(-1.,5.665538897648E-16,0.));
#8002 = ADVANCED_FACE('',(#8003),#8014,.T.);
#8003 = FACE_BOUND('',#8004,.F.);
#8004 = EDGE_LOOP('',(#8005,#8006,#8007,#8008));
#8005 = ORIENTED_EDGE('',*,*,#5655,.T.);
#8006 = ORIENTED_EDGE('',*,*,#5745,.T.);
#8007 = ORIENTED_EDGE('',*,*,#5785,.T.);
#8008 = ORIENTED_EDGE('',*,*,#8009,.T.);
#8009 = EDGE_CURVE('',#5786,#5656,#8010,.T.);
#8010 = LINE('',#8011,#8012);
#8011 = CARTESIAN_POINT('',(3.,1.8,0.));
#8012 = VECTOR('',#8013,1.);
#8013 = DIRECTION('',(3.445092848398E-16,1.,0.));
#8014 = PLANE('',#8015);
#8015 = AXIS2_PLACEMENT_3D('',#8016,#8017,#8018);
#8016 = CARTESIAN_POINT('',(3.,2.1,0.));
#8017 = DIRECTION('',(0.,0.,-1.));
#8018 = DIRECTION('',(-3.445092848398E-16,-1.,-0.));
#8019 = ADVANCED_FACE('',(#8020),#8026,.F.);
#8020 = FACE_BOUND('',#8021,.F.);
#8021 = EDGE_LOOP('',(#8022,#8023,#8024,#8025));
#8022 = ORIENTED_EDGE('',*,*,#5804,.T.);
#8023 = ORIENTED_EDGE('',*,*,#7769,.T.);
#8024 = ORIENTED_EDGE('',*,*,#5665,.F.);
#8025 = ORIENTED_EDGE('',*,*,#8009,.F.);
#8026 = PLANE('',#8027);
#8027 = AXIS2_PLACEMENT_3D('',#8028,#8029,#8030);
#8028 = CARTESIAN_POINT('',(3.,1.8,0.));
#8029 = DIRECTION('',(-1.,3.445092848398E-16,0.));
#8030 = DIRECTION('',(3.445092848398E-16,1.,0.));
#8031 = ADVANCED_FACE('',(#8032),#8043,.T.);
#8032 = FACE_BOUND('',#8033,.F.);
#8033 = EDGE_LOOP('',(#8034,#8035,#8036,#8037));
#8034 = ORIENTED_EDGE('',*,*,#5818,.T.);
#8035 = ORIENTED_EDGE('',*,*,#5770,.T.);
#8036 = ORIENTED_EDGE('',*,*,#5695,.T.);
#8037 = ORIENTED_EDGE('',*,*,#8038,.T.);
#8038 = EDGE_CURVE('',#5698,#5819,#8039,.T.);
#8039 = LINE('',#8040,#8041);
#8040 = CARTESIAN_POINT('',(-2.1,-3.,0.));
#8041 = VECTOR('',#8042,1.);
#8042 = DIRECTION('',(1.,-5.665538897648E-16,0.));
#8043 = PLANE('',#8044);
#8044 = AXIS2_PLACEMENT_3D('',#8045,#8046,#8047);
#8045 = CARTESIAN_POINT('',(-1.8,-3.,0.));
#8046 = DIRECTION('',(0.,0.,-1.));
#8047 = DIRECTION('',(-1.,5.665538897648E-16,0.));
#8048 = ADVANCED_FACE('',(#8049),#8055,.F.);
#8049 = FACE_BOUND('',#8050,.F.);
#8050 = EDGE_LOOP('',(#8051,#8052,#8053,#8054));
#8051 = ORIENTED_EDGE('',*,*,#5721,.T.);
#8052 = ORIENTED_EDGE('',*,*,#7905,.T.);
#8053 = ORIENTED_EDGE('',*,*,#5826,.F.);
#8054 = ORIENTED_EDGE('',*,*,#8038,.F.);
#8055 = PLANE('',#8056);
#8056 = AXIS2_PLACEMENT_3D('',#8057,#8058,#8059);
#8057 = CARTESIAN_POINT('',(-2.1,-3.,0.));
#8058 = DIRECTION('',(5.665538897648E-16,1.,0.));
#8059 = DIRECTION('',(1.,-5.665538897648E-16,0.));
#8060 = ADVANCED_FACE('',(#8061),#8072,.T.);
#8061 = FACE_BOUND('',#8062,.F.);
#8062 = EDGE_LOOP('',(#8063,#8064,#8065,#8066));
#8063 = ORIENTED_EDGE('',*,*,#5851,.T.);
#8064 = ORIENTED_EDGE('',*,*,#5941,.T.);
#8065 = ORIENTED_EDGE('',*,*,#5981,.T.);
#8066 = ORIENTED_EDGE('',*,*,#8067,.T.);
#8067 = EDGE_CURVE('',#5982,#5852,#8068,.T.);
#8068 = LINE('',#8069,#8070);
#8069 = CARTESIAN_POINT('',(3.,1.15,0.));
#8070 = VECTOR('',#8071,1.);
#8071 = DIRECTION('',(3.445092848398E-16,1.,0.));
#8072 = PLANE('',#8073);
#8073 = AXIS2_PLACEMENT_3D('',#8074,#8075,#8076);
#8074 = CARTESIAN_POINT('',(3.,1.45,0.));
#8075 = DIRECTION('',(0.,0.,-1.));
#8076 = DIRECTION('',(-3.445092848398E-16,-1.,-0.));
#8077 = ADVANCED_FACE('',(#8078),#8084,.F.);
#8078 = FACE_BOUND('',#8079,.F.);
#8079 = EDGE_LOOP('',(#8080,#8081,#8082,#8083));
#8080 = ORIENTED_EDGE('',*,*,#6000,.T.);
#8081 = ORIENTED_EDGE('',*,*,#7803,.T.);
#8082 = ORIENTED_EDGE('',*,*,#5861,.F.);
#8083 = ORIENTED_EDGE('',*,*,#8067,.F.);
#8084 = PLANE('',#8085);
#8085 = AXIS2_PLACEMENT_3D('',#8086,#8087,#8088);
#8086 = CARTESIAN_POINT('',(3.,1.15,0.));
#8087 = DIRECTION('',(-1.,3.445092848398E-16,0.));
#8088 = DIRECTION('',(3.445092848398E-16,1.,0.));
#8089 = ADVANCED_FACE('',(#8090),#8101,.T.);
#8090 = FACE_BOUND('',#8091,.F.);
#8091 = EDGE_LOOP('',(#8092,#8093,#8094,#8095));
#8092 = ORIENTED_EDGE('',*,*,#6014,.T.);
#8093 = ORIENTED_EDGE('',*,*,#5966,.T.);
#8094 = ORIENTED_EDGE('',*,*,#5891,.T.);
#8095 = ORIENTED_EDGE('',*,*,#8096,.T.);
#8096 = EDGE_CURVE('',#5894,#6015,#8097,.T.);
#8097 = LINE('',#8098,#8099);
#8098 = CARTESIAN_POINT('',(-1.45,-3.,0.));
#8099 = VECTOR('',#8100,1.);
#8100 = DIRECTION('',(1.,-5.665538897648E-16,0.));
#8101 = PLANE('',#8102);
#8102 = AXIS2_PLACEMENT_3D('',#8103,#8104,#8105);
#8103 = CARTESIAN_POINT('',(-1.15,-3.,0.));
#8104 = DIRECTION('',(0.,0.,-1.));
#8105 = DIRECTION('',(-1.,5.665538897648E-16,0.));
#8106 = ADVANCED_FACE('',(#8107),#8113,.F.);
#8107 = FACE_BOUND('',#8108,.F.);
#8108 = EDGE_LOOP('',(#8109,#8110,#8111,#8112));
#8109 = ORIENTED_EDGE('',*,*,#5917,.T.);
#8110 = ORIENTED_EDGE('',*,*,#7939,.T.);
#8111 = ORIENTED_EDGE('',*,*,#6022,.F.);
#8112 = ORIENTED_EDGE('',*,*,#8096,.F.);
#8113 = PLANE('',#8114);
#8114 = AXIS2_PLACEMENT_3D('',#8115,#8116,#8117);
#8115 = CARTESIAN_POINT('',(-1.45,-3.,0.));
#8116 = DIRECTION('',(5.665538897648E-16,1.,0.));
#8117 = DIRECTION('',(1.,-5.665538897648E-16,0.));
#8118 = ADVANCED_FACE('',(#8119),#8130,.T.);
#8119 = FACE_BOUND('',#8120,.F.);
#8120 = EDGE_LOOP('',(#8121,#8122,#8123,#8124));
#8121 = ORIENTED_EDGE('',*,*,#6047,.T.);
#8122 = ORIENTED_EDGE('',*,*,#6137,.T.);
#8123 = ORIENTED_EDGE('',*,*,#6177,.T.);
#8124 = ORIENTED_EDGE('',*,*,#8125,.T.);
#8125 = EDGE_CURVE('',#6178,#6048,#8126,.T.);
#8126 = LINE('',#8127,#8128);
#8127 = CARTESIAN_POINT('',(3.,0.5,0.));
#8128 = VECTOR('',#8129,1.);
#8129 = DIRECTION('',(3.445092848398E-16,1.,0.));
#8130 = PLANE('',#8131);
#8131 = AXIS2_PLACEMENT_3D('',#8132,#8133,#8134);
#8132 = CARTESIAN_POINT('',(3.,0.8,0.));
#8133 = DIRECTION('',(0.,0.,-1.));
#8134 = DIRECTION('',(-3.445092848398E-16,-1.,-0.));
#8135 = ADVANCED_FACE('',(#8136),#8142,.F.);
#8136 = FACE_BOUND('',#8137,.F.);
#8137 = EDGE_LOOP('',(#8138,#8139,#8140,#8141));
#8138 = ORIENTED_EDGE('',*,*,#6196,.T.);
#8139 = ORIENTED_EDGE('',*,*,#7837,.T.);
#8140 = ORIENTED_EDGE('',*,*,#6057,.F.);
#8141 = ORIENTED_EDGE('',*,*,#8125,.F.);
#8142 = PLANE('',#8143);
#8143 = AXIS2_PLACEMENT_3D('',#8144,#8145,#8146);
#8144 = CARTESIAN_POINT('',(3.,0.5,0.));
#8145 = DIRECTION('',(-1.,3.445092848398E-16,0.));
#8146 = DIRECTION('',(3.445092848398E-16,1.,0.));
#8147 = ADVANCED_FACE('',(#8148),#8159,.T.);
#8148 = FACE_BOUND('',#8149,.F.);
#8149 = EDGE_LOOP('',(#8150,#8151,#8152,#8153));
#8150 = ORIENTED_EDGE('',*,*,#6210,.T.);
#8151 = ORIENTED_EDGE('',*,*,#6162,.T.);
#8152 = ORIENTED_EDGE('',*,*,#6087,.T.);
#8153 = ORIENTED_EDGE('',*,*,#8154,.T.);
#8154 = EDGE_CURVE('',#6090,#6211,#8155,.T.);
#8155 = LINE('',#8156,#8157);
#8156 = CARTESIAN_POINT('',(-0.8,-3.,0.));
#8157 = VECTOR('',#8158,1.);
#8158 = DIRECTION('',(1.,-5.665538897648E-16,0.));
#8159 = PLANE('',#8160);
#8160 = AXIS2_PLACEMENT_3D('',#8161,#8162,#8163);
#8161 = CARTESIAN_POINT('',(-0.5,-3.,0.));
#8162 = DIRECTION('',(0.,0.,-1.));
#8163 = DIRECTION('',(-1.,5.665538897648E-16,0.));
#8164 = ADVANCED_FACE('',(#8165),#8171,.F.);
#8165 = FACE_BOUND('',#8166,.F.);
#8166 = EDGE_LOOP('',(#8167,#8168,#8169,#8170));
#8167 = ORIENTED_EDGE('',*,*,#6113,.T.);
#8168 = ORIENTED_EDGE('',*,*,#7973,.T.);
#8169 = ORIENTED_EDGE('',*,*,#6218,.F.);
#8170 = ORIENTED_EDGE('',*,*,#8154,.F.);
#8171 = PLANE('',#8172);
#8172 = AXIS2_PLACEMENT_3D('',#8173,#8174,#8175);
#8173 = CARTESIAN_POINT('',(-0.8,-3.,0.));
#8174 = DIRECTION('',(5.665538897648E-16,1.,0.));
#8175 = DIRECTION('',(1.,-5.665538897648E-16,0.));
#8176 = ADVANCED_FACE('',(#8177),#8188,.T.);
#8177 = FACE_BOUND('',#8178,.F.);
#8178 = EDGE_LOOP('',(#8179,#8180,#8181,#8182));
#8179 = ORIENTED_EDGE('',*,*,#6243,.T.);
#8180 = ORIENTED_EDGE('',*,*,#6333,.T.);
#8181 = ORIENTED_EDGE('',*,*,#6373,.T.);
#8182 = ORIENTED_EDGE('',*,*,#8183,.T.);
#8183 = EDGE_CURVE('',#6374,#6244,#8184,.T.);
#8184 = LINE('',#8185,#8186);
#8185 = CARTESIAN_POINT('',(3.,-0.15,0.));
#8186 = VECTOR('',#8187,1.);
#8187 = DIRECTION('',(3.445092848398E-16,1.,0.));
#8188 = PLANE('',#8189);
#8189 = AXIS2_PLACEMENT_3D('',#8190,#8191,#8192);
#8190 = CARTESIAN_POINT('',(3.,0.15,0.));
#8191 = DIRECTION('',(0.,0.,-1.));
#8192 = DIRECTION('',(-3.445092848398E-16,-1.,-0.));
#8193 = ADVANCED_FACE('',(#8194),#8200,.F.);
#8194 = FACE_BOUND('',#8195,.F.);
#8195 = EDGE_LOOP('',(#8196,#8197,#8198,#8199));
#8196 = ORIENTED_EDGE('',*,*,#6392,.T.);
#8197 = ORIENTED_EDGE('',*,*,#7871,.T.);
#8198 = ORIENTED_EDGE('',*,*,#6253,.F.);
#8199 = ORIENTED_EDGE('',*,*,#8183,.F.);
#8200 = PLANE('',#8201);
#8201 = AXIS2_PLACEMENT_3D('',#8202,#8203,#8204);
#8202 = CARTESIAN_POINT('',(3.,-0.15,0.));
#8203 = DIRECTION('',(-1.,3.445092848398E-16,0.));
#8204 = DIRECTION('',(3.445092848398E-16,1.,0.));
#8205 = ADVANCED_FACE('',(#8206),#8217,.T.);
#8206 = FACE_BOUND('',#8207,.F.);
#8207 = EDGE_LOOP('',(#8208,#8209,#8210,#8211));
#8208 = ORIENTED_EDGE('',*,*,#6406,.T.);
#8209 = ORIENTED_EDGE('',*,*,#6358,.T.);
#8210 = ORIENTED_EDGE('',*,*,#6283,.T.);
#8211 = ORIENTED_EDGE('',*,*,#8212,.T.);
#8212 = EDGE_CURVE('',#6286,#6407,#8213,.T.);
#8213 = LINE('',#8214,#8215);
#8214 = CARTESIAN_POINT('',(-0.15,-3.,0.));
#8215 = VECTOR('',#8216,1.);
#8216 = DIRECTION('',(1.,-5.665538897648E-16,0.));
#8217 = PLANE('',#8218);
#8218 = AXIS2_PLACEMENT_3D('',#8219,#8220,#8221);
#8219 = CARTESIAN_POINT('',(0.15,-3.,0.));
#8220 = DIRECTION('',(0.,0.,-1.));
#8221 = DIRECTION('',(-1.,5.665538897648E-16,0.));
#8222 = ADVANCED_FACE('',(#8223),#8229,.F.);
#8223 = FACE_BOUND('',#8224,.F.);
#8224 = EDGE_LOOP('',(#8225,#8226,#8227,#8228));
#8225 = ORIENTED_EDGE('',*,*,#6309,.T.);
#8226 = ORIENTED_EDGE('',*,*,#7990,.T.);
#8227 = ORIENTED_EDGE('',*,*,#6414,.F.);
#8228 = ORIENTED_EDGE('',*,*,#8212,.F.);
#8229 = PLANE('',#8230);
#8230 = AXIS2_PLACEMENT_3D('',#8231,#8232,#8233);
#8231 = CARTESIAN_POINT('',(-0.15,-3.,0.));
#8232 = DIRECTION('',(5.665538897648E-16,1.,0.));
#8233 = DIRECTION('',(1.,-5.665538897648E-16,0.));
#8234 = ADVANCED_FACE('',(#8235),#8246,.T.);
#8235 = FACE_BOUND('',#8236,.F.);
#8236 = EDGE_LOOP('',(#8237,#8238,#8239,#8240));
#8237 = ORIENTED_EDGE('',*,*,#6439,.T.);
#8238 = ORIENTED_EDGE('',*,*,#6529,.T.);
#8239 = ORIENTED_EDGE('',*,*,#6569,.T.);
#8240 = ORIENTED_EDGE('',*,*,#8241,.T.);
#8241 = EDGE_CURVE('',#6570,#6440,#8242,.T.);
#8242 = LINE('',#8243,#8244);
#8243 = CARTESIAN_POINT('',(3.,-0.8,0.));
#8244 = VECTOR('',#8245,1.);
#8245 = DIRECTION('',(3.445092848398E-16,1.,0.));
#8246 = PLANE('',#8247);
#8247 = AXIS2_PLACEMENT_3D('',#8248,#8249,#8250);
#8248 = CARTESIAN_POINT('',(3.,-0.5,0.));
#8249 = DIRECTION('',(0.,0.,-1.));
#8250 = DIRECTION('',(-3.445092848398E-16,-1.,-0.));
#8251 = ADVANCED_FACE('',(#8252),#8258,.F.);
#8252 = FACE_BOUND('',#8253,.F.);
#8253 = EDGE_LOOP('',(#8254,#8255,#8256,#8257));
#8254 = ORIENTED_EDGE('',*,*,#6588,.T.);
#8255 = ORIENTED_EDGE('',*,*,#7854,.T.);
#8256 = ORIENTED_EDGE('',*,*,#6449,.F.);
#8257 = ORIENTED_EDGE('',*,*,#8241,.F.);
#8258 = PLANE('',#8259);
#8259 = AXIS2_PLACEMENT_3D('',#8260,#8261,#8262);
#8260 = CARTESIAN_POINT('',(3.,-0.8,0.));
#8261 = DIRECTION('',(-1.,3.445092848398E-16,0.));
#8262 = DIRECTION('',(3.445092848398E-16,1.,0.));
#8263 = ADVANCED_FACE('',(#8264),#8275,.T.);
#8264 = FACE_BOUND('',#8265,.F.);
#8265 = EDGE_LOOP('',(#8266,#8267,#8268,#8269));
#8266 = ORIENTED_EDGE('',*,*,#6602,.T.);
#8267 = ORIENTED_EDGE('',*,*,#6554,.T.);
#8268 = ORIENTED_EDGE('',*,*,#6479,.T.);
#8269 = ORIENTED_EDGE('',*,*,#8270,.T.);
#8270 = EDGE_CURVE('',#6482,#6603,#8271,.T.);
#8271 = LINE('',#8272,#8273);
#8272 = CARTESIAN_POINT('',(0.5,-3.,0.));
#8273 = VECTOR('',#8274,1.);
#8274 = DIRECTION('',(1.,-5.665538897648E-16,0.));
#8275 = PLANE('',#8276);
#8276 = AXIS2_PLACEMENT_3D('',#8277,#8278,#8279);
#8277 = CARTESIAN_POINT('',(0.8,-3.,0.));
#8278 = DIRECTION('',(0.,0.,-1.));
#8279 = DIRECTION('',(-1.,5.665538897648E-16,0.));
#8280 = ADVANCED_FACE('',(#8281),#8287,.F.);
#8281 = FACE_BOUND('',#8282,.F.);
#8282 = EDGE_LOOP('',(#8283,#8284,#8285,#8286));
#8283 = ORIENTED_EDGE('',*,*,#6505,.T.);
#8284 = ORIENTED_EDGE('',*,*,#7956,.T.);
#8285 = ORIENTED_EDGE('',*,*,#6610,.F.);
#8286 = ORIENTED_EDGE('',*,*,#8270,.F.);
#8287 = PLANE('',#8288);
#8288 = AXIS2_PLACEMENT_3D('',#8289,#8290,#8291);
#8289 = CARTESIAN_POINT('',(0.5,-3.,0.));
#8290 = DIRECTION('',(5.665538897648E-16,1.,0.));
#8291 = DIRECTION('',(1.,-5.665538897648E-16,0.));
#8292 = ADVANCED_FACE('',(#8293),#8304,.T.);
#8293 = FACE_BOUND('',#8294,.F.);
#8294 = EDGE_LOOP('',(#8295,#8296,#8297,#8298));
#8295 = ORIENTED_EDGE('',*,*,#6635,.T.);
#8296 = ORIENTED_EDGE('',*,*,#6725,.T.);
#8297 = ORIENTED_EDGE('',*,*,#6765,.T.);
#8298 = ORIENTED_EDGE('',*,*,#8299,.T.);
#8299 = EDGE_CURVE('',#6766,#6636,#8300,.T.);
#8300 = LINE('',#8301,#8302);
#8301 = CARTESIAN_POINT('',(3.,-1.45,0.));
#8302 = VECTOR('',#8303,1.);
#8303 = DIRECTION('',(3.445092848398E-16,1.,0.));
#8304 = PLANE('',#8305);
#8305 = AXIS2_PLACEMENT_3D('',#8306,#8307,#8308);
#8306 = CARTESIAN_POINT('',(3.,-1.15,0.));
#8307 = DIRECTION('',(0.,0.,-1.));
#8308 = DIRECTION('',(-3.445092848398E-16,-1.,-0.));
#8309 = ADVANCED_FACE('',(#8310),#8316,.F.);
#8310 = FACE_BOUND('',#8311,.F.);
#8311 = EDGE_LOOP('',(#8312,#8313,#8314,#8315));
#8312 = ORIENTED_EDGE('',*,*,#6784,.T.);
#8313 = ORIENTED_EDGE('',*,*,#7820,.T.);
#8314 = ORIENTED_EDGE('',*,*,#6645,.F.);
#8315 = ORIENTED_EDGE('',*,*,#8299,.F.);
#8316 = PLANE('',#8317);
#8317 = AXIS2_PLACEMENT_3D('',#8318,#8319,#8320);
#8318 = CARTESIAN_POINT('',(3.,-1.45,0.));
#8319 = DIRECTION('',(-1.,3.445092848398E-16,0.));
#8320 = DIRECTION('',(3.445092848398E-16,1.,0.));
#8321 = ADVANCED_FACE('',(#8322),#8333,.T.);
#8322 = FACE_BOUND('',#8323,.F.);
#8323 = EDGE_LOOP('',(#8324,#8325,#8326,#8327));
#8324 = ORIENTED_EDGE('',*,*,#6798,.T.);
#8325 = ORIENTED_EDGE('',*,*,#6750,.T.);
#8326 = ORIENTED_EDGE('',*,*,#6675,.T.);
#8327 = ORIENTED_EDGE('',*,*,#8328,.T.);
#8328 = EDGE_CURVE('',#6678,#6799,#8329,.T.);
#8329 = LINE('',#8330,#8331);
#8330 = CARTESIAN_POINT('',(1.15,-3.,0.));
#8331 = VECTOR('',#8332,1.);
#8332 = DIRECTION('',(1.,-5.665538897648E-16,0.));
#8333 = PLANE('',#8334);
#8334 = AXIS2_PLACEMENT_3D('',#8335,#8336,#8337);
#8335 = CARTESIAN_POINT('',(1.45,-3.,0.));
#8336 = DIRECTION('',(0.,0.,-1.));
#8337 = DIRECTION('',(-1.,5.665538897648E-16,0.));
#8338 = ADVANCED_FACE('',(#8339),#8345,.F.);
#8339 = FACE_BOUND('',#8340,.F.);
#8340 = EDGE_LOOP('',(#8341,#8342,#8343,#8344));
#8341 = ORIENTED_EDGE('',*,*,#6701,.T.);
#8342 = ORIENTED_EDGE('',*,*,#7922,.T.);
#8343 = ORIENTED_EDGE('',*,*,#6806,.F.);
#8344 = ORIENTED_EDGE('',*,*,#8328,.F.);
#8345 = PLANE('',#8346);
#8346 = AXIS2_PLACEMENT_3D('',#8347,#8348,#8349);
#8347 = CARTESIAN_POINT('',(1.15,-3.,0.));
#8348 = DIRECTION('',(5.665538897648E-16,1.,0.));
#8349 = DIRECTION('',(1.,-5.665538897648E-16,0.));
#8350 = ADVANCED_FACE('',(#8351),#8362,.T.);
#8351 = FACE_BOUND('',#8352,.F.);
#8352 = EDGE_LOOP('',(#8353,#8354,#8355,#8356));
#8353 = ORIENTED_EDGE('',*,*,#6831,.T.);
#8354 = ORIENTED_EDGE('',*,*,#6921,.T.);
#8355 = ORIENTED_EDGE('',*,*,#6961,.T.);
#8356 = ORIENTED_EDGE('',*,*,#8357,.T.);
#8357 = EDGE_CURVE('',#6962,#6832,#8358,.T.);
#8358 = LINE('',#8359,#8360);
#8359 = CARTESIAN_POINT('',(3.,-2.1,0.));
#8360 = VECTOR('',#8361,1.);
#8361 = DIRECTION('',(3.445092848398E-16,1.,0.));
#8362 = PLANE('',#8363);
#8363 = AXIS2_PLACEMENT_3D('',#8364,#8365,#8366);
#8364 = CARTESIAN_POINT('',(3.,-1.8,0.));
#8365 = DIRECTION('',(0.,0.,-1.));
#8366 = DIRECTION('',(-3.445092848398E-16,-1.,-0.));
#8367 = ADVANCED_FACE('',(#8368),#8374,.F.);
#8368 = FACE_BOUND('',#8369,.F.);
#8369 = EDGE_LOOP('',(#8370,#8371,#8372,#8373));
#8370 = ORIENTED_EDGE('',*,*,#6980,.T.);
#8371 = ORIENTED_EDGE('',*,*,#7786,.T.);
#8372 = ORIENTED_EDGE('',*,*,#6841,.F.);
#8373 = ORIENTED_EDGE('',*,*,#8357,.F.);
#8374 = PLANE('',#8375);
#8375 = AXIS2_PLACEMENT_3D('',#8376,#8377,#8378);
#8376 = CARTESIAN_POINT('',(3.,-2.1,0.));
#8377 = DIRECTION('',(-1.,3.445092848398E-16,0.));
#8378 = DIRECTION('',(3.445092848398E-16,1.,0.));
#8379 = ADVANCED_FACE('',(#8380),#8391,.T.);
#8380 = FACE_BOUND('',#8381,.F.);
#8381 = EDGE_LOOP('',(#8382,#8383,#8384,#8385));
#8382 = ORIENTED_EDGE('',*,*,#6994,.T.);
#8383 = ORIENTED_EDGE('',*,*,#6946,.T.);
#8384 = ORIENTED_EDGE('',*,*,#6871,.T.);
#8385 = ORIENTED_EDGE('',*,*,#8386,.T.);
#8386 = EDGE_CURVE('',#6874,#6995,#8387,.T.);
#8387 = LINE('',#8388,#8389);
#8388 = CARTESIAN_POINT('',(1.8,-3.,0.));
#8389 = VECTOR('',#8390,1.);
#8390 = DIRECTION('',(1.,-5.665538897648E-16,0.));
#8391 = PLANE('',#8392);
#8392 = AXIS2_PLACEMENT_3D('',#8393,#8394,#8395);
#8393 = CARTESIAN_POINT('',(2.1,-3.,0.));
#8394 = DIRECTION('',(0.,0.,-1.));
#8395 = DIRECTION('',(-1.,5.665538897648E-16,0.));
#8396 = ADVANCED_FACE('',(#8397),#8403,.F.);
#8397 = FACE_BOUND('',#8398,.F.);
#8398 = EDGE_LOOP('',(#8399,#8400,#8401,#8402));
#8399 = ORIENTED_EDGE('',*,*,#6897,.T.);
#8400 = ORIENTED_EDGE('',*,*,#7888,.T.);
#8401 = ORIENTED_EDGE('',*,*,#7002,.F.);
#8402 = ORIENTED_EDGE('',*,*,#8386,.F.);
#8403 = PLANE('',#8404);
#8404 = AXIS2_PLACEMENT_3D('',#8405,#8406,#8407);
#8405 = CARTESIAN_POINT('',(1.8,-3.,0.));
#8406 = DIRECTION('',(5.665538897648E-16,1.,0.));
#8407 = DIRECTION('',(1.,-5.665538897648E-16,0.));
#8408 = ADVANCED_FACE('',(#8409),#8416,.T.);
#8409 = FACE_BOUND('',#8410,.F.);
#8410 = EDGE_LOOP('',(#8411,#8412,#8413,#8414,#8415));
#8411 = ORIENTED_EDGE('',*,*,#7044,.T.);
#8412 = ORIENTED_EDGE('',*,*,#7068,.T.);
#8413 = ORIENTED_EDGE('',*,*,#7092,.T.);
#8414 = ORIENTED_EDGE('',*,*,#7116,.T.);
#8415 = ORIENTED_EDGE('',*,*,#7133,.T.);
#8416 = PLANE('',#8417);
#8417 = AXIS2_PLACEMENT_3D('',#8418,#8419,#8420);
#8418 = CARTESIAN_POINT('',(-2.275,2.075,0.));
#8419 = DIRECTION('',(0.,-0.,-1.));
#8420 = DIRECTION('',(2.22044604925E-16,1.,0.));
#8421 = ADVANCED_FACE('',(#8422),#8441,.F.);
#8422 = FACE_BOUND('',#8423,.F.);
#8423 = EDGE_LOOP('',(#8424,#8432,#8439,#8440));
#8424 = ORIENTED_EDGE('',*,*,#8425,.T.);
#8425 = EDGE_CURVE('',#7154,#8426,#8428,.T.);
#8426 = VERTEX_POINT('',#8427);
#8427 = CARTESIAN_POINT('',(-2.4,2.15,0.91));
#8428 = LINE('',#8429,#8430);
#8429 = CARTESIAN_POINT('',(-2.4,2.15,0.93));
#8430 = VECTOR('',#8431,1.);
#8431 = DIRECTION('',(-0.,0.,-1.));
#8432 = ORIENTED_EDGE('',*,*,#8433,.T.);
#8433 = EDGE_CURVE('',#8426,#8426,#8434,.T.);
#8434 = CIRCLE('',#8435,0.25);
#8435 = AXIS2_PLACEMENT_3D('',#8436,#8437,#8438);
#8436 = CARTESIAN_POINT('',(-2.4,2.4,0.91));
#8437 = DIRECTION('',(0.,0.,1.));
#8438 = DIRECTION('',(-2.22044604925E-16,-1.,0.));
#8439 = ORIENTED_EDGE('',*,*,#8425,.F.);
#8440 = ORIENTED_EDGE('',*,*,#7153,.T.);
#8441 = CYLINDRICAL_SURFACE('',#8442,0.25);
#8442 = AXIS2_PLACEMENT_3D('',#8443,#8444,#8445);
#8443 = CARTESIAN_POINT('',(-2.4,2.4,0.93));
#8444 = DIRECTION('',(0.,0.,-1.));
#8445 = DIRECTION('',(-2.22044604925E-16,-1.,-0.));
#8446 = ADVANCED_FACE('',(#8447),#8450,.T.);
#8447 = FACE_BOUND('',#8448,.T.);
#8448 = EDGE_LOOP('',(#8449));
#8449 = ORIENTED_EDGE('',*,*,#8433,.T.);
#8450 = PLANE('',#8451);
#8451 = AXIS2_PLACEMENT_3D('',#8452,#8453,#8454);
#8452 = CARTESIAN_POINT('',(-2.4,2.4,0.91));
#8453 = DIRECTION('',(0.,0.,1.));
#8454 = DIRECTION('',(-2.22044604925E-16,-1.,0.));
#8455 = ( GEOMETRIC_REPRESENTATION_CONTEXT(3) 
GLOBAL_UNCERTAINTY_ASSIGNED_CONTEXT((#8459)) 
GLOBAL_UNIT_ASSIGNED_CONTEXT((#8456,#8457,#8458)) REPRESENTATION_CONTEXT
('Context #1','3D Context with UNIT and UNCERTAINTY') );
#8456 = ( LENGTH_UNIT() NAMED_UNIT(*) SI_UNIT(.MILLI.,.METRE.) );
#8457 = ( NAMED_UNIT(*) PLANE_ANGLE_UNIT() SI_UNIT($,.RADIAN.) );
#8458 = ( NAMED_UNIT(*) SI_UNIT($,.STERADIAN.) SOLID_ANGLE_UNIT() );
#8459 = UNCERTAINTY_MEASURE_WITH_UNIT(LENGTH_MEASURE(1.E-07),#8456,
  'distance_accuracy_value','confusion accuracy');
#8460 = CONTEXT_DEPENDENT_SHAPE_REPRESENTATION(#8461,#8463);
#8461 = ( REPRESENTATION_RELATIONSHIP('','',#2484,#10) 
REPRESENTATION_RELATIONSHIP_WITH_TRANSFORMATION(#8462) 
SHAPE_REPRESENTATION_RELATIONSHIP() );
#8462 = ITEM_DEFINED_TRANSFORMATION('','',#11,#43);
#8463 = PRODUCT_DEFINITION_SHAPE('Placement','Placement of an item',
  #8464);
#8464 = NEXT_ASSEMBLY_USAGE_OCCURRENCE('8','U2','',#5,#2479,$);
#8465 = PRODUCT_RELATED_PRODUCT_CATEGORY('part',$,(#2481));
#8466 = CONTEXT_DEPENDENT_SHAPE_REPRESENTATION(#8467,#8469);
#8467 = ( REPRESENTATION_RELATIONSHIP('','',#1650,#10) 
REPRESENTATION_RELATIONSHIP_WITH_TRANSFORMATION(#8468) 
SHAPE_REPRESENTATION_RELATIONSHIP() );
#8468 = ITEM_DEFINED_TRANSFORMATION('','',#11,#47);
#8469 = PRODUCT_DEFINITION_SHAPE('Placement','Placement of an item',
  #8470);
#8470 = NEXT_ASSEMBLY_USAGE_OCCURRENCE('9','R2','',#5,#1645,$);
#8471 = CONTEXT_DEPENDENT_SHAPE_REPRESENTATION(#8472,#8474);
#8472 = ( REPRESENTATION_RELATIONSHIP('','',#1650,#10) 
REPRESENTATION_RELATIONSHIP_WITH_TRANSFORMATION(#8473) 
SHAPE_REPRESENTATION_RELATIONSHIP() );
#8473 = ITEM_DEFINED_TRANSFORMATION('','',#11,#51);
#8474 = PRODUCT_DEFINITION_SHAPE('Placement','Placement of an item',
  #8475);
#8475 = NEXT_ASSEMBLY_USAGE_OCCURRENCE('10','R9','',#5,#1645,$);
#8476 = CONTEXT_DEPENDENT_SHAPE_REPRESENTATION(#8477,#8479);
#8477 = ( REPRESENTATION_RELATIONSHIP('','',#1650,#10) 
REPRESENTATION_RELATIONSHIP_WITH_TRANSFORMATION(#8478) 
SHAPE_REPRESENTATION_RELATIONSHIP() );
#8478 = ITEM_DEFINED_TRANSFORMATION('','',#11,#55);
#8479 = PRODUCT_DEFINITION_SHAPE('Placement','Placement of an item',
  #8480);
#8480 = NEXT_ASSEMBLY_USAGE_OCCURRENCE('11','R5','',#5,#1645,$);
#8481 = CONTEXT_DEPENDENT_SHAPE_REPRESENTATION(#8482,#8484);
#8482 = ( REPRESENTATION_RELATIONSHIP('','',#108,#10) 
REPRESENTATION_RELATIONSHIP_WITH_TRANSFORMATION(#8483) 
SHAPE_REPRESENTATION_RELATIONSHIP() );
#8483 = ITEM_DEFINED_TRANSFORMATION('','',#11,#59);
#8484 = PRODUCT_DEFINITION_SHAPE('Placement','Placement of an item',
  #8485);
#8485 = NEXT_ASSEMBLY_USAGE_OCCURRENCE('12','D8','',#5,#103,$);
#8486 = CONTEXT_DEPENDENT_SHAPE_REPRESENTATION(#8487,#8489);
#8487 = ( REPRESENTATION_RELATIONSHIP('','',#108,#10) 
REPRESENTATION_RELATIONSHIP_WITH_TRANSFORMATION(#8488) 
SHAPE_REPRESENTATION_RELATIONSHIP() );
#8488 = ITEM_DEFINED_TRANSFORMATION('','',#11,#63);
#8489 = PRODUCT_DEFINITION_SHAPE('Placement','Placement of an item',
  #8490);
#8490 = NEXT_ASSEMBLY_USAGE_OCCURRENCE('13','D5','',#5,#103,$);
#8491 = CONTEXT_DEPENDENT_SHAPE_REPRESENTATION(#8492,#8494);
#8492 = ( REPRESENTATION_RELATIONSHIP('','',#108,#10) 
REPRESENTATION_RELATIONSHIP_WITH_TRANSFORMATION(#8493) 
SHAPE_REPRESENTATION_RELATIONSHIP() );
#8493 = ITEM_DEFINED_TRANSFORMATION('','',#11,#67);
#8494 = PRODUCT_DEFINITION_SHAPE('Placement','Placement of an item',
  #8495);
#8495 = NEXT_ASSEMBLY_USAGE_OCCURRENCE('14','D9','',#5,#103,$);
#8496 = CONTEXT_DEPENDENT_SHAPE_REPRESENTATION(#8497,#8499);
#8497 = ( REPRESENTATION_RELATIONSHIP('','',#1650,#10) 
REPRESENTATION_RELATIONSHIP_WITH_TRANSFORMATION(#8498) 
SHAPE_REPRESENTATION_RELATIONSHIP() );
#8498 = ITEM_DEFINED_TRANSFORMATION('','',#11,#71);
#8499 = PRODUCT_DEFINITION_SHAPE('Placement','Placement of an item',
  #8500);
#8500 = NEXT_ASSEMBLY_USAGE_OCCURRENCE('15','R1','',#5,#1645,$);
#8501 = CONTEXT_DEPENDENT_SHAPE_REPRESENTATION(#8502,#8504);
#8502 = ( REPRESENTATION_RELATIONSHIP('','',#1650,#10) 
REPRESENTATION_RELATIONSHIP_WITH_TRANSFORMATION(#8503) 
SHAPE_REPRESENTATION_RELATIONSHIP() );
#8503 = ITEM_DEFINED_TRANSFORMATION('','',#11,#75);
#8504 = PRODUCT_DEFINITION_SHAPE('Placement','Placement of an item',
  #8505);
#8505 = NEXT_ASSEMBLY_USAGE_OCCURRENCE('16','R4','',#5,#1645,$);
#8506 = CONTEXT_DEPENDENT_SHAPE_REPRESENTATION(#8507,#8509);
#8507 = ( REPRESENTATION_RELATIONSHIP('','',#1650,#10) 
REPRESENTATION_RELATIONSHIP_WITH_TRANSFORMATION(#8508) 
SHAPE_REPRESENTATION_RELATIONSHIP() );
#8508 = ITEM_DEFINED_TRANSFORMATION('','',#11,#79);
#8509 = PRODUCT_DEFINITION_SHAPE('Placement','Placement of an item',
  #8510);
#8510 = NEXT_ASSEMBLY_USAGE_OCCURRENCE('17','R7','',#5,#1645,$);
#8511 = CONTEXT_DEPENDENT_SHAPE_REPRESENTATION(#8512,#8514);
#8512 = ( REPRESENTATION_RELATIONSHIP('','',#108,#10) 
REPRESENTATION_RELATIONSHIP_WITH_TRANSFORMATION(#8513) 
SHAPE_REPRESENTATION_RELATIONSHIP() );
#8513 = ITEM_DEFINED_TRANSFORMATION('','',#11,#83);
#8514 = PRODUCT_DEFINITION_SHAPE('Placement','Placement of an item',
  #8515);
#8515 = NEXT_ASSEMBLY_USAGE_OCCURRENCE('18','D7','',#5,#103,$);
#8516 = CONTEXT_DEPENDENT_SHAPE_REPRESENTATION(#8517,#8519);
#8517 = ( REPRESENTATION_RELATIONSHIP('','',#108,#10) 
REPRESENTATION_RELATIONSHIP_WITH_TRANSFORMATION(#8518) 
SHAPE_REPRESENTATION_RELATIONSHIP() );
#8518 = ITEM_DEFINED_TRANSFORMATION('','',#11,#87);
#8519 = PRODUCT_DEFINITION_SHAPE('Placement','Placement of an item',
  #8520);
#8520 = NEXT_ASSEMBLY_USAGE_OCCURRENCE('19','D4','',#5,#103,$);
#8521 = SHAPE_DEFINITION_REPRESENTATION(#8522,#8528);
#8522 = PRODUCT_DEFINITION_SHAPE('','',#8523);
#8523 = PRODUCT_DEFINITION('design','',#8524,#8527);
#8524 = PRODUCT_DEFINITION_FORMATION('','',#8525);
#8525 = PRODUCT('mg_PCB','mg_PCB','',(#8526));
#8526 = PRODUCT_CONTEXT('',#2,'mechanical');
#8527 = PRODUCT_DEFINITION_CONTEXT('part definition',#2,'design');
#8528 = ADVANCED_BREP_SHAPE_REPRESENTATION('',(#11,#8529),#10980);
#8529 = MANIFOLD_SOLID_BREP('',#8530);
#8530 = CLOSED_SHELL('',(#8531,#8571,#8602,#8633,#9299,#9965,#9977,#9994
    ,#10011,#10028,#10045,#10062,#10079,#10096,#10113,#10130,#10147,
    #10164,#10181,#10198,#10215,#10232,#10249,#10266,#10283,#10300,
    #10317,#10334,#10351,#10368,#10385,#10402,#10419,#10436,#10453,
    #10470,#10487,#10504,#10521,#10538,#10555,#10572,#10589,#10606,
    #10623,#10640,#10657,#10674,#10691,#10708,#10725,#10742,#10759,
    #10776,#10793,#10810,#10827,#10844,#10861,#10878,#10895,#10912,
    #10929,#10946,#10963));
#8531 = ADVANCED_FACE('',(#8532),#8566,.T.);
#8532 = FACE_BOUND('',#8533,.T.);
#8533 = EDGE_LOOP('',(#8534,#8544,#8552,#8560));
#8534 = ORIENTED_EDGE('',*,*,#8535,.T.);
#8535 = EDGE_CURVE('',#8536,#8538,#8540,.T.);
#8536 = VERTEX_POINT('',#8537);
#8537 = CARTESIAN_POINT('',(187.5,-151.,0.));
#8538 = VERTEX_POINT('',#8539);
#8539 = CARTESIAN_POINT('',(187.5,-151.,1.51));
#8540 = LINE('',#8541,#8542);
#8541 = CARTESIAN_POINT('',(187.5,-151.,0.));
#8542 = VECTOR('',#8543,1.);
#8543 = DIRECTION('',(0.,0.,1.));
#8544 = ORIENTED_EDGE('',*,*,#8545,.T.);
#8545 = EDGE_CURVE('',#8538,#8546,#8548,.T.);
#8546 = VERTEX_POINT('',#8547);
#8547 = CARTESIAN_POINT('',(119.5,-151.,1.51));
#8548 = LINE('',#8549,#8550);
#8549 = CARTESIAN_POINT('',(187.5,-151.,1.51));
#8550 = VECTOR('',#8551,1.);
#8551 = DIRECTION('',(-1.,0.,0.));
#8552 = ORIENTED_EDGE('',*,*,#8553,.F.);
#8553 = EDGE_CURVE('',#8554,#8546,#8556,.T.);
#8554 = VERTEX_POINT('',#8555);
#8555 = CARTESIAN_POINT('',(119.5,-151.,0.));
#8556 = LINE('',#8557,#8558);
#8557 = CARTESIAN_POINT('',(119.5,-151.,0.));
#8558 = VECTOR('',#8559,1.);
#8559 = DIRECTION('',(0.,0.,1.));
#8560 = ORIENTED_EDGE('',*,*,#8561,.F.);
#8561 = EDGE_CURVE('',#8536,#8554,#8562,.T.);
#8562 = LINE('',#8563,#8564);
#8563 = CARTESIAN_POINT('',(187.5,-151.,0.));
#8564 = VECTOR('',#8565,1.);
#8565 = DIRECTION('',(-1.,0.,0.));
#8566 = PLANE('',#8567);
#8567 = AXIS2_PLACEMENT_3D('',#8568,#8569,#8570);
#8568 = CARTESIAN_POINT('',(187.5,-151.,0.));
#8569 = DIRECTION('',(0.,-1.,0.));
#8570 = DIRECTION('',(-1.,0.,0.));
#8571 = ADVANCED_FACE('',(#8572),#8597,.T.);
#8572 = FACE_BOUND('',#8573,.T.);
#8573 = EDGE_LOOP('',(#8574,#8584,#8590,#8591));
#8574 = ORIENTED_EDGE('',*,*,#8575,.T.);
#8575 = EDGE_CURVE('',#8576,#8578,#8580,.T.);
#8576 = VERTEX_POINT('',#8577);
#8577 = CARTESIAN_POINT('',(187.5,-54.,0.));
#8578 = VERTEX_POINT('',#8579);
#8579 = CARTESIAN_POINT('',(187.5,-54.,1.51));
#8580 = LINE('',#8581,#8582);
#8581 = CARTESIAN_POINT('',(187.5,-54.,0.));
#8582 = VECTOR('',#8583,1.);
#8583 = DIRECTION('',(0.,0.,1.));
#8584 = ORIENTED_EDGE('',*,*,#8585,.T.);
#8585 = EDGE_CURVE('',#8578,#8538,#8586,.T.);
#8586 = LINE('',#8587,#8588);
#8587 = CARTESIAN_POINT('',(187.5,-54.,1.51));
#8588 = VECTOR('',#8589,1.);
#8589 = DIRECTION('',(0.,-1.,0.));
#8590 = ORIENTED_EDGE('',*,*,#8535,.F.);
#8591 = ORIENTED_EDGE('',*,*,#8592,.F.);
#8592 = EDGE_CURVE('',#8576,#8536,#8593,.T.);
#8593 = LINE('',#8594,#8595);
#8594 = CARTESIAN_POINT('',(187.5,-54.,0.));
#8595 = VECTOR('',#8596,1.);
#8596 = DIRECTION('',(0.,-1.,0.));
#8597 = PLANE('',#8598);
#8598 = AXIS2_PLACEMENT_3D('',#8599,#8600,#8601);
#8599 = CARTESIAN_POINT('',(187.5,-54.,0.));
#8600 = DIRECTION('',(1.,0.,-0.));
#8601 = DIRECTION('',(0.,-1.,0.));
#8602 = ADVANCED_FACE('',(#8603),#8628,.T.);
#8603 = FACE_BOUND('',#8604,.T.);
#8604 = EDGE_LOOP('',(#8605,#8606,#8614,#8622));
#8605 = ORIENTED_EDGE('',*,*,#8553,.T.);
#8606 = ORIENTED_EDGE('',*,*,#8607,.T.);
#8607 = EDGE_CURVE('',#8546,#8608,#8610,.T.);
#8608 = VERTEX_POINT('',#8609);
#8609 = CARTESIAN_POINT('',(119.5,-54.,1.51));
#8610 = LINE('',#8611,#8612);
#8611 = CARTESIAN_POINT('',(119.5,-151.,1.51));
#8612 = VECTOR('',#8613,1.);
#8613 = DIRECTION('',(0.,1.,0.));
#8614 = ORIENTED_EDGE('',*,*,#8615,.F.);
#8615 = EDGE_CURVE('',#8616,#8608,#8618,.T.);
#8616 = VERTEX_POINT('',#8617);
#8617 = CARTESIAN_POINT('',(119.5,-54.,0.));
#8618 = LINE('',#8619,#8620);
#8619 = CARTESIAN_POINT('',(119.5,-54.,0.));
#8620 = VECTOR('',#8621,1.);
#8621 = DIRECTION('',(0.,0.,1.));
#8622 = ORIENTED_EDGE('',*,*,#8623,.F.);
#8623 = EDGE_CURVE('',#8554,#8616,#8624,.T.);
#8624 = LINE('',#8625,#8626);
#8625 = CARTESIAN_POINT('',(119.5,-151.,0.));
#8626 = VECTOR('',#8627,1.);
#8627 = DIRECTION('',(0.,1.,0.));
#8628 = PLANE('',#8629);
#8629 = AXIS2_PLACEMENT_3D('',#8630,#8631,#8632);
#8630 = CARTESIAN_POINT('',(119.5,-151.,0.));
#8631 = DIRECTION('',(-1.,0.,0.));
#8632 = DIRECTION('',(0.,1.,0.));
#8633 = ADVANCED_FACE('',(#8634,#8645,#8656,#8667,#8678,#8689,#8700,
    #8711,#8722,#8733,#8744,#8755,#8766,#8777,#8788,#8799,#8810,#8821,
    #8832,#8843,#8854,#8865,#8876,#8887,#8898,#8909,#8920,#8931,#8942,
    #8953,#8964,#8975,#8986,#8997,#9008,#9019,#9030,#9041,#9052,#9063,
    #9074,#9085,#9096,#9107,#9118,#9129,#9140,#9151,#9162,#9173,#9184,
    #9195,#9206,#9217,#9228,#9239,#9250,#9261,#9272,#9283),#9294,.F.);
#8634 = FACE_BOUND('',#8635,.F.);
#8635 = EDGE_LOOP('',(#8636,#8637,#8638,#8644));
#8636 = ORIENTED_EDGE('',*,*,#8561,.F.);
#8637 = ORIENTED_EDGE('',*,*,#8592,.F.);
#8638 = ORIENTED_EDGE('',*,*,#8639,.F.);
#8639 = EDGE_CURVE('',#8616,#8576,#8640,.T.);
#8640 = LINE('',#8641,#8642);
#8641 = CARTESIAN_POINT('',(119.5,-54.,0.));
#8642 = VECTOR('',#8643,1.);
#8643 = DIRECTION('',(1.,0.,0.));
#8644 = ORIENTED_EDGE('',*,*,#8623,.F.);
#8645 = FACE_BOUND('',#8646,.F.);
#8646 = EDGE_LOOP('',(#8647));
#8647 = ORIENTED_EDGE('',*,*,#8648,.T.);
#8648 = EDGE_CURVE('',#8649,#8649,#8651,.T.);
#8649 = VERTEX_POINT('',#8650);
#8650 = CARTESIAN_POINT('',(125.38,-136.43,0.));
#8651 = CIRCLE('',#8652,0.85);
#8652 = AXIS2_PLACEMENT_3D('',#8653,#8654,#8655);
#8653 = CARTESIAN_POINT('',(125.38,-135.58,0.));
#8654 = DIRECTION('',(-0.,0.,-1.));
#8655 = DIRECTION('',(-0.,-1.,0.));
#8656 = FACE_BOUND('',#8657,.F.);
#8657 = EDGE_LOOP('',(#8658));
#8658 = ORIENTED_EDGE('',*,*,#8659,.T.);
#8659 = EDGE_CURVE('',#8660,#8660,#8662,.T.);
#8660 = VERTEX_POINT('',#8661);
#8661 = CARTESIAN_POINT('',(126.65,-133.79,0.));
#8662 = CIRCLE('',#8663,0.75);
#8663 = AXIS2_PLACEMENT_3D('',#8664,#8665,#8666);
#8664 = CARTESIAN_POINT('',(126.65,-133.04,0.));
#8665 = DIRECTION('',(-0.,0.,-1.));
#8666 = DIRECTION('',(-0.,-1.,0.));
#8667 = FACE_BOUND('',#8668,.F.);
#8668 = EDGE_LOOP('',(#8669));
#8669 = ORIENTED_EDGE('',*,*,#8670,.T.);
#8670 = EDGE_CURVE('',#8671,#8671,#8673,.T.);
#8671 = VERTEX_POINT('',#8672);
#8672 = CARTESIAN_POINT('',(130.46,-137.58,0.));
#8673 = CIRCLE('',#8674,2.);
#8674 = AXIS2_PLACEMENT_3D('',#8675,#8676,#8677);
#8675 = CARTESIAN_POINT('',(130.46,-135.58,0.));
#8676 = DIRECTION('',(-0.,0.,-1.));
#8677 = DIRECTION('',(-0.,-1.,0.));
#8678 = FACE_BOUND('',#8679,.F.);
#8679 = EDGE_LOOP('',(#8680));
#8680 = ORIENTED_EDGE('',*,*,#8681,.T.);
#8681 = EDGE_CURVE('',#8682,#8682,#8684,.T.);
#8682 = VERTEX_POINT('',#8683);
#8683 = CARTESIAN_POINT('',(135.54,-136.43,0.));
#8684 = CIRCLE('',#8685,0.85);
#8685 = AXIS2_PLACEMENT_3D('',#8686,#8687,#8688);
#8686 = CARTESIAN_POINT('',(135.54,-135.58,0.));
#8687 = DIRECTION('',(-0.,0.,-1.));
#8688 = DIRECTION('',(-0.,-1.,0.));
#8689 = FACE_BOUND('',#8690,.F.);
#8690 = EDGE_LOOP('',(#8691));
#8691 = ORIENTED_EDGE('',*,*,#8692,.T.);
#8692 = EDGE_CURVE('',#8693,#8693,#8695,.T.);
#8693 = VERTEX_POINT('',#8694);
#8694 = CARTESIAN_POINT('',(133.,-131.25,0.));
#8695 = CIRCLE('',#8696,0.75);
#8696 = AXIS2_PLACEMENT_3D('',#8697,#8698,#8699);
#8697 = CARTESIAN_POINT('',(133.,-130.5,0.));
#8698 = DIRECTION('',(-0.,0.,-1.));
#8699 = DIRECTION('',(-0.,-1.,0.));
#8700 = FACE_BOUND('',#8701,.F.);
#8701 = EDGE_LOOP('',(#8702));
#8702 = ORIENTED_EDGE('',*,*,#8703,.T.);
#8703 = EDGE_CURVE('',#8704,#8704,#8706,.T.);
#8704 = VERTEX_POINT('',#8705);
#8705 = CARTESIAN_POINT('',(148.38,-136.43,0.));
#8706 = CIRCLE('',#8707,0.85);
#8707 = AXIS2_PLACEMENT_3D('',#8708,#8709,#8710);
#8708 = CARTESIAN_POINT('',(148.38,-135.58,0.));
#8709 = DIRECTION('',(-0.,0.,-1.));
#8710 = DIRECTION('',(-0.,-1.,0.));
#8711 = FACE_BOUND('',#8712,.F.);
#8712 = EDGE_LOOP('',(#8713));
#8713 = ORIENTED_EDGE('',*,*,#8714,.T.);
#8714 = EDGE_CURVE('',#8715,#8715,#8717,.T.);
#8715 = VERTEX_POINT('',#8716);
#8716 = CARTESIAN_POINT('',(149.65,-133.79,0.));
#8717 = CIRCLE('',#8718,0.75);
#8718 = AXIS2_PLACEMENT_3D('',#8719,#8720,#8721);
#8719 = CARTESIAN_POINT('',(149.65,-133.04,0.));
#8720 = DIRECTION('',(-0.,0.,-1.));
#8721 = DIRECTION('',(-0.,-1.,0.));
#8722 = FACE_BOUND('',#8723,.F.);
#8723 = EDGE_LOOP('',(#8724));
#8724 = ORIENTED_EDGE('',*,*,#8725,.T.);
#8725 = EDGE_CURVE('',#8726,#8726,#8728,.T.);
#8726 = VERTEX_POINT('',#8727);
#8727 = CARTESIAN_POINT('',(125.38,-111.93,0.));
#8728 = CIRCLE('',#8729,0.85);
#8729 = AXIS2_PLACEMENT_3D('',#8730,#8731,#8732);
#8730 = CARTESIAN_POINT('',(125.38,-111.08,0.));
#8731 = DIRECTION('',(-0.,0.,-1.));
#8732 = DIRECTION('',(-0.,-1.,0.));
#8733 = FACE_BOUND('',#8734,.F.);
#8734 = EDGE_LOOP('',(#8735));
#8735 = ORIENTED_EDGE('',*,*,#8736,.T.);
#8736 = EDGE_CURVE('',#8737,#8737,#8739,.T.);
#8737 = VERTEX_POINT('',#8738);
#8738 = CARTESIAN_POINT('',(126.65,-109.29,0.));
#8739 = CIRCLE('',#8740,0.75);
#8740 = AXIS2_PLACEMENT_3D('',#8741,#8742,#8743);
#8741 = CARTESIAN_POINT('',(126.65,-108.54,0.));
#8742 = DIRECTION('',(-0.,0.,-1.));
#8743 = DIRECTION('',(-0.,-1.,0.));
#8744 = FACE_BOUND('',#8745,.F.);
#8745 = EDGE_LOOP('',(#8746));
#8746 = ORIENTED_EDGE('',*,*,#8747,.T.);
#8747 = EDGE_CURVE('',#8748,#8748,#8750,.T.);
#8748 = VERTEX_POINT('',#8749);
#8749 = CARTESIAN_POINT('',(130.46,-113.08,0.));
#8750 = CIRCLE('',#8751,2.);
#8751 = AXIS2_PLACEMENT_3D('',#8752,#8753,#8754);
#8752 = CARTESIAN_POINT('',(130.46,-111.08,0.));
#8753 = DIRECTION('',(-0.,0.,-1.));
#8754 = DIRECTION('',(-0.,-1.,0.));
#8755 = FACE_BOUND('',#8756,.F.);
#8756 = EDGE_LOOP('',(#8757));
#8757 = ORIENTED_EDGE('',*,*,#8758,.T.);
#8758 = EDGE_CURVE('',#8759,#8759,#8761,.T.);
#8759 = VERTEX_POINT('',#8760);
#8760 = CARTESIAN_POINT('',(135.54,-111.93,0.));
#8761 = CIRCLE('',#8762,0.85);
#8762 = AXIS2_PLACEMENT_3D('',#8763,#8764,#8765);
#8763 = CARTESIAN_POINT('',(135.54,-111.08,0.));
#8764 = DIRECTION('',(-0.,0.,-1.));
#8765 = DIRECTION('',(-0.,-1.,0.));
#8766 = FACE_BOUND('',#8767,.F.);
#8767 = EDGE_LOOP('',(#8768));
#8768 = ORIENTED_EDGE('',*,*,#8769,.T.);
#8769 = EDGE_CURVE('',#8770,#8770,#8772,.T.);
#8770 = VERTEX_POINT('',#8771);
#8771 = CARTESIAN_POINT('',(133.,-106.75,0.));
#8772 = CIRCLE('',#8773,0.75);
#8773 = AXIS2_PLACEMENT_3D('',#8774,#8775,#8776);
#8774 = CARTESIAN_POINT('',(133.,-106.,0.));
#8775 = DIRECTION('',(-0.,0.,-1.));
#8776 = DIRECTION('',(-0.,-1.,0.));
#8777 = FACE_BOUND('',#8778,.F.);
#8778 = EDGE_LOOP('',(#8779));
#8779 = ORIENTED_EDGE('',*,*,#8780,.T.);
#8780 = EDGE_CURVE('',#8781,#8781,#8783,.T.);
#8781 = VERTEX_POINT('',#8782);
#8782 = CARTESIAN_POINT('',(148.38,-111.93,0.));
#8783 = CIRCLE('',#8784,0.85);
#8784 = AXIS2_PLACEMENT_3D('',#8785,#8786,#8787);
#8785 = CARTESIAN_POINT('',(148.38,-111.08,0.));
#8786 = DIRECTION('',(-0.,0.,-1.));
#8787 = DIRECTION('',(-0.,-1.,0.));
#8788 = FACE_BOUND('',#8789,.F.);
#8789 = EDGE_LOOP('',(#8790));
#8790 = ORIENTED_EDGE('',*,*,#8791,.T.);
#8791 = EDGE_CURVE('',#8792,#8792,#8794,.T.);
#8792 = VERTEX_POINT('',#8793);
#8793 = CARTESIAN_POINT('',(149.65,-109.29,0.));
#8794 = CIRCLE('',#8795,0.75);
#8795 = AXIS2_PLACEMENT_3D('',#8796,#8797,#8798);
#8796 = CARTESIAN_POINT('',(149.65,-108.54,0.));
#8797 = DIRECTION('',(-0.,0.,-1.));
#8798 = DIRECTION('',(-0.,-1.,0.));
#8799 = FACE_BOUND('',#8800,.F.);
#8800 = EDGE_LOOP('',(#8801));
#8801 = ORIENTED_EDGE('',*,*,#8802,.T.);
#8802 = EDGE_CURVE('',#8803,#8803,#8805,.T.);
#8803 = VERTEX_POINT('',#8804);
#8804 = CARTESIAN_POINT('',(153.46,-137.58,0.));
#8805 = CIRCLE('',#8806,2.);
#8806 = AXIS2_PLACEMENT_3D('',#8807,#8808,#8809);
#8807 = CARTESIAN_POINT('',(153.46,-135.58,0.));
#8808 = DIRECTION('',(-0.,0.,-1.));
#8809 = DIRECTION('',(-0.,-1.,0.));
#8810 = FACE_BOUND('',#8811,.F.);
#8811 = EDGE_LOOP('',(#8812));
#8812 = ORIENTED_EDGE('',*,*,#8813,.T.);
#8813 = EDGE_CURVE('',#8814,#8814,#8816,.T.);
#8814 = VERTEX_POINT('',#8815);
#8815 = CARTESIAN_POINT('',(158.54,-136.43,0.));
#8816 = CIRCLE('',#8817,0.85);
#8817 = AXIS2_PLACEMENT_3D('',#8818,#8819,#8820);
#8818 = CARTESIAN_POINT('',(158.54,-135.58,0.));
#8819 = DIRECTION('',(-0.,0.,-1.));
#8820 = DIRECTION('',(-0.,-1.,0.));
#8821 = FACE_BOUND('',#8822,.F.);
#8822 = EDGE_LOOP('',(#8823));
#8823 = ORIENTED_EDGE('',*,*,#8824,.T.);
#8824 = EDGE_CURVE('',#8825,#8825,#8827,.T.);
#8825 = VERTEX_POINT('',#8826);
#8826 = CARTESIAN_POINT('',(156.,-131.25,0.));
#8827 = CIRCLE('',#8828,0.75);
#8828 = AXIS2_PLACEMENT_3D('',#8829,#8830,#8831);
#8829 = CARTESIAN_POINT('',(156.,-130.5,0.));
#8830 = DIRECTION('',(-0.,0.,-1.));
#8831 = DIRECTION('',(-0.,-1.,0.));
#8832 = FACE_BOUND('',#8833,.F.);
#8833 = EDGE_LOOP('',(#8834));
#8834 = ORIENTED_EDGE('',*,*,#8835,.T.);
#8835 = EDGE_CURVE('',#8836,#8836,#8838,.T.);
#8836 = VERTEX_POINT('',#8837);
#8837 = CARTESIAN_POINT('',(171.38,-136.43,0.));
#8838 = CIRCLE('',#8839,0.85);
#8839 = AXIS2_PLACEMENT_3D('',#8840,#8841,#8842);
#8840 = CARTESIAN_POINT('',(171.38,-135.58,0.));
#8841 = DIRECTION('',(-0.,0.,-1.));
#8842 = DIRECTION('',(-0.,-1.,0.));
#8843 = FACE_BOUND('',#8844,.F.);
#8844 = EDGE_LOOP('',(#8845));
#8845 = ORIENTED_EDGE('',*,*,#8846,.T.);
#8846 = EDGE_CURVE('',#8847,#8847,#8849,.T.);
#8847 = VERTEX_POINT('',#8848);
#8848 = CARTESIAN_POINT('',(172.65,-133.79,0.));
#8849 = CIRCLE('',#8850,0.75);
#8850 = AXIS2_PLACEMENT_3D('',#8851,#8852,#8853);
#8851 = CARTESIAN_POINT('',(172.65,-133.04,0.));
#8852 = DIRECTION('',(-0.,0.,-1.));
#8853 = DIRECTION('',(-0.,-1.,0.));
#8854 = FACE_BOUND('',#8855,.F.);
#8855 = EDGE_LOOP('',(#8856));
#8856 = ORIENTED_EDGE('',*,*,#8857,.T.);
#8857 = EDGE_CURVE('',#8858,#8858,#8860,.T.);
#8858 = VERTEX_POINT('',#8859);
#8859 = CARTESIAN_POINT('',(176.46,-137.58,0.));
#8860 = CIRCLE('',#8861,2.);
#8861 = AXIS2_PLACEMENT_3D('',#8862,#8863,#8864);
#8862 = CARTESIAN_POINT('',(176.46,-135.58,0.));
#8863 = DIRECTION('',(-0.,0.,-1.));
#8864 = DIRECTION('',(-0.,-1.,0.));
#8865 = FACE_BOUND('',#8866,.F.);
#8866 = EDGE_LOOP('',(#8867));
#8867 = ORIENTED_EDGE('',*,*,#8868,.T.);
#8868 = EDGE_CURVE('',#8869,#8869,#8871,.T.);
#8869 = VERTEX_POINT('',#8870);
#8870 = CARTESIAN_POINT('',(181.54,-136.43,0.));
#8871 = CIRCLE('',#8872,0.85);
#8872 = AXIS2_PLACEMENT_3D('',#8873,#8874,#8875);
#8873 = CARTESIAN_POINT('',(181.54,-135.58,0.));
#8874 = DIRECTION('',(-0.,0.,-1.));
#8875 = DIRECTION('',(-0.,-1.,0.));
#8876 = FACE_BOUND('',#8877,.F.);
#8877 = EDGE_LOOP('',(#8878));
#8878 = ORIENTED_EDGE('',*,*,#8879,.T.);
#8879 = EDGE_CURVE('',#8880,#8880,#8882,.T.);
#8880 = VERTEX_POINT('',#8881);
#8881 = CARTESIAN_POINT('',(179.,-131.25,0.));
#8882 = CIRCLE('',#8883,0.75);
#8883 = AXIS2_PLACEMENT_3D('',#8884,#8885,#8886);
#8884 = CARTESIAN_POINT('',(179.,-130.5,0.));
#8885 = DIRECTION('',(-0.,0.,-1.));
#8886 = DIRECTION('',(-0.,-1.,0.));
#8887 = FACE_BOUND('',#8888,.F.);
#8888 = EDGE_LOOP('',(#8889));
#8889 = ORIENTED_EDGE('',*,*,#8890,.T.);
#8890 = EDGE_CURVE('',#8891,#8891,#8893,.T.);
#8891 = VERTEX_POINT('',#8892);
#8892 = CARTESIAN_POINT('',(153.46,-113.08,0.));
#8893 = CIRCLE('',#8894,2.);
#8894 = AXIS2_PLACEMENT_3D('',#8895,#8896,#8897);
#8895 = CARTESIAN_POINT('',(153.46,-111.08,0.));
#8896 = DIRECTION('',(-0.,0.,-1.));
#8897 = DIRECTION('',(-0.,-1.,0.));
#8898 = FACE_BOUND('',#8899,.F.);
#8899 = EDGE_LOOP('',(#8900));
#8900 = ORIENTED_EDGE('',*,*,#8901,.T.);
#8901 = EDGE_CURVE('',#8902,#8902,#8904,.T.);
#8902 = VERTEX_POINT('',#8903);
#8903 = CARTESIAN_POINT('',(158.54,-111.93,0.));
#8904 = CIRCLE('',#8905,0.85);
#8905 = AXIS2_PLACEMENT_3D('',#8906,#8907,#8908);
#8906 = CARTESIAN_POINT('',(158.54,-111.08,0.));
#8907 = DIRECTION('',(-0.,0.,-1.));
#8908 = DIRECTION('',(-0.,-1.,0.));
#8909 = FACE_BOUND('',#8910,.F.);
#8910 = EDGE_LOOP('',(#8911));
#8911 = ORIENTED_EDGE('',*,*,#8912,.T.);
#8912 = EDGE_CURVE('',#8913,#8913,#8915,.T.);
#8913 = VERTEX_POINT('',#8914);
#8914 = CARTESIAN_POINT('',(156.,-106.75,0.));
#8915 = CIRCLE('',#8916,0.75);
#8916 = AXIS2_PLACEMENT_3D('',#8917,#8918,#8919);
#8917 = CARTESIAN_POINT('',(156.,-106.,0.));
#8918 = DIRECTION('',(-0.,0.,-1.));
#8919 = DIRECTION('',(-0.,-1.,0.));
#8920 = FACE_BOUND('',#8921,.F.);
#8921 = EDGE_LOOP('',(#8922));
#8922 = ORIENTED_EDGE('',*,*,#8923,.T.);
#8923 = EDGE_CURVE('',#8924,#8924,#8926,.T.);
#8924 = VERTEX_POINT('',#8925);
#8925 = CARTESIAN_POINT('',(170.88,-111.93,0.));
#8926 = CIRCLE('',#8927,0.85);
#8927 = AXIS2_PLACEMENT_3D('',#8928,#8929,#8930);
#8928 = CARTESIAN_POINT('',(170.88,-111.08,0.));
#8929 = DIRECTION('',(-0.,0.,-1.));
#8930 = DIRECTION('',(-0.,-1.,0.));
#8931 = FACE_BOUND('',#8932,.F.);
#8932 = EDGE_LOOP('',(#8933));
#8933 = ORIENTED_EDGE('',*,*,#8934,.T.);
#8934 = EDGE_CURVE('',#8935,#8935,#8937,.T.);
#8935 = VERTEX_POINT('',#8936);
#8936 = CARTESIAN_POINT('',(172.15,-109.29,0.));
#8937 = CIRCLE('',#8938,0.75);
#8938 = AXIS2_PLACEMENT_3D('',#8939,#8940,#8941);
#8939 = CARTESIAN_POINT('',(172.15,-108.54,0.));
#8940 = DIRECTION('',(-0.,0.,-1.));
#8941 = DIRECTION('',(-0.,-1.,0.));
#8942 = FACE_BOUND('',#8943,.F.);
#8943 = EDGE_LOOP('',(#8944));
#8944 = ORIENTED_EDGE('',*,*,#8945,.T.);
#8945 = EDGE_CURVE('',#8946,#8946,#8948,.T.);
#8946 = VERTEX_POINT('',#8947);
#8947 = CARTESIAN_POINT('',(175.96,-113.08,0.));
#8948 = CIRCLE('',#8949,2.);
#8949 = AXIS2_PLACEMENT_3D('',#8950,#8951,#8952);
#8950 = CARTESIAN_POINT('',(175.96,-111.08,0.));
#8951 = DIRECTION('',(-0.,0.,-1.));
#8952 = DIRECTION('',(-0.,-1.,0.));
#8953 = FACE_BOUND('',#8954,.F.);
#8954 = EDGE_LOOP('',(#8955));
#8955 = ORIENTED_EDGE('',*,*,#8956,.T.);
#8956 = EDGE_CURVE('',#8957,#8957,#8959,.T.);
#8957 = VERTEX_POINT('',#8958);
#8958 = CARTESIAN_POINT('',(181.04,-111.93,0.));
#8959 = CIRCLE('',#8960,0.85);
#8960 = AXIS2_PLACEMENT_3D('',#8961,#8962,#8963);
#8961 = CARTESIAN_POINT('',(181.04,-111.08,0.));
#8962 = DIRECTION('',(-0.,0.,-1.));
#8963 = DIRECTION('',(-0.,-1.,0.));
#8964 = FACE_BOUND('',#8965,.F.);
#8965 = EDGE_LOOP('',(#8966));
#8966 = ORIENTED_EDGE('',*,*,#8967,.T.);
#8967 = EDGE_CURVE('',#8968,#8968,#8970,.T.);
#8968 = VERTEX_POINT('',#8969);
#8969 = CARTESIAN_POINT('',(178.5,-106.75,0.));
#8970 = CIRCLE('',#8971,0.75);
#8971 = AXIS2_PLACEMENT_3D('',#8972,#8973,#8974);
#8972 = CARTESIAN_POINT('',(178.5,-106.,0.));
#8973 = DIRECTION('',(-0.,0.,-1.));
#8974 = DIRECTION('',(-0.,-1.,0.));
#8975 = FACE_BOUND('',#8976,.F.);
#8976 = EDGE_LOOP('',(#8977));
#8977 = ORIENTED_EDGE('',*,*,#8978,.T.);
#8978 = EDGE_CURVE('',#8979,#8979,#8981,.T.);
#8979 = VERTEX_POINT('',#8980);
#8980 = CARTESIAN_POINT('',(125.38,-88.93,0.));
#8981 = CIRCLE('',#8982,0.85);
#8982 = AXIS2_PLACEMENT_3D('',#8983,#8984,#8985);
#8983 = CARTESIAN_POINT('',(125.38,-88.08,0.));
#8984 = DIRECTION('',(-0.,0.,-1.));
#8985 = DIRECTION('',(-0.,-1.,0.));
#8986 = FACE_BOUND('',#8987,.F.);
#8987 = EDGE_LOOP('',(#8988));
#8988 = ORIENTED_EDGE('',*,*,#8989,.T.);
#8989 = EDGE_CURVE('',#8990,#8990,#8992,.T.);
#8990 = VERTEX_POINT('',#8991);
#8991 = CARTESIAN_POINT('',(126.65,-86.29,0.));
#8992 = CIRCLE('',#8993,0.75);
#8993 = AXIS2_PLACEMENT_3D('',#8994,#8995,#8996);
#8994 = CARTESIAN_POINT('',(126.65,-85.54,0.));
#8995 = DIRECTION('',(-0.,0.,-1.));
#8996 = DIRECTION('',(-0.,-1.,0.));
#8997 = FACE_BOUND('',#8998,.F.);
#8998 = EDGE_LOOP('',(#8999));
#8999 = ORIENTED_EDGE('',*,*,#9000,.T.);
#9000 = EDGE_CURVE('',#9001,#9001,#9003,.T.);
#9001 = VERTEX_POINT('',#9002);
#9002 = CARTESIAN_POINT('',(130.46,-90.08,0.));
#9003 = CIRCLE('',#9004,2.);
#9004 = AXIS2_PLACEMENT_3D('',#9005,#9006,#9007);
#9005 = CARTESIAN_POINT('',(130.46,-88.08,0.));
#9006 = DIRECTION('',(-0.,0.,-1.));
#9007 = DIRECTION('',(-0.,-1.,0.));
#9008 = FACE_BOUND('',#9009,.F.);
#9009 = EDGE_LOOP('',(#9010));
#9010 = ORIENTED_EDGE('',*,*,#9011,.T.);
#9011 = EDGE_CURVE('',#9012,#9012,#9014,.T.);
#9012 = VERTEX_POINT('',#9013);
#9013 = CARTESIAN_POINT('',(135.54,-88.93,0.));
#9014 = CIRCLE('',#9015,0.85);
#9015 = AXIS2_PLACEMENT_3D('',#9016,#9017,#9018);
#9016 = CARTESIAN_POINT('',(135.54,-88.08,0.));
#9017 = DIRECTION('',(-0.,0.,-1.));
#9018 = DIRECTION('',(-0.,-1.,0.));
#9019 = FACE_BOUND('',#9020,.F.);
#9020 = EDGE_LOOP('',(#9021));
#9021 = ORIENTED_EDGE('',*,*,#9022,.T.);
#9022 = EDGE_CURVE('',#9023,#9023,#9025,.T.);
#9023 = VERTEX_POINT('',#9024);
#9024 = CARTESIAN_POINT('',(133.,-83.75,0.));
#9025 = CIRCLE('',#9026,0.75);
#9026 = AXIS2_PLACEMENT_3D('',#9027,#9028,#9029);
#9027 = CARTESIAN_POINT('',(133.,-83.,0.));
#9028 = DIRECTION('',(-0.,0.,-1.));
#9029 = DIRECTION('',(-0.,-1.,0.));
#9030 = FACE_BOUND('',#9031,.F.);
#9031 = EDGE_LOOP('',(#9032));
#9032 = ORIENTED_EDGE('',*,*,#9033,.T.);
#9033 = EDGE_CURVE('',#9034,#9034,#9036,.T.);
#9034 = VERTEX_POINT('',#9035);
#9035 = CARTESIAN_POINT('',(148.6275,-89.05,0.));
#9036 = CIRCLE('',#9037,0.85);
#9037 = AXIS2_PLACEMENT_3D('',#9038,#9039,#9040);
#9038 = CARTESIAN_POINT('',(148.6275,-88.2,0.));
#9039 = DIRECTION('',(-0.,0.,-1.));
#9040 = DIRECTION('',(-0.,-1.,0.));
#9041 = FACE_BOUND('',#9042,.F.);
#9042 = EDGE_LOOP('',(#9043));
#9043 = ORIENTED_EDGE('',*,*,#9044,.T.);
#9044 = EDGE_CURVE('',#9045,#9045,#9047,.T.);
#9045 = VERTEX_POINT('',#9046);
#9046 = CARTESIAN_POINT('',(149.8975,-86.41,0.));
#9047 = CIRCLE('',#9048,0.75);
#9048 = AXIS2_PLACEMENT_3D('',#9049,#9050,#9051);
#9049 = CARTESIAN_POINT('',(149.8975,-85.66,0.));
#9050 = DIRECTION('',(-0.,0.,-1.));
#9051 = DIRECTION('',(-0.,-1.,0.));
#9052 = FACE_BOUND('',#9053,.F.);
#9053 = EDGE_LOOP('',(#9054));
#9054 = ORIENTED_EDGE('',*,*,#9055,.T.);
#9055 = EDGE_CURVE('',#9056,#9056,#9058,.T.);
#9056 = VERTEX_POINT('',#9057);
#9057 = CARTESIAN_POINT('',(126.38,-75.5645,0.));
#9058 = CIRCLE('',#9059,0.4445);
#9059 = AXIS2_PLACEMENT_3D('',#9060,#9061,#9062);
#9060 = CARTESIAN_POINT('',(126.38,-75.12,0.));
#9061 = DIRECTION('',(-0.,0.,-1.));
#9062 = DIRECTION('',(-0.,-1.,0.));
#9063 = FACE_BOUND('',#9064,.F.);
#9064 = EDGE_LOOP('',(#9065));
#9065 = ORIENTED_EDGE('',*,*,#9066,.T.);
#9066 = EDGE_CURVE('',#9067,#9067,#9069,.T.);
#9067 = VERTEX_POINT('',#9068);
#9068 = CARTESIAN_POINT('',(128.92,-75.5645,0.));
#9069 = CIRCLE('',#9070,0.4445);
#9070 = AXIS2_PLACEMENT_3D('',#9071,#9072,#9073);
#9071 = CARTESIAN_POINT('',(128.92,-75.12,0.));
#9072 = DIRECTION('',(-0.,0.,-1.));
#9073 = DIRECTION('',(-6.394085361171E-14,-1.,0.));
#9074 = FACE_BOUND('',#9075,.F.);
#9075 = EDGE_LOOP('',(#9076));
#9076 = ORIENTED_EDGE('',*,*,#9077,.T.);
#9077 = EDGE_CURVE('',#9078,#9078,#9080,.T.);
#9078 = VERTEX_POINT('',#9079);
#9079 = CARTESIAN_POINT('',(131.46,-75.5645,0.));
#9080 = CIRCLE('',#9081,0.4445);
#9081 = AXIS2_PLACEMENT_3D('',#9082,#9083,#9084);
#9082 = CARTESIAN_POINT('',(131.46,-75.12,0.));
#9083 = DIRECTION('',(-0.,0.,-1.));
#9084 = DIRECTION('',(-0.,-1.,0.));
#9085 = FACE_BOUND('',#9086,.F.);
#9086 = EDGE_LOOP('',(#9087));
#9087 = ORIENTED_EDGE('',*,*,#9088,.T.);
#9088 = EDGE_CURVE('',#9089,#9089,#9091,.T.);
#9089 = VERTEX_POINT('',#9090);
#9090 = CARTESIAN_POINT('',(134.,-75.5645,0.));
#9091 = CIRCLE('',#9092,0.4445);
#9092 = AXIS2_PLACEMENT_3D('',#9093,#9094,#9095);
#9093 = CARTESIAN_POINT('',(134.,-75.12,0.));
#9094 = DIRECTION('',(-0.,0.,-1.));
#9095 = DIRECTION('',(-0.,-1.,0.));
#9096 = FACE_BOUND('',#9097,.F.);
#9097 = EDGE_LOOP('',(#9098));
#9098 = ORIENTED_EDGE('',*,*,#9099,.T.);
#9099 = EDGE_CURVE('',#9100,#9100,#9102,.T.);
#9100 = VERTEX_POINT('',#9101);
#9101 = CARTESIAN_POINT('',(136.54,-75.5645,0.));
#9102 = CIRCLE('',#9103,0.4445);
#9103 = AXIS2_PLACEMENT_3D('',#9104,#9105,#9106);
#9104 = CARTESIAN_POINT('',(136.54,-75.12,0.));
#9105 = DIRECTION('',(-0.,0.,-1.));
#9106 = DIRECTION('',(-0.,-1.,0.));
#9107 = FACE_BOUND('',#9108,.F.);
#9108 = EDGE_LOOP('',(#9109));
#9109 = ORIENTED_EDGE('',*,*,#9110,.T.);
#9110 = EDGE_CURVE('',#9111,#9111,#9113,.T.);
#9111 = VERTEX_POINT('',#9112);
#9112 = CARTESIAN_POINT('',(126.38,-60.3245,0.));
#9113 = CIRCLE('',#9114,0.4445);
#9114 = AXIS2_PLACEMENT_3D('',#9115,#9116,#9117);
#9115 = CARTESIAN_POINT('',(126.38,-59.88,0.));
#9116 = DIRECTION('',(-0.,0.,-1.));
#9117 = DIRECTION('',(-0.,-1.,0.));
#9118 = FACE_BOUND('',#9119,.F.);
#9119 = EDGE_LOOP('',(#9120));
#9120 = ORIENTED_EDGE('',*,*,#9121,.T.);
#9121 = EDGE_CURVE('',#9122,#9122,#9124,.T.);
#9122 = VERTEX_POINT('',#9123);
#9123 = CARTESIAN_POINT('',(128.92,-60.3245,0.));
#9124 = CIRCLE('',#9125,0.4445);
#9125 = AXIS2_PLACEMENT_3D('',#9126,#9127,#9128);
#9126 = CARTESIAN_POINT('',(128.92,-59.88,0.));
#9127 = DIRECTION('',(-0.,0.,-1.));
#9128 = DIRECTION('',(-6.394085361171E-14,-1.,0.));
#9129 = FACE_BOUND('',#9130,.F.);
#9130 = EDGE_LOOP('',(#9131));
#9131 = ORIENTED_EDGE('',*,*,#9132,.T.);
#9132 = EDGE_CURVE('',#9133,#9133,#9135,.T.);
#9133 = VERTEX_POINT('',#9134);
#9134 = CARTESIAN_POINT('',(131.46,-60.3245,0.));
#9135 = CIRCLE('',#9136,0.4445);
#9136 = AXIS2_PLACEMENT_3D('',#9137,#9138,#9139);
#9137 = CARTESIAN_POINT('',(131.46,-59.88,0.));
#9138 = DIRECTION('',(-0.,0.,-1.));
#9139 = DIRECTION('',(-0.,-1.,0.));
#9140 = FACE_BOUND('',#9141,.F.);
#9141 = EDGE_LOOP('',(#9142));
#9142 = ORIENTED_EDGE('',*,*,#9143,.T.);
#9143 = EDGE_CURVE('',#9144,#9144,#9146,.T.);
#9144 = VERTEX_POINT('',#9145);
#9145 = CARTESIAN_POINT('',(134.,-60.3245,0.));
#9146 = CIRCLE('',#9147,0.4445);
#9147 = AXIS2_PLACEMENT_3D('',#9148,#9149,#9150);
#9148 = CARTESIAN_POINT('',(134.,-59.88,0.));
#9149 = DIRECTION('',(-0.,0.,-1.));
#9150 = DIRECTION('',(-0.,-1.,0.));
#9151 = FACE_BOUND('',#9152,.F.);
#9152 = EDGE_LOOP('',(#9153));
#9153 = ORIENTED_EDGE('',*,*,#9154,.T.);
#9154 = EDGE_CURVE('',#9155,#9155,#9157,.T.);
#9155 = VERTEX_POINT('',#9156);
#9156 = CARTESIAN_POINT('',(136.54,-60.3245,0.));
#9157 = CIRCLE('',#9158,0.4445);
#9158 = AXIS2_PLACEMENT_3D('',#9159,#9160,#9161);
#9159 = CARTESIAN_POINT('',(136.54,-59.88,0.));
#9160 = DIRECTION('',(-0.,0.,-1.));
#9161 = DIRECTION('',(-0.,-1.,0.));
#9162 = FACE_BOUND('',#9163,.F.);
#9163 = EDGE_LOOP('',(#9164));
#9164 = ORIENTED_EDGE('',*,*,#9165,.T.);
#9165 = EDGE_CURVE('',#9166,#9166,#9168,.T.);
#9166 = VERTEX_POINT('',#9167);
#9167 = CARTESIAN_POINT('',(139.08,-75.5645,0.));
#9168 = CIRCLE('',#9169,0.4445);
#9169 = AXIS2_PLACEMENT_3D('',#9170,#9171,#9172);
#9170 = CARTESIAN_POINT('',(139.08,-75.12,0.));
#9171 = DIRECTION('',(-0.,0.,-1.));
#9172 = DIRECTION('',(6.39408536117E-14,-1.,-0.));
#9173 = FACE_BOUND('',#9174,.F.);
#9174 = EDGE_LOOP('',(#9175));
#9175 = ORIENTED_EDGE('',*,*,#9176,.T.);
#9176 = EDGE_CURVE('',#9177,#9177,#9179,.T.);
#9177 = VERTEX_POINT('',#9178);
#9178 = CARTESIAN_POINT('',(141.62,-75.5645,0.));
#9179 = CIRCLE('',#9180,0.4445);
#9180 = AXIS2_PLACEMENT_3D('',#9181,#9182,#9183);
#9181 = CARTESIAN_POINT('',(141.62,-75.12,0.));
#9182 = DIRECTION('',(-0.,0.,-1.));
#9183 = DIRECTION('',(-0.,-1.,0.));
#9184 = FACE_BOUND('',#9185,.F.);
#9185 = EDGE_LOOP('',(#9186));
#9186 = ORIENTED_EDGE('',*,*,#9187,.T.);
#9187 = EDGE_CURVE('',#9188,#9188,#9190,.T.);
#9188 = VERTEX_POINT('',#9189);
#9189 = CARTESIAN_POINT('',(139.08,-60.3245,0.));
#9190 = CIRCLE('',#9191,0.4445);
#9191 = AXIS2_PLACEMENT_3D('',#9192,#9193,#9194);
#9192 = CARTESIAN_POINT('',(139.08,-59.88,0.));
#9193 = DIRECTION('',(-0.,0.,-1.));
#9194 = DIRECTION('',(6.39408536117E-14,-1.,-0.));
#9195 = FACE_BOUND('',#9196,.F.);
#9196 = EDGE_LOOP('',(#9197));
#9197 = ORIENTED_EDGE('',*,*,#9198,.T.);
#9198 = EDGE_CURVE('',#9199,#9199,#9201,.T.);
#9199 = VERTEX_POINT('',#9200);
#9200 = CARTESIAN_POINT('',(141.62,-60.3245,0.));
#9201 = CIRCLE('',#9202,0.4445);
#9202 = AXIS2_PLACEMENT_3D('',#9203,#9204,#9205);
#9203 = CARTESIAN_POINT('',(141.62,-59.88,0.));
#9204 = DIRECTION('',(-0.,0.,-1.));
#9205 = DIRECTION('',(-0.,-1.,0.));
#9206 = FACE_BOUND('',#9207,.F.);
#9207 = EDGE_LOOP('',(#9208));
#9208 = ORIENTED_EDGE('',*,*,#9209,.T.);
#9209 = EDGE_CURVE('',#9210,#9210,#9212,.T.);
#9210 = VERTEX_POINT('',#9211);
#9211 = CARTESIAN_POINT('',(153.7075,-90.2,0.));
#9212 = CIRCLE('',#9213,2.);
#9213 = AXIS2_PLACEMENT_3D('',#9214,#9215,#9216);
#9214 = CARTESIAN_POINT('',(153.7075,-88.2,0.));
#9215 = DIRECTION('',(-0.,0.,-1.));
#9216 = DIRECTION('',(-0.,-1.,0.));
#9217 = FACE_BOUND('',#9218,.F.);
#9218 = EDGE_LOOP('',(#9219));
#9219 = ORIENTED_EDGE('',*,*,#9220,.T.);
#9220 = EDGE_CURVE('',#9221,#9221,#9223,.T.);
#9221 = VERTEX_POINT('',#9222);
#9222 = CARTESIAN_POINT('',(158.7875,-89.05,0.));
#9223 = CIRCLE('',#9224,0.85);
#9224 = AXIS2_PLACEMENT_3D('',#9225,#9226,#9227);
#9225 = CARTESIAN_POINT('',(158.7875,-88.2,0.));
#9226 = DIRECTION('',(-0.,0.,-1.));
#9227 = DIRECTION('',(-0.,-1.,0.));
#9228 = FACE_BOUND('',#9229,.F.);
#9229 = EDGE_LOOP('',(#9230));
#9230 = ORIENTED_EDGE('',*,*,#9231,.T.);
#9231 = EDGE_CURVE('',#9232,#9232,#9234,.T.);
#9232 = VERTEX_POINT('',#9233);
#9233 = CARTESIAN_POINT('',(156.2475,-83.87,0.));
#9234 = CIRCLE('',#9235,0.75);
#9235 = AXIS2_PLACEMENT_3D('',#9236,#9237,#9238);
#9236 = CARTESIAN_POINT('',(156.2475,-83.12,0.));
#9237 = DIRECTION('',(-0.,0.,-1.));
#9238 = DIRECTION('',(-0.,-1.,0.));
#9239 = FACE_BOUND('',#9240,.F.);
#9240 = EDGE_LOOP('',(#9241));
#9241 = ORIENTED_EDGE('',*,*,#9242,.T.);
#9242 = EDGE_CURVE('',#9243,#9243,#9245,.T.);
#9243 = VERTEX_POINT('',#9244);
#9244 = CARTESIAN_POINT('',(171.38,-89.05,0.));
#9245 = CIRCLE('',#9246,0.85);
#9246 = AXIS2_PLACEMENT_3D('',#9247,#9248,#9249);
#9247 = CARTESIAN_POINT('',(171.38,-88.2,0.));
#9248 = DIRECTION('',(-0.,0.,-1.));
#9249 = DIRECTION('',(-0.,-1.,0.));
#9250 = FACE_BOUND('',#9251,.F.);
#9251 = EDGE_LOOP('',(#9252));
#9252 = ORIENTED_EDGE('',*,*,#9253,.T.);
#9253 = EDGE_CURVE('',#9254,#9254,#9256,.T.);
#9254 = VERTEX_POINT('',#9255);
#9255 = CARTESIAN_POINT('',(172.65,-86.41,0.));
#9256 = CIRCLE('',#9257,0.75);
#9257 = AXIS2_PLACEMENT_3D('',#9258,#9259,#9260);
#9258 = CARTESIAN_POINT('',(172.65,-85.66,0.));
#9259 = DIRECTION('',(-0.,0.,-1.));
#9260 = DIRECTION('',(-0.,-1.,0.));
#9261 = FACE_BOUND('',#9262,.F.);
#9262 = EDGE_LOOP('',(#9263));
#9263 = ORIENTED_EDGE('',*,*,#9264,.T.);
#9264 = EDGE_CURVE('',#9265,#9265,#9267,.T.);
#9265 = VERTEX_POINT('',#9266);
#9266 = CARTESIAN_POINT('',(176.46,-90.2,0.));
#9267 = CIRCLE('',#9268,2.);
#9268 = AXIS2_PLACEMENT_3D('',#9269,#9270,#9271);
#9269 = CARTESIAN_POINT('',(176.46,-88.2,0.));
#9270 = DIRECTION('',(-0.,0.,-1.));
#9271 = DIRECTION('',(-0.,-1.,0.));
#9272 = FACE_BOUND('',#9273,.F.);
#9273 = EDGE_LOOP('',(#9274));
#9274 = ORIENTED_EDGE('',*,*,#9275,.T.);
#9275 = EDGE_CURVE('',#9276,#9276,#9278,.T.);
#9276 = VERTEX_POINT('',#9277);
#9277 = CARTESIAN_POINT('',(181.54,-89.05,0.));
#9278 = CIRCLE('',#9279,0.85);
#9279 = AXIS2_PLACEMENT_3D('',#9280,#9281,#9282);
#9280 = CARTESIAN_POINT('',(181.54,-88.2,0.));
#9281 = DIRECTION('',(-0.,0.,-1.));
#9282 = DIRECTION('',(-0.,-1.,0.));
#9283 = FACE_BOUND('',#9284,.F.);
#9284 = EDGE_LOOP('',(#9285));
#9285 = ORIENTED_EDGE('',*,*,#9286,.T.);
#9286 = EDGE_CURVE('',#9287,#9287,#9289,.T.);
#9287 = VERTEX_POINT('',#9288);
#9288 = CARTESIAN_POINT('',(179.,-83.87,0.));
#9289 = CIRCLE('',#9290,0.75);
#9290 = AXIS2_PLACEMENT_3D('',#9291,#9292,#9293);
#9291 = CARTESIAN_POINT('',(179.,-83.12,0.));
#9292 = DIRECTION('',(-0.,0.,-1.));
#9293 = DIRECTION('',(-0.,-1.,0.));
#9294 = PLANE('',#9295);
#9295 = AXIS2_PLACEMENT_3D('',#9296,#9297,#9298);
#9296 = CARTESIAN_POINT('',(0.,0.,0.));
#9297 = DIRECTION('',(0.,0.,1.));
#9298 = DIRECTION('',(1.,0.,-0.));
#9299 = ADVANCED_FACE('',(#9300,#9311,#9322,#9333,#9344,#9355,#9366,
    #9377,#9388,#9399,#9410,#9421,#9432,#9443,#9454,#9465,#9476,#9487,
    #9498,#9509,#9520,#9531,#9542,#9553,#9564,#9575,#9586,#9597,#9608,
    #9619,#9630,#9641,#9652,#9663,#9674,#9685,#9696,#9707,#9718,#9729,
    #9740,#9751,#9762,#9773,#9784,#9795,#9806,#9817,#9828,#9839,#9850,
    #9861,#9872,#9883,#9894,#9905,#9916,#9927,#9938,#9949),#9960,.T.);
#9300 = FACE_BOUND('',#9301,.T.);
#9301 = EDGE_LOOP('',(#9302,#9303,#9304,#9310));
#9302 = ORIENTED_EDGE('',*,*,#8545,.F.);
#9303 = ORIENTED_EDGE('',*,*,#8585,.F.);
#9304 = ORIENTED_EDGE('',*,*,#9305,.F.);
#9305 = EDGE_CURVE('',#8608,#8578,#9306,.T.);
#9306 = LINE('',#9307,#9308);
#9307 = CARTESIAN_POINT('',(119.5,-54.,1.51));
#9308 = VECTOR('',#9309,1.);
#9309 = DIRECTION('',(1.,0.,0.));
#9310 = ORIENTED_EDGE('',*,*,#8607,.F.);
#9311 = FACE_BOUND('',#9312,.T.);
#9312 = EDGE_LOOP('',(#9313));
#9313 = ORIENTED_EDGE('',*,*,#9314,.T.);
#9314 = EDGE_CURVE('',#9315,#9315,#9317,.T.);
#9315 = VERTEX_POINT('',#9316);
#9316 = CARTESIAN_POINT('',(125.38,-136.43,1.51));
#9317 = CIRCLE('',#9318,0.85);
#9318 = AXIS2_PLACEMENT_3D('',#9319,#9320,#9321);
#9319 = CARTESIAN_POINT('',(125.38,-135.58,1.51));
#9320 = DIRECTION('',(-0.,0.,-1.));
#9321 = DIRECTION('',(-0.,-1.,0.));
#9322 = FACE_BOUND('',#9323,.T.);
#9323 = EDGE_LOOP('',(#9324));
#9324 = ORIENTED_EDGE('',*,*,#9325,.T.);
#9325 = EDGE_CURVE('',#9326,#9326,#9328,.T.);
#9326 = VERTEX_POINT('',#9327);
#9327 = CARTESIAN_POINT('',(126.65,-133.79,1.51));
#9328 = CIRCLE('',#9329,0.75);
#9329 = AXIS2_PLACEMENT_3D('',#9330,#9331,#9332);
#9330 = CARTESIAN_POINT('',(126.65,-133.04,1.51));
#9331 = DIRECTION('',(-0.,0.,-1.));
#9332 = DIRECTION('',(-0.,-1.,0.));
#9333 = FACE_BOUND('',#9334,.T.);
#9334 = EDGE_LOOP('',(#9335));
#9335 = ORIENTED_EDGE('',*,*,#9336,.T.);
#9336 = EDGE_CURVE('',#9337,#9337,#9339,.T.);
#9337 = VERTEX_POINT('',#9338);
#9338 = CARTESIAN_POINT('',(130.46,-137.58,1.51));
#9339 = CIRCLE('',#9340,2.);
#9340 = AXIS2_PLACEMENT_3D('',#9341,#9342,#9343);
#9341 = CARTESIAN_POINT('',(130.46,-135.58,1.51));
#9342 = DIRECTION('',(-0.,0.,-1.));
#9343 = DIRECTION('',(-0.,-1.,0.));
#9344 = FACE_BOUND('',#9345,.T.);
#9345 = EDGE_LOOP('',(#9346));
#9346 = ORIENTED_EDGE('',*,*,#9347,.T.);
#9347 = EDGE_CURVE('',#9348,#9348,#9350,.T.);
#9348 = VERTEX_POINT('',#9349);
#9349 = CARTESIAN_POINT('',(135.54,-136.43,1.51));
#9350 = CIRCLE('',#9351,0.85);
#9351 = AXIS2_PLACEMENT_3D('',#9352,#9353,#9354);
#9352 = CARTESIAN_POINT('',(135.54,-135.58,1.51));
#9353 = DIRECTION('',(-0.,0.,-1.));
#9354 = DIRECTION('',(-0.,-1.,0.));
#9355 = FACE_BOUND('',#9356,.T.);
#9356 = EDGE_LOOP('',(#9357));
#9357 = ORIENTED_EDGE('',*,*,#9358,.T.);
#9358 = EDGE_CURVE('',#9359,#9359,#9361,.T.);
#9359 = VERTEX_POINT('',#9360);
#9360 = CARTESIAN_POINT('',(133.,-131.25,1.51));
#9361 = CIRCLE('',#9362,0.75);
#9362 = AXIS2_PLACEMENT_3D('',#9363,#9364,#9365);
#9363 = CARTESIAN_POINT('',(133.,-130.5,1.51));
#9364 = DIRECTION('',(-0.,0.,-1.));
#9365 = DIRECTION('',(-0.,-1.,0.));
#9366 = FACE_BOUND('',#9367,.T.);
#9367 = EDGE_LOOP('',(#9368));
#9368 = ORIENTED_EDGE('',*,*,#9369,.T.);
#9369 = EDGE_CURVE('',#9370,#9370,#9372,.T.);
#9370 = VERTEX_POINT('',#9371);
#9371 = CARTESIAN_POINT('',(148.38,-136.43,1.51));
#9372 = CIRCLE('',#9373,0.85);
#9373 = AXIS2_PLACEMENT_3D('',#9374,#9375,#9376);
#9374 = CARTESIAN_POINT('',(148.38,-135.58,1.51));
#9375 = DIRECTION('',(-0.,0.,-1.));
#9376 = DIRECTION('',(-0.,-1.,0.));
#9377 = FACE_BOUND('',#9378,.T.);
#9378 = EDGE_LOOP('',(#9379));
#9379 = ORIENTED_EDGE('',*,*,#9380,.T.);
#9380 = EDGE_CURVE('',#9381,#9381,#9383,.T.);
#9381 = VERTEX_POINT('',#9382);
#9382 = CARTESIAN_POINT('',(149.65,-133.79,1.51));
#9383 = CIRCLE('',#9384,0.75);
#9384 = AXIS2_PLACEMENT_3D('',#9385,#9386,#9387);
#9385 = CARTESIAN_POINT('',(149.65,-133.04,1.51));
#9386 = DIRECTION('',(-0.,0.,-1.));
#9387 = DIRECTION('',(-0.,-1.,0.));
#9388 = FACE_BOUND('',#9389,.T.);
#9389 = EDGE_LOOP('',(#9390));
#9390 = ORIENTED_EDGE('',*,*,#9391,.T.);
#9391 = EDGE_CURVE('',#9392,#9392,#9394,.T.);
#9392 = VERTEX_POINT('',#9393);
#9393 = CARTESIAN_POINT('',(125.38,-111.93,1.51));
#9394 = CIRCLE('',#9395,0.85);
#9395 = AXIS2_PLACEMENT_3D('',#9396,#9397,#9398);
#9396 = CARTESIAN_POINT('',(125.38,-111.08,1.51));
#9397 = DIRECTION('',(-0.,0.,-1.));
#9398 = DIRECTION('',(-0.,-1.,0.));
#9399 = FACE_BOUND('',#9400,.T.);
#9400 = EDGE_LOOP('',(#9401));
#9401 = ORIENTED_EDGE('',*,*,#9402,.T.);
#9402 = EDGE_CURVE('',#9403,#9403,#9405,.T.);
#9403 = VERTEX_POINT('',#9404);
#9404 = CARTESIAN_POINT('',(126.65,-109.29,1.51));
#9405 = CIRCLE('',#9406,0.75);
#9406 = AXIS2_PLACEMENT_3D('',#9407,#9408,#9409);
#9407 = CARTESIAN_POINT('',(126.65,-108.54,1.51));
#9408 = DIRECTION('',(-0.,0.,-1.));
#9409 = DIRECTION('',(-0.,-1.,0.));
#9410 = FACE_BOUND('',#9411,.T.);
#9411 = EDGE_LOOP('',(#9412));
#9412 = ORIENTED_EDGE('',*,*,#9413,.T.);
#9413 = EDGE_CURVE('',#9414,#9414,#9416,.T.);
#9414 = VERTEX_POINT('',#9415);
#9415 = CARTESIAN_POINT('',(130.46,-113.08,1.51));
#9416 = CIRCLE('',#9417,2.);
#9417 = AXIS2_PLACEMENT_3D('',#9418,#9419,#9420);
#9418 = CARTESIAN_POINT('',(130.46,-111.08,1.51));
#9419 = DIRECTION('',(-0.,0.,-1.));
#9420 = DIRECTION('',(-0.,-1.,0.));
#9421 = FACE_BOUND('',#9422,.T.);
#9422 = EDGE_LOOP('',(#9423));
#9423 = ORIENTED_EDGE('',*,*,#9424,.T.);
#9424 = EDGE_CURVE('',#9425,#9425,#9427,.T.);
#9425 = VERTEX_POINT('',#9426);
#9426 = CARTESIAN_POINT('',(135.54,-111.93,1.51));
#9427 = CIRCLE('',#9428,0.85);
#9428 = AXIS2_PLACEMENT_3D('',#9429,#9430,#9431);
#9429 = CARTESIAN_POINT('',(135.54,-111.08,1.51));
#9430 = DIRECTION('',(-0.,0.,-1.));
#9431 = DIRECTION('',(-0.,-1.,0.));
#9432 = FACE_BOUND('',#9433,.T.);
#9433 = EDGE_LOOP('',(#9434));
#9434 = ORIENTED_EDGE('',*,*,#9435,.T.);
#9435 = EDGE_CURVE('',#9436,#9436,#9438,.T.);
#9436 = VERTEX_POINT('',#9437);
#9437 = CARTESIAN_POINT('',(133.,-106.75,1.51));
#9438 = CIRCLE('',#9439,0.75);
#9439 = AXIS2_PLACEMENT_3D('',#9440,#9441,#9442);
#9440 = CARTESIAN_POINT('',(133.,-106.,1.51));
#9441 = DIRECTION('',(-0.,0.,-1.));
#9442 = DIRECTION('',(-0.,-1.,0.));
#9443 = FACE_BOUND('',#9444,.T.);
#9444 = EDGE_LOOP('',(#9445));
#9445 = ORIENTED_EDGE('',*,*,#9446,.T.);
#9446 = EDGE_CURVE('',#9447,#9447,#9449,.T.);
#9447 = VERTEX_POINT('',#9448);
#9448 = CARTESIAN_POINT('',(148.38,-111.93,1.51));
#9449 = CIRCLE('',#9450,0.85);
#9450 = AXIS2_PLACEMENT_3D('',#9451,#9452,#9453);
#9451 = CARTESIAN_POINT('',(148.38,-111.08,1.51));
#9452 = DIRECTION('',(-0.,0.,-1.));
#9453 = DIRECTION('',(-0.,-1.,0.));
#9454 = FACE_BOUND('',#9455,.T.);
#9455 = EDGE_LOOP('',(#9456));
#9456 = ORIENTED_EDGE('',*,*,#9457,.T.);
#9457 = EDGE_CURVE('',#9458,#9458,#9460,.T.);
#9458 = VERTEX_POINT('',#9459);
#9459 = CARTESIAN_POINT('',(149.65,-109.29,1.51));
#9460 = CIRCLE('',#9461,0.75);
#9461 = AXIS2_PLACEMENT_3D('',#9462,#9463,#9464);
#9462 = CARTESIAN_POINT('',(149.65,-108.54,1.51));
#9463 = DIRECTION('',(-0.,0.,-1.));
#9464 = DIRECTION('',(-0.,-1.,0.));
#9465 = FACE_BOUND('',#9466,.T.);
#9466 = EDGE_LOOP('',(#9467));
#9467 = ORIENTED_EDGE('',*,*,#9468,.T.);
#9468 = EDGE_CURVE('',#9469,#9469,#9471,.T.);
#9469 = VERTEX_POINT('',#9470);
#9470 = CARTESIAN_POINT('',(153.46,-137.58,1.51));
#9471 = CIRCLE('',#9472,2.);
#9472 = AXIS2_PLACEMENT_3D('',#9473,#9474,#9475);
#9473 = CARTESIAN_POINT('',(153.46,-135.58,1.51));
#9474 = DIRECTION('',(-0.,0.,-1.));
#9475 = DIRECTION('',(-0.,-1.,0.));
#9476 = FACE_BOUND('',#9477,.T.);
#9477 = EDGE_LOOP('',(#9478));
#9478 = ORIENTED_EDGE('',*,*,#9479,.T.);
#9479 = EDGE_CURVE('',#9480,#9480,#9482,.T.);
#9480 = VERTEX_POINT('',#9481);
#9481 = CARTESIAN_POINT('',(158.54,-136.43,1.51));
#9482 = CIRCLE('',#9483,0.85);
#9483 = AXIS2_PLACEMENT_3D('',#9484,#9485,#9486);
#9484 = CARTESIAN_POINT('',(158.54,-135.58,1.51));
#9485 = DIRECTION('',(-0.,0.,-1.));
#9486 = DIRECTION('',(-0.,-1.,0.));
#9487 = FACE_BOUND('',#9488,.T.);
#9488 = EDGE_LOOP('',(#9489));
#9489 = ORIENTED_EDGE('',*,*,#9490,.T.);
#9490 = EDGE_CURVE('',#9491,#9491,#9493,.T.);
#9491 = VERTEX_POINT('',#9492);
#9492 = CARTESIAN_POINT('',(156.,-131.25,1.51));
#9493 = CIRCLE('',#9494,0.75);
#9494 = AXIS2_PLACEMENT_3D('',#9495,#9496,#9497);
#9495 = CARTESIAN_POINT('',(156.,-130.5,1.51));
#9496 = DIRECTION('',(-0.,0.,-1.));
#9497 = DIRECTION('',(-0.,-1.,0.));
#9498 = FACE_BOUND('',#9499,.T.);
#9499 = EDGE_LOOP('',(#9500));
#9500 = ORIENTED_EDGE('',*,*,#9501,.T.);
#9501 = EDGE_CURVE('',#9502,#9502,#9504,.T.);
#9502 = VERTEX_POINT('',#9503);
#9503 = CARTESIAN_POINT('',(171.38,-136.43,1.51));
#9504 = CIRCLE('',#9505,0.85);
#9505 = AXIS2_PLACEMENT_3D('',#9506,#9507,#9508);
#9506 = CARTESIAN_POINT('',(171.38,-135.58,1.51));
#9507 = DIRECTION('',(-0.,0.,-1.));
#9508 = DIRECTION('',(-0.,-1.,0.));
#9509 = FACE_BOUND('',#9510,.T.);
#9510 = EDGE_LOOP('',(#9511));
#9511 = ORIENTED_EDGE('',*,*,#9512,.T.);
#9512 = EDGE_CURVE('',#9513,#9513,#9515,.T.);
#9513 = VERTEX_POINT('',#9514);
#9514 = CARTESIAN_POINT('',(172.65,-133.79,1.51));
#9515 = CIRCLE('',#9516,0.75);
#9516 = AXIS2_PLACEMENT_3D('',#9517,#9518,#9519);
#9517 = CARTESIAN_POINT('',(172.65,-133.04,1.51));
#9518 = DIRECTION('',(-0.,0.,-1.));
#9519 = DIRECTION('',(-0.,-1.,0.));
#9520 = FACE_BOUND('',#9521,.T.);
#9521 = EDGE_LOOP('',(#9522));
#9522 = ORIENTED_EDGE('',*,*,#9523,.T.);
#9523 = EDGE_CURVE('',#9524,#9524,#9526,.T.);
#9524 = VERTEX_POINT('',#9525);
#9525 = CARTESIAN_POINT('',(176.46,-137.58,1.51));
#9526 = CIRCLE('',#9527,2.);
#9527 = AXIS2_PLACEMENT_3D('',#9528,#9529,#9530);
#9528 = CARTESIAN_POINT('',(176.46,-135.58,1.51));
#9529 = DIRECTION('',(-0.,0.,-1.));
#9530 = DIRECTION('',(-0.,-1.,0.));
#9531 = FACE_BOUND('',#9532,.T.);
#9532 = EDGE_LOOP('',(#9533));
#9533 = ORIENTED_EDGE('',*,*,#9534,.T.);
#9534 = EDGE_CURVE('',#9535,#9535,#9537,.T.);
#9535 = VERTEX_POINT('',#9536);
#9536 = CARTESIAN_POINT('',(181.54,-136.43,1.51));
#9537 = CIRCLE('',#9538,0.85);
#9538 = AXIS2_PLACEMENT_3D('',#9539,#9540,#9541);
#9539 = CARTESIAN_POINT('',(181.54,-135.58,1.51));
#9540 = DIRECTION('',(-0.,0.,-1.));
#9541 = DIRECTION('',(-0.,-1.,0.));
#9542 = FACE_BOUND('',#9543,.T.);
#9543 = EDGE_LOOP('',(#9544));
#9544 = ORIENTED_EDGE('',*,*,#9545,.T.);
#9545 = EDGE_CURVE('',#9546,#9546,#9548,.T.);
#9546 = VERTEX_POINT('',#9547);
#9547 = CARTESIAN_POINT('',(179.,-131.25,1.51));
#9548 = CIRCLE('',#9549,0.75);
#9549 = AXIS2_PLACEMENT_3D('',#9550,#9551,#9552);
#9550 = CARTESIAN_POINT('',(179.,-130.5,1.51));
#9551 = DIRECTION('',(-0.,0.,-1.));
#9552 = DIRECTION('',(-0.,-1.,0.));
#9553 = FACE_BOUND('',#9554,.T.);
#9554 = EDGE_LOOP('',(#9555));
#9555 = ORIENTED_EDGE('',*,*,#9556,.T.);
#9556 = EDGE_CURVE('',#9557,#9557,#9559,.T.);
#9557 = VERTEX_POINT('',#9558);
#9558 = CARTESIAN_POINT('',(153.46,-113.08,1.51));
#9559 = CIRCLE('',#9560,2.);
#9560 = AXIS2_PLACEMENT_3D('',#9561,#9562,#9563);
#9561 = CARTESIAN_POINT('',(153.46,-111.08,1.51));
#9562 = DIRECTION('',(-0.,0.,-1.));
#9563 = DIRECTION('',(-0.,-1.,0.));
#9564 = FACE_BOUND('',#9565,.T.);
#9565 = EDGE_LOOP('',(#9566));
#9566 = ORIENTED_EDGE('',*,*,#9567,.T.);
#9567 = EDGE_CURVE('',#9568,#9568,#9570,.T.);
#9568 = VERTEX_POINT('',#9569);
#9569 = CARTESIAN_POINT('',(158.54,-111.93,1.51));
#9570 = CIRCLE('',#9571,0.85);
#9571 = AXIS2_PLACEMENT_3D('',#9572,#9573,#9574);
#9572 = CARTESIAN_POINT('',(158.54,-111.08,1.51));
#9573 = DIRECTION('',(-0.,0.,-1.));
#9574 = DIRECTION('',(-0.,-1.,0.));
#9575 = FACE_BOUND('',#9576,.T.);
#9576 = EDGE_LOOP('',(#9577));
#9577 = ORIENTED_EDGE('',*,*,#9578,.T.);
#9578 = EDGE_CURVE('',#9579,#9579,#9581,.T.);
#9579 = VERTEX_POINT('',#9580);
#9580 = CARTESIAN_POINT('',(156.,-106.75,1.51));
#9581 = CIRCLE('',#9582,0.75);
#9582 = AXIS2_PLACEMENT_3D('',#9583,#9584,#9585);
#9583 = CARTESIAN_POINT('',(156.,-106.,1.51));
#9584 = DIRECTION('',(-0.,0.,-1.));
#9585 = DIRECTION('',(-0.,-1.,0.));
#9586 = FACE_BOUND('',#9587,.T.);
#9587 = EDGE_LOOP('',(#9588));
#9588 = ORIENTED_EDGE('',*,*,#9589,.T.);
#9589 = EDGE_CURVE('',#9590,#9590,#9592,.T.);
#9590 = VERTEX_POINT('',#9591);
#9591 = CARTESIAN_POINT('',(170.88,-111.93,1.51));
#9592 = CIRCLE('',#9593,0.85);
#9593 = AXIS2_PLACEMENT_3D('',#9594,#9595,#9596);
#9594 = CARTESIAN_POINT('',(170.88,-111.08,1.51));
#9595 = DIRECTION('',(-0.,0.,-1.));
#9596 = DIRECTION('',(-0.,-1.,0.));
#9597 = FACE_BOUND('',#9598,.T.);
#9598 = EDGE_LOOP('',(#9599));
#9599 = ORIENTED_EDGE('',*,*,#9600,.T.);
#9600 = EDGE_CURVE('',#9601,#9601,#9603,.T.);
#9601 = VERTEX_POINT('',#9602);
#9602 = CARTESIAN_POINT('',(172.15,-109.29,1.51));
#9603 = CIRCLE('',#9604,0.75);
#9604 = AXIS2_PLACEMENT_3D('',#9605,#9606,#9607);
#9605 = CARTESIAN_POINT('',(172.15,-108.54,1.51));
#9606 = DIRECTION('',(-0.,0.,-1.));
#9607 = DIRECTION('',(-0.,-1.,0.));
#9608 = FACE_BOUND('',#9609,.T.);
#9609 = EDGE_LOOP('',(#9610));
#9610 = ORIENTED_EDGE('',*,*,#9611,.T.);
#9611 = EDGE_CURVE('',#9612,#9612,#9614,.T.);
#9612 = VERTEX_POINT('',#9613);
#9613 = CARTESIAN_POINT('',(175.96,-113.08,1.51));
#9614 = CIRCLE('',#9615,2.);
#9615 = AXIS2_PLACEMENT_3D('',#9616,#9617,#9618);
#9616 = CARTESIAN_POINT('',(175.96,-111.08,1.51));
#9617 = DIRECTION('',(-0.,0.,-1.));
#9618 = DIRECTION('',(-0.,-1.,0.));
#9619 = FACE_BOUND('',#9620,.T.);
#9620 = EDGE_LOOP('',(#9621));
#9621 = ORIENTED_EDGE('',*,*,#9622,.T.);
#9622 = EDGE_CURVE('',#9623,#9623,#9625,.T.);
#9623 = VERTEX_POINT('',#9624);
#9624 = CARTESIAN_POINT('',(181.04,-111.93,1.51));
#9625 = CIRCLE('',#9626,0.85);
#9626 = AXIS2_PLACEMENT_3D('',#9627,#9628,#9629);
#9627 = CARTESIAN_POINT('',(181.04,-111.08,1.51));
#9628 = DIRECTION('',(-0.,0.,-1.));
#9629 = DIRECTION('',(-0.,-1.,0.));
#9630 = FACE_BOUND('',#9631,.T.);
#9631 = EDGE_LOOP('',(#9632));
#9632 = ORIENTED_EDGE('',*,*,#9633,.T.);
#9633 = EDGE_CURVE('',#9634,#9634,#9636,.T.);
#9634 = VERTEX_POINT('',#9635);
#9635 = CARTESIAN_POINT('',(178.5,-106.75,1.51));
#9636 = CIRCLE('',#9637,0.75);
#9637 = AXIS2_PLACEMENT_3D('',#9638,#9639,#9640);
#9638 = CARTESIAN_POINT('',(178.5,-106.,1.51));
#9639 = DIRECTION('',(-0.,0.,-1.));
#9640 = DIRECTION('',(-0.,-1.,0.));
#9641 = FACE_BOUND('',#9642,.T.);
#9642 = EDGE_LOOP('',(#9643));
#9643 = ORIENTED_EDGE('',*,*,#9644,.T.);
#9644 = EDGE_CURVE('',#9645,#9645,#9647,.T.);
#9645 = VERTEX_POINT('',#9646);
#9646 = CARTESIAN_POINT('',(125.38,-88.93,1.51));
#9647 = CIRCLE('',#9648,0.85);
#9648 = AXIS2_PLACEMENT_3D('',#9649,#9650,#9651);
#9649 = CARTESIAN_POINT('',(125.38,-88.08,1.51));
#9650 = DIRECTION('',(-0.,0.,-1.));
#9651 = DIRECTION('',(-0.,-1.,0.));
#9652 = FACE_BOUND('',#9653,.T.);
#9653 = EDGE_LOOP('',(#9654));
#9654 = ORIENTED_EDGE('',*,*,#9655,.T.);
#9655 = EDGE_CURVE('',#9656,#9656,#9658,.T.);
#9656 = VERTEX_POINT('',#9657);
#9657 = CARTESIAN_POINT('',(126.65,-86.29,1.51));
#9658 = CIRCLE('',#9659,0.75);
#9659 = AXIS2_PLACEMENT_3D('',#9660,#9661,#9662);
#9660 = CARTESIAN_POINT('',(126.65,-85.54,1.51));
#9661 = DIRECTION('',(-0.,0.,-1.));
#9662 = DIRECTION('',(-0.,-1.,0.));
#9663 = FACE_BOUND('',#9664,.T.);
#9664 = EDGE_LOOP('',(#9665));
#9665 = ORIENTED_EDGE('',*,*,#9666,.T.);
#9666 = EDGE_CURVE('',#9667,#9667,#9669,.T.);
#9667 = VERTEX_POINT('',#9668);
#9668 = CARTESIAN_POINT('',(130.46,-90.08,1.51));
#9669 = CIRCLE('',#9670,2.);
#9670 = AXIS2_PLACEMENT_3D('',#9671,#9672,#9673);
#9671 = CARTESIAN_POINT('',(130.46,-88.08,1.51));
#9672 = DIRECTION('',(-0.,0.,-1.));
#9673 = DIRECTION('',(-0.,-1.,0.));
#9674 = FACE_BOUND('',#9675,.T.);
#9675 = EDGE_LOOP('',(#9676));
#9676 = ORIENTED_EDGE('',*,*,#9677,.T.);
#9677 = EDGE_CURVE('',#9678,#9678,#9680,.T.);
#9678 = VERTEX_POINT('',#9679);
#9679 = CARTESIAN_POINT('',(135.54,-88.93,1.51));
#9680 = CIRCLE('',#9681,0.85);
#9681 = AXIS2_PLACEMENT_3D('',#9682,#9683,#9684);
#9682 = CARTESIAN_POINT('',(135.54,-88.08,1.51));
#9683 = DIRECTION('',(-0.,0.,-1.));
#9684 = DIRECTION('',(-0.,-1.,0.));
#9685 = FACE_BOUND('',#9686,.T.);
#9686 = EDGE_LOOP('',(#9687));
#9687 = ORIENTED_EDGE('',*,*,#9688,.T.);
#9688 = EDGE_CURVE('',#9689,#9689,#9691,.T.);
#9689 = VERTEX_POINT('',#9690);
#9690 = CARTESIAN_POINT('',(133.,-83.75,1.51));
#9691 = CIRCLE('',#9692,0.75);
#9692 = AXIS2_PLACEMENT_3D('',#9693,#9694,#9695);
#9693 = CARTESIAN_POINT('',(133.,-83.,1.51));
#9694 = DIRECTION('',(-0.,0.,-1.));
#9695 = DIRECTION('',(-0.,-1.,0.));
#9696 = FACE_BOUND('',#9697,.T.);
#9697 = EDGE_LOOP('',(#9698));
#9698 = ORIENTED_EDGE('',*,*,#9699,.T.);
#9699 = EDGE_CURVE('',#9700,#9700,#9702,.T.);
#9700 = VERTEX_POINT('',#9701);
#9701 = CARTESIAN_POINT('',(148.6275,-89.05,1.51));
#9702 = CIRCLE('',#9703,0.85);
#9703 = AXIS2_PLACEMENT_3D('',#9704,#9705,#9706);
#9704 = CARTESIAN_POINT('',(148.6275,-88.2,1.51));
#9705 = DIRECTION('',(-0.,0.,-1.));
#9706 = DIRECTION('',(-0.,-1.,0.));
#9707 = FACE_BOUND('',#9708,.T.);
#9708 = EDGE_LOOP('',(#9709));
#9709 = ORIENTED_EDGE('',*,*,#9710,.T.);
#9710 = EDGE_CURVE('',#9711,#9711,#9713,.T.);
#9711 = VERTEX_POINT('',#9712);
#9712 = CARTESIAN_POINT('',(149.8975,-86.41,1.51));
#9713 = CIRCLE('',#9714,0.75);
#9714 = AXIS2_PLACEMENT_3D('',#9715,#9716,#9717);
#9715 = CARTESIAN_POINT('',(149.8975,-85.66,1.51));
#9716 = DIRECTION('',(-0.,0.,-1.));
#9717 = DIRECTION('',(-0.,-1.,0.));
#9718 = FACE_BOUND('',#9719,.T.);
#9719 = EDGE_LOOP('',(#9720));
#9720 = ORIENTED_EDGE('',*,*,#9721,.T.);
#9721 = EDGE_CURVE('',#9722,#9722,#9724,.T.);
#9722 = VERTEX_POINT('',#9723);
#9723 = CARTESIAN_POINT('',(126.38,-75.5645,1.51));
#9724 = CIRCLE('',#9725,0.4445);
#9725 = AXIS2_PLACEMENT_3D('',#9726,#9727,#9728);
#9726 = CARTESIAN_POINT('',(126.38,-75.12,1.51));
#9727 = DIRECTION('',(-0.,0.,-1.));
#9728 = DIRECTION('',(-0.,-1.,0.));
#9729 = FACE_BOUND('',#9730,.T.);
#9730 = EDGE_LOOP('',(#9731));
#9731 = ORIENTED_EDGE('',*,*,#9732,.T.);
#9732 = EDGE_CURVE('',#9733,#9733,#9735,.T.);
#9733 = VERTEX_POINT('',#9734);
#9734 = CARTESIAN_POINT('',(128.92,-75.5645,1.51));
#9735 = CIRCLE('',#9736,0.4445);
#9736 = AXIS2_PLACEMENT_3D('',#9737,#9738,#9739);
#9737 = CARTESIAN_POINT('',(128.92,-75.12,1.51));
#9738 = DIRECTION('',(-0.,0.,-1.));
#9739 = DIRECTION('',(-6.394085361171E-14,-1.,0.));
#9740 = FACE_BOUND('',#9741,.T.);
#9741 = EDGE_LOOP('',(#9742));
#9742 = ORIENTED_EDGE('',*,*,#9743,.T.);
#9743 = EDGE_CURVE('',#9744,#9744,#9746,.T.);
#9744 = VERTEX_POINT('',#9745);
#9745 = CARTESIAN_POINT('',(131.46,-75.5645,1.51));
#9746 = CIRCLE('',#9747,0.4445);
#9747 = AXIS2_PLACEMENT_3D('',#9748,#9749,#9750);
#9748 = CARTESIAN_POINT('',(131.46,-75.12,1.51));
#9749 = DIRECTION('',(-0.,0.,-1.));
#9750 = DIRECTION('',(-0.,-1.,0.));
#9751 = FACE_BOUND('',#9752,.T.);
#9752 = EDGE_LOOP('',(#9753));
#9753 = ORIENTED_EDGE('',*,*,#9754,.T.);
#9754 = EDGE_CURVE('',#9755,#9755,#9757,.T.);
#9755 = VERTEX_POINT('',#9756);
#9756 = CARTESIAN_POINT('',(134.,-75.5645,1.51));
#9757 = CIRCLE('',#9758,0.4445);
#9758 = AXIS2_PLACEMENT_3D('',#9759,#9760,#9761);
#9759 = CARTESIAN_POINT('',(134.,-75.12,1.51));
#9760 = DIRECTION('',(-0.,0.,-1.));
#9761 = DIRECTION('',(-0.,-1.,0.));
#9762 = FACE_BOUND('',#9763,.T.);
#9763 = EDGE_LOOP('',(#9764));
#9764 = ORIENTED_EDGE('',*,*,#9765,.T.);
#9765 = EDGE_CURVE('',#9766,#9766,#9768,.T.);
#9766 = VERTEX_POINT('',#9767);
#9767 = CARTESIAN_POINT('',(136.54,-75.5645,1.51));
#9768 = CIRCLE('',#9769,0.4445);
#9769 = AXIS2_PLACEMENT_3D('',#9770,#9771,#9772);
#9770 = CARTESIAN_POINT('',(136.54,-75.12,1.51));
#9771 = DIRECTION('',(-0.,0.,-1.));
#9772 = DIRECTION('',(-0.,-1.,0.));
#9773 = FACE_BOUND('',#9774,.T.);
#9774 = EDGE_LOOP('',(#9775));
#9775 = ORIENTED_EDGE('',*,*,#9776,.T.);
#9776 = EDGE_CURVE('',#9777,#9777,#9779,.T.);
#9777 = VERTEX_POINT('',#9778);
#9778 = CARTESIAN_POINT('',(126.38,-60.3245,1.51));
#9779 = CIRCLE('',#9780,0.4445);
#9780 = AXIS2_PLACEMENT_3D('',#9781,#9782,#9783);
#9781 = CARTESIAN_POINT('',(126.38,-59.88,1.51));
#9782 = DIRECTION('',(-0.,0.,-1.));
#9783 = DIRECTION('',(-0.,-1.,0.));
#9784 = FACE_BOUND('',#9785,.T.);
#9785 = EDGE_LOOP('',(#9786));
#9786 = ORIENTED_EDGE('',*,*,#9787,.T.);
#9787 = EDGE_CURVE('',#9788,#9788,#9790,.T.);
#9788 = VERTEX_POINT('',#9789);
#9789 = CARTESIAN_POINT('',(128.92,-60.3245,1.51));
#9790 = CIRCLE('',#9791,0.4445);
#9791 = AXIS2_PLACEMENT_3D('',#9792,#9793,#9794);
#9792 = CARTESIAN_POINT('',(128.92,-59.88,1.51));
#9793 = DIRECTION('',(-0.,0.,-1.));
#9794 = DIRECTION('',(-6.394085361171E-14,-1.,0.));
#9795 = FACE_BOUND('',#9796,.T.);
#9796 = EDGE_LOOP('',(#9797));
#9797 = ORIENTED_EDGE('',*,*,#9798,.T.);
#9798 = EDGE_CURVE('',#9799,#9799,#9801,.T.);
#9799 = VERTEX_POINT('',#9800);
#9800 = CARTESIAN_POINT('',(131.46,-60.3245,1.51));
#9801 = CIRCLE('',#9802,0.4445);
#9802 = AXIS2_PLACEMENT_3D('',#9803,#9804,#9805);
#9803 = CARTESIAN_POINT('',(131.46,-59.88,1.51));
#9804 = DIRECTION('',(-0.,0.,-1.));
#9805 = DIRECTION('',(-0.,-1.,0.));
#9806 = FACE_BOUND('',#9807,.T.);
#9807 = EDGE_LOOP('',(#9808));
#9808 = ORIENTED_EDGE('',*,*,#9809,.T.);
#9809 = EDGE_CURVE('',#9810,#9810,#9812,.T.);
#9810 = VERTEX_POINT('',#9811);
#9811 = CARTESIAN_POINT('',(134.,-60.3245,1.51));
#9812 = CIRCLE('',#9813,0.4445);
#9813 = AXIS2_PLACEMENT_3D('',#9814,#9815,#9816);
#9814 = CARTESIAN_POINT('',(134.,-59.88,1.51));
#9815 = DIRECTION('',(-0.,0.,-1.));
#9816 = DIRECTION('',(-0.,-1.,0.));
#9817 = FACE_BOUND('',#9818,.T.);
#9818 = EDGE_LOOP('',(#9819));
#9819 = ORIENTED_EDGE('',*,*,#9820,.T.);
#9820 = EDGE_CURVE('',#9821,#9821,#9823,.T.);
#9821 = VERTEX_POINT('',#9822);
#9822 = CARTESIAN_POINT('',(136.54,-60.3245,1.51));
#9823 = CIRCLE('',#9824,0.4445);
#9824 = AXIS2_PLACEMENT_3D('',#9825,#9826,#9827);
#9825 = CARTESIAN_POINT('',(136.54,-59.88,1.51));
#9826 = DIRECTION('',(-0.,0.,-1.));
#9827 = DIRECTION('',(-0.,-1.,0.));
#9828 = FACE_BOUND('',#9829,.T.);
#9829 = EDGE_LOOP('',(#9830));
#9830 = ORIENTED_EDGE('',*,*,#9831,.T.);
#9831 = EDGE_CURVE('',#9832,#9832,#9834,.T.);
#9832 = VERTEX_POINT('',#9833);
#9833 = CARTESIAN_POINT('',(139.08,-75.5645,1.51));
#9834 = CIRCLE('',#9835,0.4445);
#9835 = AXIS2_PLACEMENT_3D('',#9836,#9837,#9838);
#9836 = CARTESIAN_POINT('',(139.08,-75.12,1.51));
#9837 = DIRECTION('',(-0.,0.,-1.));
#9838 = DIRECTION('',(6.39408536117E-14,-1.,-0.));
#9839 = FACE_BOUND('',#9840,.T.);
#9840 = EDGE_LOOP('',(#9841));
#9841 = ORIENTED_EDGE('',*,*,#9842,.T.);
#9842 = EDGE_CURVE('',#9843,#9843,#9845,.T.);
#9843 = VERTEX_POINT('',#9844);
#9844 = CARTESIAN_POINT('',(141.62,-75.5645,1.51));
#9845 = CIRCLE('',#9846,0.4445);
#9846 = AXIS2_PLACEMENT_3D('',#9847,#9848,#9849);
#9847 = CARTESIAN_POINT('',(141.62,-75.12,1.51));
#9848 = DIRECTION('',(-0.,0.,-1.));
#9849 = DIRECTION('',(-0.,-1.,0.));
#9850 = FACE_BOUND('',#9851,.T.);
#9851 = EDGE_LOOP('',(#9852));
#9852 = ORIENTED_EDGE('',*,*,#9853,.T.);
#9853 = EDGE_CURVE('',#9854,#9854,#9856,.T.);
#9854 = VERTEX_POINT('',#9855);
#9855 = CARTESIAN_POINT('',(139.08,-60.3245,1.51));
#9856 = CIRCLE('',#9857,0.4445);
#9857 = AXIS2_PLACEMENT_3D('',#9858,#9859,#9860);
#9858 = CARTESIAN_POINT('',(139.08,-59.88,1.51));
#9859 = DIRECTION('',(-0.,0.,-1.));
#9860 = DIRECTION('',(6.39408536117E-14,-1.,-0.));
#9861 = FACE_BOUND('',#9862,.T.);
#9862 = EDGE_LOOP('',(#9863));
#9863 = ORIENTED_EDGE('',*,*,#9864,.T.);
#9864 = EDGE_CURVE('',#9865,#9865,#9867,.T.);
#9865 = VERTEX_POINT('',#9866);
#9866 = CARTESIAN_POINT('',(141.62,-60.3245,1.51));
#9867 = CIRCLE('',#9868,0.4445);
#9868 = AXIS2_PLACEMENT_3D('',#9869,#9870,#9871);
#9869 = CARTESIAN_POINT('',(141.62,-59.88,1.51));
#9870 = DIRECTION('',(-0.,0.,-1.));
#9871 = DIRECTION('',(-0.,-1.,0.));
#9872 = FACE_BOUND('',#9873,.T.);
#9873 = EDGE_LOOP('',(#9874));
#9874 = ORIENTED_EDGE('',*,*,#9875,.T.);
#9875 = EDGE_CURVE('',#9876,#9876,#9878,.T.);
#9876 = VERTEX_POINT('',#9877);
#9877 = CARTESIAN_POINT('',(153.7075,-90.2,1.51));
#9878 = CIRCLE('',#9879,2.);
#9879 = AXIS2_PLACEMENT_3D('',#9880,#9881,#9882);
#9880 = CARTESIAN_POINT('',(153.7075,-88.2,1.51));
#9881 = DIRECTION('',(-0.,0.,-1.));
#9882 = DIRECTION('',(-0.,-1.,0.));
#9883 = FACE_BOUND('',#9884,.T.);
#9884 = EDGE_LOOP('',(#9885));
#9885 = ORIENTED_EDGE('',*,*,#9886,.T.);
#9886 = EDGE_CURVE('',#9887,#9887,#9889,.T.);
#9887 = VERTEX_POINT('',#9888);
#9888 = CARTESIAN_POINT('',(158.7875,-89.05,1.51));
#9889 = CIRCLE('',#9890,0.85);
#9890 = AXIS2_PLACEMENT_3D('',#9891,#9892,#9893);
#9891 = CARTESIAN_POINT('',(158.7875,-88.2,1.51));
#9892 = DIRECTION('',(-0.,0.,-1.));
#9893 = DIRECTION('',(-0.,-1.,0.));
#9894 = FACE_BOUND('',#9895,.T.);
#9895 = EDGE_LOOP('',(#9896));
#9896 = ORIENTED_EDGE('',*,*,#9897,.T.);
#9897 = EDGE_CURVE('',#9898,#9898,#9900,.T.);
#9898 = VERTEX_POINT('',#9899);
#9899 = CARTESIAN_POINT('',(156.2475,-83.87,1.51));
#9900 = CIRCLE('',#9901,0.75);
#9901 = AXIS2_PLACEMENT_3D('',#9902,#9903,#9904);
#9902 = CARTESIAN_POINT('',(156.2475,-83.12,1.51));
#9903 = DIRECTION('',(-0.,0.,-1.));
#9904 = DIRECTION('',(-0.,-1.,0.));
#9905 = FACE_BOUND('',#9906,.T.);
#9906 = EDGE_LOOP('',(#9907));
#9907 = ORIENTED_EDGE('',*,*,#9908,.T.);
#9908 = EDGE_CURVE('',#9909,#9909,#9911,.T.);
#9909 = VERTEX_POINT('',#9910);
#9910 = CARTESIAN_POINT('',(171.38,-89.05,1.51));
#9911 = CIRCLE('',#9912,0.85);
#9912 = AXIS2_PLACEMENT_3D('',#9913,#9914,#9915);
#9913 = CARTESIAN_POINT('',(171.38,-88.2,1.51));
#9914 = DIRECTION('',(-0.,0.,-1.));
#9915 = DIRECTION('',(-0.,-1.,0.));
#9916 = FACE_BOUND('',#9917,.T.);
#9917 = EDGE_LOOP('',(#9918));
#9918 = ORIENTED_EDGE('',*,*,#9919,.T.);
#9919 = EDGE_CURVE('',#9920,#9920,#9922,.T.);
#9920 = VERTEX_POINT('',#9921);
#9921 = CARTESIAN_POINT('',(172.65,-86.41,1.51));
#9922 = CIRCLE('',#9923,0.75);
#9923 = AXIS2_PLACEMENT_3D('',#9924,#9925,#9926);
#9924 = CARTESIAN_POINT('',(172.65,-85.66,1.51));
#9925 = DIRECTION('',(-0.,0.,-1.));
#9926 = DIRECTION('',(-0.,-1.,0.));
#9927 = FACE_BOUND('',#9928,.T.);
#9928 = EDGE_LOOP('',(#9929));
#9929 = ORIENTED_EDGE('',*,*,#9930,.T.);
#9930 = EDGE_CURVE('',#9931,#9931,#9933,.T.);
#9931 = VERTEX_POINT('',#9932);
#9932 = CARTESIAN_POINT('',(176.46,-90.2,1.51));
#9933 = CIRCLE('',#9934,2.);
#9934 = AXIS2_PLACEMENT_3D('',#9935,#9936,#9937);
#9935 = CARTESIAN_POINT('',(176.46,-88.2,1.51));
#9936 = DIRECTION('',(-0.,0.,-1.));
#9937 = DIRECTION('',(-0.,-1.,0.));
#9938 = FACE_BOUND('',#9939,.T.);
#9939 = EDGE_LOOP('',(#9940));
#9940 = ORIENTED_EDGE('',*,*,#9941,.T.);
#9941 = EDGE_CURVE('',#9942,#9942,#9944,.T.);
#9942 = VERTEX_POINT('',#9943);
#9943 = CARTESIAN_POINT('',(181.54,-89.05,1.51));
#9944 = CIRCLE('',#9945,0.85);
#9945 = AXIS2_PLACEMENT_3D('',#9946,#9947,#9948);
#9946 = CARTESIAN_POINT('',(181.54,-88.2,1.51));
#9947 = DIRECTION('',(-0.,0.,-1.));
#9948 = DIRECTION('',(-0.,-1.,0.));
#9949 = FACE_BOUND('',#9950,.T.);
#9950 = EDGE_LOOP('',(#9951));
#9951 = ORIENTED_EDGE('',*,*,#9952,.T.);
#9952 = EDGE_CURVE('',#9953,#9953,#9955,.T.);
#9953 = VERTEX_POINT('',#9954);
#9954 = CARTESIAN_POINT('',(179.,-83.87,1.51));
#9955 = CIRCLE('',#9956,0.75);
#9956 = AXIS2_PLACEMENT_3D('',#9957,#9958,#9959);
#9957 = CARTESIAN_POINT('',(179.,-83.12,1.51));
#9958 = DIRECTION('',(-0.,0.,-1.));
#9959 = DIRECTION('',(-0.,-1.,0.));
#9960 = PLANE('',#9961);
#9961 = AXIS2_PLACEMENT_3D('',#9962,#9963,#9964);
#9962 = CARTESIAN_POINT('',(0.,0.,1.51));
#9963 = DIRECTION('',(0.,0.,1.));
#9964 = DIRECTION('',(1.,0.,-0.));
#9965 = ADVANCED_FACE('',(#9966),#9972,.T.);
#9966 = FACE_BOUND('',#9967,.T.);
#9967 = EDGE_LOOP('',(#9968,#9969,#9970,#9971));
#9968 = ORIENTED_EDGE('',*,*,#8615,.T.);
#9969 = ORIENTED_EDGE('',*,*,#9305,.T.);
#9970 = ORIENTED_EDGE('',*,*,#8575,.F.);
#9971 = ORIENTED_EDGE('',*,*,#8639,.F.);
#9972 = PLANE('',#9973);
#9973 = AXIS2_PLACEMENT_3D('',#9974,#9975,#9976);
#9974 = CARTESIAN_POINT('',(119.5,-54.,0.));
#9975 = DIRECTION('',(0.,1.,0.));
#9976 = DIRECTION('',(1.,0.,0.));
#9977 = ADVANCED_FACE('',(#9978),#9989,.F.);
#9978 = FACE_BOUND('',#9979,.T.);
#9979 = EDGE_LOOP('',(#9980,#9981,#9987,#9988));
#9980 = ORIENTED_EDGE('',*,*,#8648,.T.);
#9981 = ORIENTED_EDGE('',*,*,#9982,.T.);
#9982 = EDGE_CURVE('',#8649,#9315,#9983,.T.);
#9983 = LINE('',#9984,#9985);
#9984 = CARTESIAN_POINT('',(125.38,-136.43,-4.6E-02));
#9985 = VECTOR('',#9986,1.);
#9986 = DIRECTION('',(0.,0.,1.));
#9987 = ORIENTED_EDGE('',*,*,#9314,.F.);
#9988 = ORIENTED_EDGE('',*,*,#9982,.F.);
#9989 = CYLINDRICAL_SURFACE('',#9990,0.85);
#9990 = AXIS2_PLACEMENT_3D('',#9991,#9992,#9993);
#9991 = CARTESIAN_POINT('',(125.38,-135.58,-4.6E-02));
#9992 = DIRECTION('',(-0.,-0.,-1.));
#9993 = DIRECTION('',(-0.,-1.,0.));
#9994 = ADVANCED_FACE('',(#9995),#10006,.F.);
#9995 = FACE_BOUND('',#9996,.T.);
#9996 = EDGE_LOOP('',(#9997,#9998,#10004,#10005));
#9997 = ORIENTED_EDGE('',*,*,#8659,.T.);
#9998 = ORIENTED_EDGE('',*,*,#9999,.T.);
#9999 = EDGE_CURVE('',#8660,#9326,#10000,.T.);
#10000 = LINE('',#10001,#10002);
#10001 = CARTESIAN_POINT('',(126.65,-133.79,-4.6E-02));
#10002 = VECTOR('',#10003,1.);
#10003 = DIRECTION('',(0.,0.,1.));
#10004 = ORIENTED_EDGE('',*,*,#9325,.F.);
#10005 = ORIENTED_EDGE('',*,*,#9999,.F.);
#10006 = CYLINDRICAL_SURFACE('',#10007,0.75);
#10007 = AXIS2_PLACEMENT_3D('',#10008,#10009,#10010);
#10008 = CARTESIAN_POINT('',(126.65,-133.04,-4.6E-02));
#10009 = DIRECTION('',(-0.,-0.,-1.));
#10010 = DIRECTION('',(-0.,-1.,0.));
#10011 = ADVANCED_FACE('',(#10012),#10023,.F.);
#10012 = FACE_BOUND('',#10013,.T.);
#10013 = EDGE_LOOP('',(#10014,#10015,#10021,#10022));
#10014 = ORIENTED_EDGE('',*,*,#8670,.T.);
#10015 = ORIENTED_EDGE('',*,*,#10016,.T.);
#10016 = EDGE_CURVE('',#8671,#9337,#10017,.T.);
#10017 = LINE('',#10018,#10019);
#10018 = CARTESIAN_POINT('',(130.46,-137.58,-4.6E-02));
#10019 = VECTOR('',#10020,1.);
#10020 = DIRECTION('',(0.,0.,1.));
#10021 = ORIENTED_EDGE('',*,*,#9336,.F.);
#10022 = ORIENTED_EDGE('',*,*,#10016,.F.);
#10023 = CYLINDRICAL_SURFACE('',#10024,2.);
#10024 = AXIS2_PLACEMENT_3D('',#10025,#10026,#10027);
#10025 = CARTESIAN_POINT('',(130.46,-135.58,-4.6E-02));
#10026 = DIRECTION('',(-0.,-0.,-1.));
#10027 = DIRECTION('',(-0.,-1.,0.));
#10028 = ADVANCED_FACE('',(#10029),#10040,.F.);
#10029 = FACE_BOUND('',#10030,.T.);
#10030 = EDGE_LOOP('',(#10031,#10032,#10038,#10039));
#10031 = ORIENTED_EDGE('',*,*,#8681,.T.);
#10032 = ORIENTED_EDGE('',*,*,#10033,.T.);
#10033 = EDGE_CURVE('',#8682,#9348,#10034,.T.);
#10034 = LINE('',#10035,#10036);
#10035 = CARTESIAN_POINT('',(135.54,-136.43,-4.6E-02));
#10036 = VECTOR('',#10037,1.);
#10037 = DIRECTION('',(0.,0.,1.));
#10038 = ORIENTED_EDGE('',*,*,#9347,.F.);
#10039 = ORIENTED_EDGE('',*,*,#10033,.F.);
#10040 = CYLINDRICAL_SURFACE('',#10041,0.85);
#10041 = AXIS2_PLACEMENT_3D('',#10042,#10043,#10044);
#10042 = CARTESIAN_POINT('',(135.54,-135.58,-4.6E-02));
#10043 = DIRECTION('',(-0.,-0.,-1.));
#10044 = DIRECTION('',(-0.,-1.,0.));
#10045 = ADVANCED_FACE('',(#10046),#10057,.F.);
#10046 = FACE_BOUND('',#10047,.T.);
#10047 = EDGE_LOOP('',(#10048,#10049,#10055,#10056));
#10048 = ORIENTED_EDGE('',*,*,#8692,.T.);
#10049 = ORIENTED_EDGE('',*,*,#10050,.T.);
#10050 = EDGE_CURVE('',#8693,#9359,#10051,.T.);
#10051 = LINE('',#10052,#10053);
#10052 = CARTESIAN_POINT('',(133.,-131.25,-4.6E-02));
#10053 = VECTOR('',#10054,1.);
#10054 = DIRECTION('',(0.,0.,1.));
#10055 = ORIENTED_EDGE('',*,*,#9358,.F.);
#10056 = ORIENTED_EDGE('',*,*,#10050,.F.);
#10057 = CYLINDRICAL_SURFACE('',#10058,0.75);
#10058 = AXIS2_PLACEMENT_3D('',#10059,#10060,#10061);
#10059 = CARTESIAN_POINT('',(133.,-130.5,-4.6E-02));
#10060 = DIRECTION('',(-0.,-0.,-1.));
#10061 = DIRECTION('',(-0.,-1.,0.));
#10062 = ADVANCED_FACE('',(#10063),#10074,.F.);
#10063 = FACE_BOUND('',#10064,.T.);
#10064 = EDGE_LOOP('',(#10065,#10066,#10072,#10073));
#10065 = ORIENTED_EDGE('',*,*,#8703,.T.);
#10066 = ORIENTED_EDGE('',*,*,#10067,.T.);
#10067 = EDGE_CURVE('',#8704,#9370,#10068,.T.);
#10068 = LINE('',#10069,#10070);
#10069 = CARTESIAN_POINT('',(148.38,-136.43,-4.6E-02));
#10070 = VECTOR('',#10071,1.);
#10071 = DIRECTION('',(0.,0.,1.));
#10072 = ORIENTED_EDGE('',*,*,#9369,.F.);
#10073 = ORIENTED_EDGE('',*,*,#10067,.F.);
#10074 = CYLINDRICAL_SURFACE('',#10075,0.85);
#10075 = AXIS2_PLACEMENT_3D('',#10076,#10077,#10078);
#10076 = CARTESIAN_POINT('',(148.38,-135.58,-4.6E-02));
#10077 = DIRECTION('',(-0.,-0.,-1.));
#10078 = DIRECTION('',(-0.,-1.,0.));
#10079 = ADVANCED_FACE('',(#10080),#10091,.F.);
#10080 = FACE_BOUND('',#10081,.T.);
#10081 = EDGE_LOOP('',(#10082,#10083,#10089,#10090));
#10082 = ORIENTED_EDGE('',*,*,#8714,.T.);
#10083 = ORIENTED_EDGE('',*,*,#10084,.T.);
#10084 = EDGE_CURVE('',#8715,#9381,#10085,.T.);
#10085 = LINE('',#10086,#10087);
#10086 = CARTESIAN_POINT('',(149.65,-133.79,-4.6E-02));
#10087 = VECTOR('',#10088,1.);
#10088 = DIRECTION('',(0.,0.,1.));
#10089 = ORIENTED_EDGE('',*,*,#9380,.F.);
#10090 = ORIENTED_EDGE('',*,*,#10084,.F.);
#10091 = CYLINDRICAL_SURFACE('',#10092,0.75);
#10092 = AXIS2_PLACEMENT_3D('',#10093,#10094,#10095);
#10093 = CARTESIAN_POINT('',(149.65,-133.04,-4.6E-02));
#10094 = DIRECTION('',(-0.,-0.,-1.));
#10095 = DIRECTION('',(-0.,-1.,0.));
#10096 = ADVANCED_FACE('',(#10097),#10108,.F.);
#10097 = FACE_BOUND('',#10098,.T.);
#10098 = EDGE_LOOP('',(#10099,#10100,#10106,#10107));
#10099 = ORIENTED_EDGE('',*,*,#8725,.T.);
#10100 = ORIENTED_EDGE('',*,*,#10101,.T.);
#10101 = EDGE_CURVE('',#8726,#9392,#10102,.T.);
#10102 = LINE('',#10103,#10104);
#10103 = CARTESIAN_POINT('',(125.38,-111.93,-4.6E-02));
#10104 = VECTOR('',#10105,1.);
#10105 = DIRECTION('',(0.,0.,1.));
#10106 = ORIENTED_EDGE('',*,*,#9391,.F.);
#10107 = ORIENTED_EDGE('',*,*,#10101,.F.);
#10108 = CYLINDRICAL_SURFACE('',#10109,0.85);
#10109 = AXIS2_PLACEMENT_3D('',#10110,#10111,#10112);
#10110 = CARTESIAN_POINT('',(125.38,-111.08,-4.6E-02));
#10111 = DIRECTION('',(-0.,-0.,-1.));
#10112 = DIRECTION('',(-0.,-1.,0.));
#10113 = ADVANCED_FACE('',(#10114),#10125,.F.);
#10114 = FACE_BOUND('',#10115,.T.);
#10115 = EDGE_LOOP('',(#10116,#10117,#10123,#10124));
#10116 = ORIENTED_EDGE('',*,*,#8736,.T.);
#10117 = ORIENTED_EDGE('',*,*,#10118,.T.);
#10118 = EDGE_CURVE('',#8737,#9403,#10119,.T.);
#10119 = LINE('',#10120,#10121);
#10120 = CARTESIAN_POINT('',(126.65,-109.29,-4.6E-02));
#10121 = VECTOR('',#10122,1.);
#10122 = DIRECTION('',(0.,0.,1.));
#10123 = ORIENTED_EDGE('',*,*,#9402,.F.);
#10124 = ORIENTED_EDGE('',*,*,#10118,.F.);
#10125 = CYLINDRICAL_SURFACE('',#10126,0.75);
#10126 = AXIS2_PLACEMENT_3D('',#10127,#10128,#10129);
#10127 = CARTESIAN_POINT('',(126.65,-108.54,-4.6E-02));
#10128 = DIRECTION('',(-0.,-0.,-1.));
#10129 = DIRECTION('',(-0.,-1.,0.));
#10130 = ADVANCED_FACE('',(#10131),#10142,.F.);
#10131 = FACE_BOUND('',#10132,.T.);
#10132 = EDGE_LOOP('',(#10133,#10134,#10140,#10141));
#10133 = ORIENTED_EDGE('',*,*,#8747,.T.);
#10134 = ORIENTED_EDGE('',*,*,#10135,.T.);
#10135 = EDGE_CURVE('',#8748,#9414,#10136,.T.);
#10136 = LINE('',#10137,#10138);
#10137 = CARTESIAN_POINT('',(130.46,-113.08,-4.6E-02));
#10138 = VECTOR('',#10139,1.);
#10139 = DIRECTION('',(0.,0.,1.));
#10140 = ORIENTED_EDGE('',*,*,#9413,.F.);
#10141 = ORIENTED_EDGE('',*,*,#10135,.F.);
#10142 = CYLINDRICAL_SURFACE('',#10143,2.);
#10143 = AXIS2_PLACEMENT_3D('',#10144,#10145,#10146);
#10144 = CARTESIAN_POINT('',(130.46,-111.08,-4.6E-02));
#10145 = DIRECTION('',(-0.,-0.,-1.));
#10146 = DIRECTION('',(-0.,-1.,0.));
#10147 = ADVANCED_FACE('',(#10148),#10159,.F.);
#10148 = FACE_BOUND('',#10149,.T.);
#10149 = EDGE_LOOP('',(#10150,#10151,#10157,#10158));
#10150 = ORIENTED_EDGE('',*,*,#8758,.T.);
#10151 = ORIENTED_EDGE('',*,*,#10152,.T.);
#10152 = EDGE_CURVE('',#8759,#9425,#10153,.T.);
#10153 = LINE('',#10154,#10155);
#10154 = CARTESIAN_POINT('',(135.54,-111.93,-4.6E-02));
#10155 = VECTOR('',#10156,1.);
#10156 = DIRECTION('',(0.,0.,1.));
#10157 = ORIENTED_EDGE('',*,*,#9424,.F.);
#10158 = ORIENTED_EDGE('',*,*,#10152,.F.);
#10159 = CYLINDRICAL_SURFACE('',#10160,0.85);
#10160 = AXIS2_PLACEMENT_3D('',#10161,#10162,#10163);
#10161 = CARTESIAN_POINT('',(135.54,-111.08,-4.6E-02));
#10162 = DIRECTION('',(-0.,-0.,-1.));
#10163 = DIRECTION('',(-0.,-1.,0.));
#10164 = ADVANCED_FACE('',(#10165),#10176,.F.);
#10165 = FACE_BOUND('',#10166,.T.);
#10166 = EDGE_LOOP('',(#10167,#10168,#10174,#10175));
#10167 = ORIENTED_EDGE('',*,*,#8769,.T.);
#10168 = ORIENTED_EDGE('',*,*,#10169,.T.);
#10169 = EDGE_CURVE('',#8770,#9436,#10170,.T.);
#10170 = LINE('',#10171,#10172);
#10171 = CARTESIAN_POINT('',(133.,-106.75,-4.6E-02));
#10172 = VECTOR('',#10173,1.);
#10173 = DIRECTION('',(0.,0.,1.));
#10174 = ORIENTED_EDGE('',*,*,#9435,.F.);
#10175 = ORIENTED_EDGE('',*,*,#10169,.F.);
#10176 = CYLINDRICAL_SURFACE('',#10177,0.75);
#10177 = AXIS2_PLACEMENT_3D('',#10178,#10179,#10180);
#10178 = CARTESIAN_POINT('',(133.,-106.,-4.6E-02));
#10179 = DIRECTION('',(-0.,-0.,-1.));
#10180 = DIRECTION('',(-0.,-1.,0.));
#10181 = ADVANCED_FACE('',(#10182),#10193,.F.);
#10182 = FACE_BOUND('',#10183,.T.);
#10183 = EDGE_LOOP('',(#10184,#10185,#10191,#10192));
#10184 = ORIENTED_EDGE('',*,*,#8780,.T.);
#10185 = ORIENTED_EDGE('',*,*,#10186,.T.);
#10186 = EDGE_CURVE('',#8781,#9447,#10187,.T.);
#10187 = LINE('',#10188,#10189);
#10188 = CARTESIAN_POINT('',(148.38,-111.93,-4.6E-02));
#10189 = VECTOR('',#10190,1.);
#10190 = DIRECTION('',(0.,0.,1.));
#10191 = ORIENTED_EDGE('',*,*,#9446,.F.);
#10192 = ORIENTED_EDGE('',*,*,#10186,.F.);
#10193 = CYLINDRICAL_SURFACE('',#10194,0.85);
#10194 = AXIS2_PLACEMENT_3D('',#10195,#10196,#10197);
#10195 = CARTESIAN_POINT('',(148.38,-111.08,-4.6E-02));
#10196 = DIRECTION('',(-0.,-0.,-1.));
#10197 = DIRECTION('',(-0.,-1.,0.));
#10198 = ADVANCED_FACE('',(#10199),#10210,.F.);
#10199 = FACE_BOUND('',#10200,.T.);
#10200 = EDGE_LOOP('',(#10201,#10202,#10208,#10209));
#10201 = ORIENTED_EDGE('',*,*,#8791,.T.);
#10202 = ORIENTED_EDGE('',*,*,#10203,.T.);
#10203 = EDGE_CURVE('',#8792,#9458,#10204,.T.);
#10204 = LINE('',#10205,#10206);
#10205 = CARTESIAN_POINT('',(149.65,-109.29,-4.6E-02));
#10206 = VECTOR('',#10207,1.);
#10207 = DIRECTION('',(0.,0.,1.));
#10208 = ORIENTED_EDGE('',*,*,#9457,.F.);
#10209 = ORIENTED_EDGE('',*,*,#10203,.F.);
#10210 = CYLINDRICAL_SURFACE('',#10211,0.75);
#10211 = AXIS2_PLACEMENT_3D('',#10212,#10213,#10214);
#10212 = CARTESIAN_POINT('',(149.65,-108.54,-4.6E-02));
#10213 = DIRECTION('',(-0.,-0.,-1.));
#10214 = DIRECTION('',(-0.,-1.,0.));
#10215 = ADVANCED_FACE('',(#10216),#10227,.F.);
#10216 = FACE_BOUND('',#10217,.T.);
#10217 = EDGE_LOOP('',(#10218,#10219,#10225,#10226));
#10218 = ORIENTED_EDGE('',*,*,#8802,.T.);
#10219 = ORIENTED_EDGE('',*,*,#10220,.T.);
#10220 = EDGE_CURVE('',#8803,#9469,#10221,.T.);
#10221 = LINE('',#10222,#10223);
#10222 = CARTESIAN_POINT('',(153.46,-137.58,-4.6E-02));
#10223 = VECTOR('',#10224,1.);
#10224 = DIRECTION('',(0.,0.,1.));
#10225 = ORIENTED_EDGE('',*,*,#9468,.F.);
#10226 = ORIENTED_EDGE('',*,*,#10220,.F.);
#10227 = CYLINDRICAL_SURFACE('',#10228,2.);
#10228 = AXIS2_PLACEMENT_3D('',#10229,#10230,#10231);
#10229 = CARTESIAN_POINT('',(153.46,-135.58,-4.6E-02));
#10230 = DIRECTION('',(-0.,-0.,-1.));
#10231 = DIRECTION('',(-0.,-1.,0.));
#10232 = ADVANCED_FACE('',(#10233),#10244,.F.);
#10233 = FACE_BOUND('',#10234,.T.);
#10234 = EDGE_LOOP('',(#10235,#10236,#10242,#10243));
#10235 = ORIENTED_EDGE('',*,*,#8813,.T.);
#10236 = ORIENTED_EDGE('',*,*,#10237,.T.);
#10237 = EDGE_CURVE('',#8814,#9480,#10238,.T.);
#10238 = LINE('',#10239,#10240);
#10239 = CARTESIAN_POINT('',(158.54,-136.43,-4.6E-02));
#10240 = VECTOR('',#10241,1.);
#10241 = DIRECTION('',(0.,0.,1.));
#10242 = ORIENTED_EDGE('',*,*,#9479,.F.);
#10243 = ORIENTED_EDGE('',*,*,#10237,.F.);
#10244 = CYLINDRICAL_SURFACE('',#10245,0.85);
#10245 = AXIS2_PLACEMENT_3D('',#10246,#10247,#10248);
#10246 = CARTESIAN_POINT('',(158.54,-135.58,-4.6E-02));
#10247 = DIRECTION('',(-0.,-0.,-1.));
#10248 = DIRECTION('',(-0.,-1.,0.));
#10249 = ADVANCED_FACE('',(#10250),#10261,.F.);
#10250 = FACE_BOUND('',#10251,.T.);
#10251 = EDGE_LOOP('',(#10252,#10253,#10259,#10260));
#10252 = ORIENTED_EDGE('',*,*,#8824,.T.);
#10253 = ORIENTED_EDGE('',*,*,#10254,.T.);
#10254 = EDGE_CURVE('',#8825,#9491,#10255,.T.);
#10255 = LINE('',#10256,#10257);
#10256 = CARTESIAN_POINT('',(156.,-131.25,-4.6E-02));
#10257 = VECTOR('',#10258,1.);
#10258 = DIRECTION('',(0.,0.,1.));
#10259 = ORIENTED_EDGE('',*,*,#9490,.F.);
#10260 = ORIENTED_EDGE('',*,*,#10254,.F.);
#10261 = CYLINDRICAL_SURFACE('',#10262,0.75);
#10262 = AXIS2_PLACEMENT_3D('',#10263,#10264,#10265);
#10263 = CARTESIAN_POINT('',(156.,-130.5,-4.6E-02));
#10264 = DIRECTION('',(-0.,-0.,-1.));
#10265 = DIRECTION('',(-0.,-1.,0.));
#10266 = ADVANCED_FACE('',(#10267),#10278,.F.);
#10267 = FACE_BOUND('',#10268,.T.);
#10268 = EDGE_LOOP('',(#10269,#10270,#10276,#10277));
#10269 = ORIENTED_EDGE('',*,*,#8835,.T.);
#10270 = ORIENTED_EDGE('',*,*,#10271,.T.);
#10271 = EDGE_CURVE('',#8836,#9502,#10272,.T.);
#10272 = LINE('',#10273,#10274);
#10273 = CARTESIAN_POINT('',(171.38,-136.43,-4.6E-02));
#10274 = VECTOR('',#10275,1.);
#10275 = DIRECTION('',(0.,0.,1.));
#10276 = ORIENTED_EDGE('',*,*,#9501,.F.);
#10277 = ORIENTED_EDGE('',*,*,#10271,.F.);
#10278 = CYLINDRICAL_SURFACE('',#10279,0.85);
#10279 = AXIS2_PLACEMENT_3D('',#10280,#10281,#10282);
#10280 = CARTESIAN_POINT('',(171.38,-135.58,-4.6E-02));
#10281 = DIRECTION('',(-0.,-0.,-1.));
#10282 = DIRECTION('',(-0.,-1.,0.));
#10283 = ADVANCED_FACE('',(#10284),#10295,.F.);
#10284 = FACE_BOUND('',#10285,.T.);
#10285 = EDGE_LOOP('',(#10286,#10287,#10293,#10294));
#10286 = ORIENTED_EDGE('',*,*,#8846,.T.);
#10287 = ORIENTED_EDGE('',*,*,#10288,.T.);
#10288 = EDGE_CURVE('',#8847,#9513,#10289,.T.);
#10289 = LINE('',#10290,#10291);
#10290 = CARTESIAN_POINT('',(172.65,-133.79,-4.6E-02));
#10291 = VECTOR('',#10292,1.);
#10292 = DIRECTION('',(0.,0.,1.));
#10293 = ORIENTED_EDGE('',*,*,#9512,.F.);
#10294 = ORIENTED_EDGE('',*,*,#10288,.F.);
#10295 = CYLINDRICAL_SURFACE('',#10296,0.75);
#10296 = AXIS2_PLACEMENT_3D('',#10297,#10298,#10299);
#10297 = CARTESIAN_POINT('',(172.65,-133.04,-4.6E-02));
#10298 = DIRECTION('',(-0.,-0.,-1.));
#10299 = DIRECTION('',(-0.,-1.,0.));
#10300 = ADVANCED_FACE('',(#10301),#10312,.F.);
#10301 = FACE_BOUND('',#10302,.T.);
#10302 = EDGE_LOOP('',(#10303,#10304,#10310,#10311));
#10303 = ORIENTED_EDGE('',*,*,#8857,.T.);
#10304 = ORIENTED_EDGE('',*,*,#10305,.T.);
#10305 = EDGE_CURVE('',#8858,#9524,#10306,.T.);
#10306 = LINE('',#10307,#10308);
#10307 = CARTESIAN_POINT('',(176.46,-137.58,-4.6E-02));
#10308 = VECTOR('',#10309,1.);
#10309 = DIRECTION('',(0.,0.,1.));
#10310 = ORIENTED_EDGE('',*,*,#9523,.F.);
#10311 = ORIENTED_EDGE('',*,*,#10305,.F.);
#10312 = CYLINDRICAL_SURFACE('',#10313,2.);
#10313 = AXIS2_PLACEMENT_3D('',#10314,#10315,#10316);
#10314 = CARTESIAN_POINT('',(176.46,-135.58,-4.6E-02));
#10315 = DIRECTION('',(-0.,-0.,-1.));
#10316 = DIRECTION('',(-0.,-1.,0.));
#10317 = ADVANCED_FACE('',(#10318),#10329,.F.);
#10318 = FACE_BOUND('',#10319,.T.);
#10319 = EDGE_LOOP('',(#10320,#10321,#10327,#10328));
#10320 = ORIENTED_EDGE('',*,*,#8868,.T.);
#10321 = ORIENTED_EDGE('',*,*,#10322,.T.);
#10322 = EDGE_CURVE('',#8869,#9535,#10323,.T.);
#10323 = LINE('',#10324,#10325);
#10324 = CARTESIAN_POINT('',(181.54,-136.43,-4.6E-02));
#10325 = VECTOR('',#10326,1.);
#10326 = DIRECTION('',(0.,0.,1.));
#10327 = ORIENTED_EDGE('',*,*,#9534,.F.);
#10328 = ORIENTED_EDGE('',*,*,#10322,.F.);
#10329 = CYLINDRICAL_SURFACE('',#10330,0.85);
#10330 = AXIS2_PLACEMENT_3D('',#10331,#10332,#10333);
#10331 = CARTESIAN_POINT('',(181.54,-135.58,-4.6E-02));
#10332 = DIRECTION('',(-0.,-0.,-1.));
#10333 = DIRECTION('',(-0.,-1.,0.));
#10334 = ADVANCED_FACE('',(#10335),#10346,.F.);
#10335 = FACE_BOUND('',#10336,.T.);
#10336 = EDGE_LOOP('',(#10337,#10338,#10344,#10345));
#10337 = ORIENTED_EDGE('',*,*,#8879,.T.);
#10338 = ORIENTED_EDGE('',*,*,#10339,.T.);
#10339 = EDGE_CURVE('',#8880,#9546,#10340,.T.);
#10340 = LINE('',#10341,#10342);
#10341 = CARTESIAN_POINT('',(179.,-131.25,-4.6E-02));
#10342 = VECTOR('',#10343,1.);
#10343 = DIRECTION('',(0.,0.,1.));
#10344 = ORIENTED_EDGE('',*,*,#9545,.F.);
#10345 = ORIENTED_EDGE('',*,*,#10339,.F.);
#10346 = CYLINDRICAL_SURFACE('',#10347,0.75);
#10347 = AXIS2_PLACEMENT_3D('',#10348,#10349,#10350);
#10348 = CARTESIAN_POINT('',(179.,-130.5,-4.6E-02));
#10349 = DIRECTION('',(-0.,-0.,-1.));
#10350 = DIRECTION('',(-0.,-1.,0.));
#10351 = ADVANCED_FACE('',(#10352),#10363,.F.);
#10352 = FACE_BOUND('',#10353,.T.);
#10353 = EDGE_LOOP('',(#10354,#10355,#10361,#10362));
#10354 = ORIENTED_EDGE('',*,*,#8890,.T.);
#10355 = ORIENTED_EDGE('',*,*,#10356,.T.);
#10356 = EDGE_CURVE('',#8891,#9557,#10357,.T.);
#10357 = LINE('',#10358,#10359);
#10358 = CARTESIAN_POINT('',(153.46,-113.08,-4.6E-02));
#10359 = VECTOR('',#10360,1.);
#10360 = DIRECTION('',(0.,0.,1.));
#10361 = ORIENTED_EDGE('',*,*,#9556,.F.);
#10362 = ORIENTED_EDGE('',*,*,#10356,.F.);
#10363 = CYLINDRICAL_SURFACE('',#10364,2.);
#10364 = AXIS2_PLACEMENT_3D('',#10365,#10366,#10367);
#10365 = CARTESIAN_POINT('',(153.46,-111.08,-4.6E-02));
#10366 = DIRECTION('',(-0.,-0.,-1.));
#10367 = DIRECTION('',(-0.,-1.,0.));
#10368 = ADVANCED_FACE('',(#10369),#10380,.F.);
#10369 = FACE_BOUND('',#10370,.T.);
#10370 = EDGE_LOOP('',(#10371,#10372,#10378,#10379));
#10371 = ORIENTED_EDGE('',*,*,#8901,.T.);
#10372 = ORIENTED_EDGE('',*,*,#10373,.T.);
#10373 = EDGE_CURVE('',#8902,#9568,#10374,.T.);
#10374 = LINE('',#10375,#10376);
#10375 = CARTESIAN_POINT('',(158.54,-111.93,-4.6E-02));
#10376 = VECTOR('',#10377,1.);
#10377 = DIRECTION('',(0.,0.,1.));
#10378 = ORIENTED_EDGE('',*,*,#9567,.F.);
#10379 = ORIENTED_EDGE('',*,*,#10373,.F.);
#10380 = CYLINDRICAL_SURFACE('',#10381,0.85);
#10381 = AXIS2_PLACEMENT_3D('',#10382,#10383,#10384);
#10382 = CARTESIAN_POINT('',(158.54,-111.08,-4.6E-02));
#10383 = DIRECTION('',(-0.,-0.,-1.));
#10384 = DIRECTION('',(-0.,-1.,0.));
#10385 = ADVANCED_FACE('',(#10386),#10397,.F.);
#10386 = FACE_BOUND('',#10387,.T.);
#10387 = EDGE_LOOP('',(#10388,#10389,#10395,#10396));
#10388 = ORIENTED_EDGE('',*,*,#8912,.T.);
#10389 = ORIENTED_EDGE('',*,*,#10390,.T.);
#10390 = EDGE_CURVE('',#8913,#9579,#10391,.T.);
#10391 = LINE('',#10392,#10393);
#10392 = CARTESIAN_POINT('',(156.,-106.75,-4.6E-02));
#10393 = VECTOR('',#10394,1.);
#10394 = DIRECTION('',(0.,0.,1.));
#10395 = ORIENTED_EDGE('',*,*,#9578,.F.);
#10396 = ORIENTED_EDGE('',*,*,#10390,.F.);
#10397 = CYLINDRICAL_SURFACE('',#10398,0.75);
#10398 = AXIS2_PLACEMENT_3D('',#10399,#10400,#10401);
#10399 = CARTESIAN_POINT('',(156.,-106.,-4.6E-02));
#10400 = DIRECTION('',(-0.,-0.,-1.));
#10401 = DIRECTION('',(-0.,-1.,0.));
#10402 = ADVANCED_FACE('',(#10403),#10414,.F.);
#10403 = FACE_BOUND('',#10404,.T.);
#10404 = EDGE_LOOP('',(#10405,#10406,#10412,#10413));
#10405 = ORIENTED_EDGE('',*,*,#8923,.T.);
#10406 = ORIENTED_EDGE('',*,*,#10407,.T.);
#10407 = EDGE_CURVE('',#8924,#9590,#10408,.T.);
#10408 = LINE('',#10409,#10410);
#10409 = CARTESIAN_POINT('',(170.88,-111.93,-4.6E-02));
#10410 = VECTOR('',#10411,1.);
#10411 = DIRECTION('',(0.,0.,1.));
#10412 = ORIENTED_EDGE('',*,*,#9589,.F.);
#10413 = ORIENTED_EDGE('',*,*,#10407,.F.);
#10414 = CYLINDRICAL_SURFACE('',#10415,0.85);
#10415 = AXIS2_PLACEMENT_3D('',#10416,#10417,#10418);
#10416 = CARTESIAN_POINT('',(170.88,-111.08,-4.6E-02));
#10417 = DIRECTION('',(-0.,-0.,-1.));
#10418 = DIRECTION('',(-0.,-1.,0.));
#10419 = ADVANCED_FACE('',(#10420),#10431,.F.);
#10420 = FACE_BOUND('',#10421,.T.);
#10421 = EDGE_LOOP('',(#10422,#10423,#10429,#10430));
#10422 = ORIENTED_EDGE('',*,*,#8934,.T.);
#10423 = ORIENTED_EDGE('',*,*,#10424,.T.);
#10424 = EDGE_CURVE('',#8935,#9601,#10425,.T.);
#10425 = LINE('',#10426,#10427);
#10426 = CARTESIAN_POINT('',(172.15,-109.29,-4.6E-02));
#10427 = VECTOR('',#10428,1.);
#10428 = DIRECTION('',(0.,0.,1.));
#10429 = ORIENTED_EDGE('',*,*,#9600,.F.);
#10430 = ORIENTED_EDGE('',*,*,#10424,.F.);
#10431 = CYLINDRICAL_SURFACE('',#10432,0.75);
#10432 = AXIS2_PLACEMENT_3D('',#10433,#10434,#10435);
#10433 = CARTESIAN_POINT('',(172.15,-108.54,-4.6E-02));
#10434 = DIRECTION('',(-0.,-0.,-1.));
#10435 = DIRECTION('',(-0.,-1.,0.));
#10436 = ADVANCED_FACE('',(#10437),#10448,.F.);
#10437 = FACE_BOUND('',#10438,.T.);
#10438 = EDGE_LOOP('',(#10439,#10440,#10446,#10447));
#10439 = ORIENTED_EDGE('',*,*,#8945,.T.);
#10440 = ORIENTED_EDGE('',*,*,#10441,.T.);
#10441 = EDGE_CURVE('',#8946,#9612,#10442,.T.);
#10442 = LINE('',#10443,#10444);
#10443 = CARTESIAN_POINT('',(175.96,-113.08,-4.6E-02));
#10444 = VECTOR('',#10445,1.);
#10445 = DIRECTION('',(0.,0.,1.));
#10446 = ORIENTED_EDGE('',*,*,#9611,.F.);
#10447 = ORIENTED_EDGE('',*,*,#10441,.F.);
#10448 = CYLINDRICAL_SURFACE('',#10449,2.);
#10449 = AXIS2_PLACEMENT_3D('',#10450,#10451,#10452);
#10450 = CARTESIAN_POINT('',(175.96,-111.08,-4.6E-02));
#10451 = DIRECTION('',(-0.,-0.,-1.));
#10452 = DIRECTION('',(-0.,-1.,0.));
#10453 = ADVANCED_FACE('',(#10454),#10465,.F.);
#10454 = FACE_BOUND('',#10455,.T.);
#10455 = EDGE_LOOP('',(#10456,#10457,#10463,#10464));
#10456 = ORIENTED_EDGE('',*,*,#8956,.T.);
#10457 = ORIENTED_EDGE('',*,*,#10458,.T.);
#10458 = EDGE_CURVE('',#8957,#9623,#10459,.T.);
#10459 = LINE('',#10460,#10461);
#10460 = CARTESIAN_POINT('',(181.04,-111.93,-4.6E-02));
#10461 = VECTOR('',#10462,1.);
#10462 = DIRECTION('',(0.,0.,1.));
#10463 = ORIENTED_EDGE('',*,*,#9622,.F.);
#10464 = ORIENTED_EDGE('',*,*,#10458,.F.);
#10465 = CYLINDRICAL_SURFACE('',#10466,0.85);
#10466 = AXIS2_PLACEMENT_3D('',#10467,#10468,#10469);
#10467 = CARTESIAN_POINT('',(181.04,-111.08,-4.6E-02));
#10468 = DIRECTION('',(-0.,-0.,-1.));
#10469 = DIRECTION('',(-0.,-1.,0.));
#10470 = ADVANCED_FACE('',(#10471),#10482,.F.);
#10471 = FACE_BOUND('',#10472,.T.);
#10472 = EDGE_LOOP('',(#10473,#10474,#10480,#10481));
#10473 = ORIENTED_EDGE('',*,*,#8967,.T.);
#10474 = ORIENTED_EDGE('',*,*,#10475,.T.);
#10475 = EDGE_CURVE('',#8968,#9634,#10476,.T.);
#10476 = LINE('',#10477,#10478);
#10477 = CARTESIAN_POINT('',(178.5,-106.75,-4.6E-02));
#10478 = VECTOR('',#10479,1.);
#10479 = DIRECTION('',(0.,0.,1.));
#10480 = ORIENTED_EDGE('',*,*,#9633,.F.);
#10481 = ORIENTED_EDGE('',*,*,#10475,.F.);
#10482 = CYLINDRICAL_SURFACE('',#10483,0.75);
#10483 = AXIS2_PLACEMENT_3D('',#10484,#10485,#10486);
#10484 = CARTESIAN_POINT('',(178.5,-106.,-4.6E-02));
#10485 = DIRECTION('',(-0.,-0.,-1.));
#10486 = DIRECTION('',(-0.,-1.,0.));
#10487 = ADVANCED_FACE('',(#10488),#10499,.F.);
#10488 = FACE_BOUND('',#10489,.T.);
#10489 = EDGE_LOOP('',(#10490,#10491,#10497,#10498));
#10490 = ORIENTED_EDGE('',*,*,#8978,.T.);
#10491 = ORIENTED_EDGE('',*,*,#10492,.T.);
#10492 = EDGE_CURVE('',#8979,#9645,#10493,.T.);
#10493 = LINE('',#10494,#10495);
#10494 = CARTESIAN_POINT('',(125.38,-88.93,-4.6E-02));
#10495 = VECTOR('',#10496,1.);
#10496 = DIRECTION('',(0.,0.,1.));
#10497 = ORIENTED_EDGE('',*,*,#9644,.F.);
#10498 = ORIENTED_EDGE('',*,*,#10492,.F.);
#10499 = CYLINDRICAL_SURFACE('',#10500,0.85);
#10500 = AXIS2_PLACEMENT_3D('',#10501,#10502,#10503);
#10501 = CARTESIAN_POINT('',(125.38,-88.08,-4.6E-02));
#10502 = DIRECTION('',(-0.,-0.,-1.));
#10503 = DIRECTION('',(-0.,-1.,0.));
#10504 = ADVANCED_FACE('',(#10505),#10516,.F.);
#10505 = FACE_BOUND('',#10506,.T.);
#10506 = EDGE_LOOP('',(#10507,#10508,#10514,#10515));
#10507 = ORIENTED_EDGE('',*,*,#8989,.T.);
#10508 = ORIENTED_EDGE('',*,*,#10509,.T.);
#10509 = EDGE_CURVE('',#8990,#9656,#10510,.T.);
#10510 = LINE('',#10511,#10512);
#10511 = CARTESIAN_POINT('',(126.65,-86.29,-4.6E-02));
#10512 = VECTOR('',#10513,1.);
#10513 = DIRECTION('',(0.,0.,1.));
#10514 = ORIENTED_EDGE('',*,*,#9655,.F.);
#10515 = ORIENTED_EDGE('',*,*,#10509,.F.);
#10516 = CYLINDRICAL_SURFACE('',#10517,0.75);
#10517 = AXIS2_PLACEMENT_3D('',#10518,#10519,#10520);
#10518 = CARTESIAN_POINT('',(126.65,-85.54,-4.6E-02));
#10519 = DIRECTION('',(-0.,-0.,-1.));
#10520 = DIRECTION('',(-0.,-1.,0.));
#10521 = ADVANCED_FACE('',(#10522),#10533,.F.);
#10522 = FACE_BOUND('',#10523,.T.);
#10523 = EDGE_LOOP('',(#10524,#10525,#10531,#10532));
#10524 = ORIENTED_EDGE('',*,*,#9000,.T.);
#10525 = ORIENTED_EDGE('',*,*,#10526,.T.);
#10526 = EDGE_CURVE('',#9001,#9667,#10527,.T.);
#10527 = LINE('',#10528,#10529);
#10528 = CARTESIAN_POINT('',(130.46,-90.08,-4.6E-02));
#10529 = VECTOR('',#10530,1.);
#10530 = DIRECTION('',(0.,0.,1.));
#10531 = ORIENTED_EDGE('',*,*,#9666,.F.);
#10532 = ORIENTED_EDGE('',*,*,#10526,.F.);
#10533 = CYLINDRICAL_SURFACE('',#10534,2.);
#10534 = AXIS2_PLACEMENT_3D('',#10535,#10536,#10537);
#10535 = CARTESIAN_POINT('',(130.46,-88.08,-4.6E-02));
#10536 = DIRECTION('',(-0.,-0.,-1.));
#10537 = DIRECTION('',(-0.,-1.,0.));
#10538 = ADVANCED_FACE('',(#10539),#10550,.F.);
#10539 = FACE_BOUND('',#10540,.T.);
#10540 = EDGE_LOOP('',(#10541,#10542,#10548,#10549));
#10541 = ORIENTED_EDGE('',*,*,#9011,.T.);
#10542 = ORIENTED_EDGE('',*,*,#10543,.T.);
#10543 = EDGE_CURVE('',#9012,#9678,#10544,.T.);
#10544 = LINE('',#10545,#10546);
#10545 = CARTESIAN_POINT('',(135.54,-88.93,-4.6E-02));
#10546 = VECTOR('',#10547,1.);
#10547 = DIRECTION('',(0.,0.,1.));
#10548 = ORIENTED_EDGE('',*,*,#9677,.F.);
#10549 = ORIENTED_EDGE('',*,*,#10543,.F.);
#10550 = CYLINDRICAL_SURFACE('',#10551,0.85);
#10551 = AXIS2_PLACEMENT_3D('',#10552,#10553,#10554);
#10552 = CARTESIAN_POINT('',(135.54,-88.08,-4.6E-02));
#10553 = DIRECTION('',(-0.,-0.,-1.));
#10554 = DIRECTION('',(-0.,-1.,0.));
#10555 = ADVANCED_FACE('',(#10556),#10567,.F.);
#10556 = FACE_BOUND('',#10557,.T.);
#10557 = EDGE_LOOP('',(#10558,#10559,#10565,#10566));
#10558 = ORIENTED_EDGE('',*,*,#9022,.T.);
#10559 = ORIENTED_EDGE('',*,*,#10560,.T.);
#10560 = EDGE_CURVE('',#9023,#9689,#10561,.T.);
#10561 = LINE('',#10562,#10563);
#10562 = CARTESIAN_POINT('',(133.,-83.75,-4.6E-02));
#10563 = VECTOR('',#10564,1.);
#10564 = DIRECTION('',(0.,0.,1.));
#10565 = ORIENTED_EDGE('',*,*,#9688,.F.);
#10566 = ORIENTED_EDGE('',*,*,#10560,.F.);
#10567 = CYLINDRICAL_SURFACE('',#10568,0.75);
#10568 = AXIS2_PLACEMENT_3D('',#10569,#10570,#10571);
#10569 = CARTESIAN_POINT('',(133.,-83.,-4.6E-02));
#10570 = DIRECTION('',(-0.,-0.,-1.));
#10571 = DIRECTION('',(-0.,-1.,0.));
#10572 = ADVANCED_FACE('',(#10573),#10584,.F.);
#10573 = FACE_BOUND('',#10574,.T.);
#10574 = EDGE_LOOP('',(#10575,#10576,#10582,#10583));
#10575 = ORIENTED_EDGE('',*,*,#9033,.T.);
#10576 = ORIENTED_EDGE('',*,*,#10577,.T.);
#10577 = EDGE_CURVE('',#9034,#9700,#10578,.T.);
#10578 = LINE('',#10579,#10580);
#10579 = CARTESIAN_POINT('',(148.6275,-89.05,-4.6E-02));
#10580 = VECTOR('',#10581,1.);
#10581 = DIRECTION('',(0.,0.,1.));
#10582 = ORIENTED_EDGE('',*,*,#9699,.F.);
#10583 = ORIENTED_EDGE('',*,*,#10577,.F.);
#10584 = CYLINDRICAL_SURFACE('',#10585,0.85);
#10585 = AXIS2_PLACEMENT_3D('',#10586,#10587,#10588);
#10586 = CARTESIAN_POINT('',(148.6275,-88.2,-4.6E-02));
#10587 = DIRECTION('',(-0.,-0.,-1.));
#10588 = DIRECTION('',(-0.,-1.,0.));
#10589 = ADVANCED_FACE('',(#10590),#10601,.F.);
#10590 = FACE_BOUND('',#10591,.T.);
#10591 = EDGE_LOOP('',(#10592,#10593,#10599,#10600));
#10592 = ORIENTED_EDGE('',*,*,#9044,.T.);
#10593 = ORIENTED_EDGE('',*,*,#10594,.T.);
#10594 = EDGE_CURVE('',#9045,#9711,#10595,.T.);
#10595 = LINE('',#10596,#10597);
#10596 = CARTESIAN_POINT('',(149.8975,-86.41,-4.6E-02));
#10597 = VECTOR('',#10598,1.);
#10598 = DIRECTION('',(0.,0.,1.));
#10599 = ORIENTED_EDGE('',*,*,#9710,.F.);
#10600 = ORIENTED_EDGE('',*,*,#10594,.F.);
#10601 = CYLINDRICAL_SURFACE('',#10602,0.75);
#10602 = AXIS2_PLACEMENT_3D('',#10603,#10604,#10605);
#10603 = CARTESIAN_POINT('',(149.8975,-85.66,-4.6E-02));
#10604 = DIRECTION('',(-0.,-0.,-1.));
#10605 = DIRECTION('',(-0.,-1.,0.));
#10606 = ADVANCED_FACE('',(#10607),#10618,.F.);
#10607 = FACE_BOUND('',#10608,.T.);
#10608 = EDGE_LOOP('',(#10609,#10610,#10616,#10617));
#10609 = ORIENTED_EDGE('',*,*,#9055,.T.);
#10610 = ORIENTED_EDGE('',*,*,#10611,.T.);
#10611 = EDGE_CURVE('',#9056,#9722,#10612,.T.);
#10612 = LINE('',#10613,#10614);
#10613 = CARTESIAN_POINT('',(126.38,-75.5645,-4.6E-02));
#10614 = VECTOR('',#10615,1.);
#10615 = DIRECTION('',(0.,0.,1.));
#10616 = ORIENTED_EDGE('',*,*,#9721,.F.);
#10617 = ORIENTED_EDGE('',*,*,#10611,.F.);
#10618 = CYLINDRICAL_SURFACE('',#10619,0.4445);
#10619 = AXIS2_PLACEMENT_3D('',#10620,#10621,#10622);
#10620 = CARTESIAN_POINT('',(126.38,-75.12,-4.6E-02));
#10621 = DIRECTION('',(-0.,-0.,-1.));
#10622 = DIRECTION('',(-0.,-1.,0.));
#10623 = ADVANCED_FACE('',(#10624),#10635,.F.);
#10624 = FACE_BOUND('',#10625,.T.);
#10625 = EDGE_LOOP('',(#10626,#10627,#10633,#10634));
#10626 = ORIENTED_EDGE('',*,*,#9066,.T.);
#10627 = ORIENTED_EDGE('',*,*,#10628,.T.);
#10628 = EDGE_CURVE('',#9067,#9733,#10629,.T.);
#10629 = LINE('',#10630,#10631);
#10630 = CARTESIAN_POINT('',(128.92,-75.5645,-4.6E-02));
#10631 = VECTOR('',#10632,1.);
#10632 = DIRECTION('',(0.,0.,1.));
#10633 = ORIENTED_EDGE('',*,*,#9732,.F.);
#10634 = ORIENTED_EDGE('',*,*,#10628,.F.);
#10635 = CYLINDRICAL_SURFACE('',#10636,0.4445);
#10636 = AXIS2_PLACEMENT_3D('',#10637,#10638,#10639);
#10637 = CARTESIAN_POINT('',(128.92,-75.12,-4.6E-02));
#10638 = DIRECTION('',(-0.,-0.,-1.));
#10639 = DIRECTION('',(-6.394085361171E-14,-1.,0.));
#10640 = ADVANCED_FACE('',(#10641),#10652,.F.);
#10641 = FACE_BOUND('',#10642,.T.);
#10642 = EDGE_LOOP('',(#10643,#10644,#10650,#10651));
#10643 = ORIENTED_EDGE('',*,*,#9077,.T.);
#10644 = ORIENTED_EDGE('',*,*,#10645,.T.);
#10645 = EDGE_CURVE('',#9078,#9744,#10646,.T.);
#10646 = LINE('',#10647,#10648);
#10647 = CARTESIAN_POINT('',(131.46,-75.5645,-4.6E-02));
#10648 = VECTOR('',#10649,1.);
#10649 = DIRECTION('',(0.,0.,1.));
#10650 = ORIENTED_EDGE('',*,*,#9743,.F.);
#10651 = ORIENTED_EDGE('',*,*,#10645,.F.);
#10652 = CYLINDRICAL_SURFACE('',#10653,0.4445);
#10653 = AXIS2_PLACEMENT_3D('',#10654,#10655,#10656);
#10654 = CARTESIAN_POINT('',(131.46,-75.12,-4.6E-02));
#10655 = DIRECTION('',(-0.,-0.,-1.));
#10656 = DIRECTION('',(-0.,-1.,0.));
#10657 = ADVANCED_FACE('',(#10658),#10669,.F.);
#10658 = FACE_BOUND('',#10659,.T.);
#10659 = EDGE_LOOP('',(#10660,#10661,#10667,#10668));
#10660 = ORIENTED_EDGE('',*,*,#9088,.T.);
#10661 = ORIENTED_EDGE('',*,*,#10662,.T.);
#10662 = EDGE_CURVE('',#9089,#9755,#10663,.T.);
#10663 = LINE('',#10664,#10665);
#10664 = CARTESIAN_POINT('',(134.,-75.5645,-4.6E-02));
#10665 = VECTOR('',#10666,1.);
#10666 = DIRECTION('',(0.,0.,1.));
#10667 = ORIENTED_EDGE('',*,*,#9754,.F.);
#10668 = ORIENTED_EDGE('',*,*,#10662,.F.);
#10669 = CYLINDRICAL_SURFACE('',#10670,0.4445);
#10670 = AXIS2_PLACEMENT_3D('',#10671,#10672,#10673);
#10671 = CARTESIAN_POINT('',(134.,-75.12,-4.6E-02));
#10672 = DIRECTION('',(-0.,-0.,-1.));
#10673 = DIRECTION('',(-0.,-1.,0.));
#10674 = ADVANCED_FACE('',(#10675),#10686,.F.);
#10675 = FACE_BOUND('',#10676,.T.);
#10676 = EDGE_LOOP('',(#10677,#10678,#10684,#10685));
#10677 = ORIENTED_EDGE('',*,*,#9099,.T.);
#10678 = ORIENTED_EDGE('',*,*,#10679,.T.);
#10679 = EDGE_CURVE('',#9100,#9766,#10680,.T.);
#10680 = LINE('',#10681,#10682);
#10681 = CARTESIAN_POINT('',(136.54,-75.5645,-4.6E-02));
#10682 = VECTOR('',#10683,1.);
#10683 = DIRECTION('',(0.,0.,1.));
#10684 = ORIENTED_EDGE('',*,*,#9765,.F.);
#10685 = ORIENTED_EDGE('',*,*,#10679,.F.);
#10686 = CYLINDRICAL_SURFACE('',#10687,0.4445);
#10687 = AXIS2_PLACEMENT_3D('',#10688,#10689,#10690);
#10688 = CARTESIAN_POINT('',(136.54,-75.12,-4.6E-02));
#10689 = DIRECTION('',(-0.,-0.,-1.));
#10690 = DIRECTION('',(-0.,-1.,0.));
#10691 = ADVANCED_FACE('',(#10692),#10703,.F.);
#10692 = FACE_BOUND('',#10693,.T.);
#10693 = EDGE_LOOP('',(#10694,#10695,#10701,#10702));
#10694 = ORIENTED_EDGE('',*,*,#9110,.T.);
#10695 = ORIENTED_EDGE('',*,*,#10696,.T.);
#10696 = EDGE_CURVE('',#9111,#9777,#10697,.T.);
#10697 = LINE('',#10698,#10699);
#10698 = CARTESIAN_POINT('',(126.38,-60.3245,-4.6E-02));
#10699 = VECTOR('',#10700,1.);
#10700 = DIRECTION('',(0.,0.,1.));
#10701 = ORIENTED_EDGE('',*,*,#9776,.F.);
#10702 = ORIENTED_EDGE('',*,*,#10696,.F.);
#10703 = CYLINDRICAL_SURFACE('',#10704,0.4445);
#10704 = AXIS2_PLACEMENT_3D('',#10705,#10706,#10707);
#10705 = CARTESIAN_POINT('',(126.38,-59.88,-4.6E-02));
#10706 = DIRECTION('',(-0.,-0.,-1.));
#10707 = DIRECTION('',(-0.,-1.,0.));
#10708 = ADVANCED_FACE('',(#10709),#10720,.F.);
#10709 = FACE_BOUND('',#10710,.T.);
#10710 = EDGE_LOOP('',(#10711,#10712,#10718,#10719));
#10711 = ORIENTED_EDGE('',*,*,#9121,.T.);
#10712 = ORIENTED_EDGE('',*,*,#10713,.T.);
#10713 = EDGE_CURVE('',#9122,#9788,#10714,.T.);
#10714 = LINE('',#10715,#10716);
#10715 = CARTESIAN_POINT('',(128.92,-60.3245,-4.6E-02));
#10716 = VECTOR('',#10717,1.);
#10717 = DIRECTION('',(0.,0.,1.));
#10718 = ORIENTED_EDGE('',*,*,#9787,.F.);
#10719 = ORIENTED_EDGE('',*,*,#10713,.F.);
#10720 = CYLINDRICAL_SURFACE('',#10721,0.4445);
#10721 = AXIS2_PLACEMENT_3D('',#10722,#10723,#10724);
#10722 = CARTESIAN_POINT('',(128.92,-59.88,-4.6E-02));
#10723 = DIRECTION('',(-0.,-0.,-1.));
#10724 = DIRECTION('',(-6.394085361171E-14,-1.,0.));
#10725 = ADVANCED_FACE('',(#10726),#10737,.F.);
#10726 = FACE_BOUND('',#10727,.T.);
#10727 = EDGE_LOOP('',(#10728,#10729,#10735,#10736));
#10728 = ORIENTED_EDGE('',*,*,#9132,.T.);
#10729 = ORIENTED_EDGE('',*,*,#10730,.T.);
#10730 = EDGE_CURVE('',#9133,#9799,#10731,.T.);
#10731 = LINE('',#10732,#10733);
#10732 = CARTESIAN_POINT('',(131.46,-60.3245,-4.6E-02));
#10733 = VECTOR('',#10734,1.);
#10734 = DIRECTION('',(0.,0.,1.));
#10735 = ORIENTED_EDGE('',*,*,#9798,.F.);
#10736 = ORIENTED_EDGE('',*,*,#10730,.F.);
#10737 = CYLINDRICAL_SURFACE('',#10738,0.4445);
#10738 = AXIS2_PLACEMENT_3D('',#10739,#10740,#10741);
#10739 = CARTESIAN_POINT('',(131.46,-59.88,-4.6E-02));
#10740 = DIRECTION('',(-0.,-0.,-1.));
#10741 = DIRECTION('',(-0.,-1.,0.));
#10742 = ADVANCED_FACE('',(#10743),#10754,.F.);
#10743 = FACE_BOUND('',#10744,.T.);
#10744 = EDGE_LOOP('',(#10745,#10746,#10752,#10753));
#10745 = ORIENTED_EDGE('',*,*,#9143,.T.);
#10746 = ORIENTED_EDGE('',*,*,#10747,.T.);
#10747 = EDGE_CURVE('',#9144,#9810,#10748,.T.);
#10748 = LINE('',#10749,#10750);
#10749 = CARTESIAN_POINT('',(134.,-60.3245,-4.6E-02));
#10750 = VECTOR('',#10751,1.);
#10751 = DIRECTION('',(0.,0.,1.));
#10752 = ORIENTED_EDGE('',*,*,#9809,.F.);
#10753 = ORIENTED_EDGE('',*,*,#10747,.F.);
#10754 = CYLINDRICAL_SURFACE('',#10755,0.4445);
#10755 = AXIS2_PLACEMENT_3D('',#10756,#10757,#10758);
#10756 = CARTESIAN_POINT('',(134.,-59.88,-4.6E-02));
#10757 = DIRECTION('',(-0.,-0.,-1.));
#10758 = DIRECTION('',(-0.,-1.,0.));
#10759 = ADVANCED_FACE('',(#10760),#10771,.F.);
#10760 = FACE_BOUND('',#10761,.T.);
#10761 = EDGE_LOOP('',(#10762,#10763,#10769,#10770));
#10762 = ORIENTED_EDGE('',*,*,#9154,.T.);
#10763 = ORIENTED_EDGE('',*,*,#10764,.T.);
#10764 = EDGE_CURVE('',#9155,#9821,#10765,.T.);
#10765 = LINE('',#10766,#10767);
#10766 = CARTESIAN_POINT('',(136.54,-60.3245,-4.6E-02));
#10767 = VECTOR('',#10768,1.);
#10768 = DIRECTION('',(0.,0.,1.));
#10769 = ORIENTED_EDGE('',*,*,#9820,.F.);
#10770 = ORIENTED_EDGE('',*,*,#10764,.F.);
#10771 = CYLINDRICAL_SURFACE('',#10772,0.4445);
#10772 = AXIS2_PLACEMENT_3D('',#10773,#10774,#10775);
#10773 = CARTESIAN_POINT('',(136.54,-59.88,-4.6E-02));
#10774 = DIRECTION('',(-0.,-0.,-1.));
#10775 = DIRECTION('',(-0.,-1.,0.));
#10776 = ADVANCED_FACE('',(#10777),#10788,.F.);
#10777 = FACE_BOUND('',#10778,.T.);
#10778 = EDGE_LOOP('',(#10779,#10780,#10786,#10787));
#10779 = ORIENTED_EDGE('',*,*,#9165,.T.);
#10780 = ORIENTED_EDGE('',*,*,#10781,.T.);
#10781 = EDGE_CURVE('',#9166,#9832,#10782,.T.);
#10782 = LINE('',#10783,#10784);
#10783 = CARTESIAN_POINT('',(139.08,-75.5645,-4.6E-02));
#10784 = VECTOR('',#10785,1.);
#10785 = DIRECTION('',(0.,0.,1.));
#10786 = ORIENTED_EDGE('',*,*,#9831,.F.);
#10787 = ORIENTED_EDGE('',*,*,#10781,.F.);
#10788 = CYLINDRICAL_SURFACE('',#10789,0.4445);
#10789 = AXIS2_PLACEMENT_3D('',#10790,#10791,#10792);
#10790 = CARTESIAN_POINT('',(139.08,-75.12,-4.6E-02));
#10791 = DIRECTION('',(-0.,0.,-1.));
#10792 = DIRECTION('',(6.39408536117E-14,-1.,-0.));
#10793 = ADVANCED_FACE('',(#10794),#10805,.F.);
#10794 = FACE_BOUND('',#10795,.T.);
#10795 = EDGE_LOOP('',(#10796,#10797,#10803,#10804));
#10796 = ORIENTED_EDGE('',*,*,#9176,.T.);
#10797 = ORIENTED_EDGE('',*,*,#10798,.T.);
#10798 = EDGE_CURVE('',#9177,#9843,#10799,.T.);
#10799 = LINE('',#10800,#10801);
#10800 = CARTESIAN_POINT('',(141.62,-75.5645,-4.6E-02));
#10801 = VECTOR('',#10802,1.);
#10802 = DIRECTION('',(0.,0.,1.));
#10803 = ORIENTED_EDGE('',*,*,#9842,.F.);
#10804 = ORIENTED_EDGE('',*,*,#10798,.F.);
#10805 = CYLINDRICAL_SURFACE('',#10806,0.4445);
#10806 = AXIS2_PLACEMENT_3D('',#10807,#10808,#10809);
#10807 = CARTESIAN_POINT('',(141.62,-75.12,-4.6E-02));
#10808 = DIRECTION('',(-0.,-0.,-1.));
#10809 = DIRECTION('',(-0.,-1.,0.));
#10810 = ADVANCED_FACE('',(#10811),#10822,.F.);
#10811 = FACE_BOUND('',#10812,.T.);
#10812 = EDGE_LOOP('',(#10813,#10814,#10820,#10821));
#10813 = ORIENTED_EDGE('',*,*,#9187,.T.);
#10814 = ORIENTED_EDGE('',*,*,#10815,.T.);
#10815 = EDGE_CURVE('',#9188,#9854,#10816,.T.);
#10816 = LINE('',#10817,#10818);
#10817 = CARTESIAN_POINT('',(139.08,-60.3245,-4.6E-02));
#10818 = VECTOR('',#10819,1.);
#10819 = DIRECTION('',(0.,0.,1.));
#10820 = ORIENTED_EDGE('',*,*,#9853,.F.);
#10821 = ORIENTED_EDGE('',*,*,#10815,.F.);
#10822 = CYLINDRICAL_SURFACE('',#10823,0.4445);
#10823 = AXIS2_PLACEMENT_3D('',#10824,#10825,#10826);
#10824 = CARTESIAN_POINT('',(139.08,-59.88,-4.6E-02));
#10825 = DIRECTION('',(-0.,0.,-1.));
#10826 = DIRECTION('',(6.39408536117E-14,-1.,-0.));
#10827 = ADVANCED_FACE('',(#10828),#10839,.F.);
#10828 = FACE_BOUND('',#10829,.T.);
#10829 = EDGE_LOOP('',(#10830,#10831,#10837,#10838));
#10830 = ORIENTED_EDGE('',*,*,#9198,.T.);
#10831 = ORIENTED_EDGE('',*,*,#10832,.T.);
#10832 = EDGE_CURVE('',#9199,#9865,#10833,.T.);
#10833 = LINE('',#10834,#10835);
#10834 = CARTESIAN_POINT('',(141.62,-60.3245,-4.6E-02));
#10835 = VECTOR('',#10836,1.);
#10836 = DIRECTION('',(0.,0.,1.));
#10837 = ORIENTED_EDGE('',*,*,#9864,.F.);
#10838 = ORIENTED_EDGE('',*,*,#10832,.F.);
#10839 = CYLINDRICAL_SURFACE('',#10840,0.4445);
#10840 = AXIS2_PLACEMENT_3D('',#10841,#10842,#10843);
#10841 = CARTESIAN_POINT('',(141.62,-59.88,-4.6E-02));
#10842 = DIRECTION('',(-0.,-0.,-1.));
#10843 = DIRECTION('',(-0.,-1.,0.));
#10844 = ADVANCED_FACE('',(#10845),#10856,.F.);
#10845 = FACE_BOUND('',#10846,.T.);
#10846 = EDGE_LOOP('',(#10847,#10848,#10854,#10855));
#10847 = ORIENTED_EDGE('',*,*,#9209,.T.);
#10848 = ORIENTED_EDGE('',*,*,#10849,.T.);
#10849 = EDGE_CURVE('',#9210,#9876,#10850,.T.);
#10850 = LINE('',#10851,#10852);
#10851 = CARTESIAN_POINT('',(153.7075,-90.2,-4.6E-02));
#10852 = VECTOR('',#10853,1.);
#10853 = DIRECTION('',(0.,0.,1.));
#10854 = ORIENTED_EDGE('',*,*,#9875,.F.);
#10855 = ORIENTED_EDGE('',*,*,#10849,.F.);
#10856 = CYLINDRICAL_SURFACE('',#10857,2.);
#10857 = AXIS2_PLACEMENT_3D('',#10858,#10859,#10860);
#10858 = CARTESIAN_POINT('',(153.7075,-88.2,-4.6E-02));
#10859 = DIRECTION('',(-0.,-0.,-1.));
#10860 = DIRECTION('',(-0.,-1.,0.));
#10861 = ADVANCED_FACE('',(#10862),#10873,.F.);
#10862 = FACE_BOUND('',#10863,.T.);
#10863 = EDGE_LOOP('',(#10864,#10865,#10871,#10872));
#10864 = ORIENTED_EDGE('',*,*,#9220,.T.);
#10865 = ORIENTED_EDGE('',*,*,#10866,.T.);
#10866 = EDGE_CURVE('',#9221,#9887,#10867,.T.);
#10867 = LINE('',#10868,#10869);
#10868 = CARTESIAN_POINT('',(158.7875,-89.05,-4.6E-02));
#10869 = VECTOR('',#10870,1.);
#10870 = DIRECTION('',(0.,0.,1.));
#10871 = ORIENTED_EDGE('',*,*,#9886,.F.);
#10872 = ORIENTED_EDGE('',*,*,#10866,.F.);
#10873 = CYLINDRICAL_SURFACE('',#10874,0.85);
#10874 = AXIS2_PLACEMENT_3D('',#10875,#10876,#10877);
#10875 = CARTESIAN_POINT('',(158.7875,-88.2,-4.6E-02));
#10876 = DIRECTION('',(-0.,-0.,-1.));
#10877 = DIRECTION('',(-0.,-1.,0.));
#10878 = ADVANCED_FACE('',(#10879),#10890,.F.);
#10879 = FACE_BOUND('',#10880,.T.);
#10880 = EDGE_LOOP('',(#10881,#10882,#10888,#10889));
#10881 = ORIENTED_EDGE('',*,*,#9231,.T.);
#10882 = ORIENTED_EDGE('',*,*,#10883,.T.);
#10883 = EDGE_CURVE('',#9232,#9898,#10884,.T.);
#10884 = LINE('',#10885,#10886);
#10885 = CARTESIAN_POINT('',(156.2475,-83.87,-4.6E-02));
#10886 = VECTOR('',#10887,1.);
#10887 = DIRECTION('',(0.,0.,1.));
#10888 = ORIENTED_EDGE('',*,*,#9897,.F.);
#10889 = ORIENTED_EDGE('',*,*,#10883,.F.);
#10890 = CYLINDRICAL_SURFACE('',#10891,0.75);
#10891 = AXIS2_PLACEMENT_3D('',#10892,#10893,#10894);
#10892 = CARTESIAN_POINT('',(156.2475,-83.12,-4.6E-02));
#10893 = DIRECTION('',(-0.,-0.,-1.));
#10894 = DIRECTION('',(-0.,-1.,0.));
#10895 = ADVANCED_FACE('',(#10896),#10907,.F.);
#10896 = FACE_BOUND('',#10897,.T.);
#10897 = EDGE_LOOP('',(#10898,#10899,#10905,#10906));
#10898 = ORIENTED_EDGE('',*,*,#9242,.T.);
#10899 = ORIENTED_EDGE('',*,*,#10900,.T.);
#10900 = EDGE_CURVE('',#9243,#9909,#10901,.T.);
#10901 = LINE('',#10902,#10903);
#10902 = CARTESIAN_POINT('',(171.38,-89.05,-4.6E-02));
#10903 = VECTOR('',#10904,1.);
#10904 = DIRECTION('',(0.,0.,1.));
#10905 = ORIENTED_EDGE('',*,*,#9908,.F.);
#10906 = ORIENTED_EDGE('',*,*,#10900,.F.);
#10907 = CYLINDRICAL_SURFACE('',#10908,0.85);
#10908 = AXIS2_PLACEMENT_3D('',#10909,#10910,#10911);
#10909 = CARTESIAN_POINT('',(171.38,-88.2,-4.6E-02));
#10910 = DIRECTION('',(-0.,-0.,-1.));
#10911 = DIRECTION('',(-0.,-1.,0.));
#10912 = ADVANCED_FACE('',(#10913),#10924,.F.);
#10913 = FACE_BOUND('',#10914,.T.);
#10914 = EDGE_LOOP('',(#10915,#10916,#10922,#10923));
#10915 = ORIENTED_EDGE('',*,*,#9253,.T.);
#10916 = ORIENTED_EDGE('',*,*,#10917,.T.);
#10917 = EDGE_CURVE('',#9254,#9920,#10918,.T.);
#10918 = LINE('',#10919,#10920);
#10919 = CARTESIAN_POINT('',(172.65,-86.41,-4.6E-02));
#10920 = VECTOR('',#10921,1.);
#10921 = DIRECTION('',(0.,0.,1.));
#10922 = ORIENTED_EDGE('',*,*,#9919,.F.);
#10923 = ORIENTED_EDGE('',*,*,#10917,.F.);
#10924 = CYLINDRICAL_SURFACE('',#10925,0.75);
#10925 = AXIS2_PLACEMENT_3D('',#10926,#10927,#10928);
#10926 = CARTESIAN_POINT('',(172.65,-85.66,-4.6E-02));
#10927 = DIRECTION('',(-0.,-0.,-1.));
#10928 = DIRECTION('',(-0.,-1.,0.));
#10929 = ADVANCED_FACE('',(#10930),#10941,.F.);
#10930 = FACE_BOUND('',#10931,.T.);
#10931 = EDGE_LOOP('',(#10932,#10933,#10939,#10940));
#10932 = ORIENTED_EDGE('',*,*,#9264,.T.);
#10933 = ORIENTED_EDGE('',*,*,#10934,.T.);
#10934 = EDGE_CURVE('',#9265,#9931,#10935,.T.);
#10935 = LINE('',#10936,#10937);
#10936 = CARTESIAN_POINT('',(176.46,-90.2,-4.6E-02));
#10937 = VECTOR('',#10938,1.);
#10938 = DIRECTION('',(0.,0.,1.));
#10939 = ORIENTED_EDGE('',*,*,#9930,.F.);
#10940 = ORIENTED_EDGE('',*,*,#10934,.F.);
#10941 = CYLINDRICAL_SURFACE('',#10942,2.);
#10942 = AXIS2_PLACEMENT_3D('',#10943,#10944,#10945);
#10943 = CARTESIAN_POINT('',(176.46,-88.2,-4.6E-02));
#10944 = DIRECTION('',(-0.,-0.,-1.));
#10945 = DIRECTION('',(-0.,-1.,0.));
#10946 = ADVANCED_FACE('',(#10947),#10958,.F.);
#10947 = FACE_BOUND('',#10948,.T.);
#10948 = EDGE_LOOP('',(#10949,#10950,#10956,#10957));
#10949 = ORIENTED_EDGE('',*,*,#9275,.T.);
#10950 = ORIENTED_EDGE('',*,*,#10951,.T.);
#10951 = EDGE_CURVE('',#9276,#9942,#10952,.T.);
#10952 = LINE('',#10953,#10954);
#10953 = CARTESIAN_POINT('',(181.54,-89.05,-4.6E-02));
#10954 = VECTOR('',#10955,1.);
#10955 = DIRECTION('',(0.,0.,1.));
#10956 = ORIENTED_EDGE('',*,*,#9941,.F.);
#10957 = ORIENTED_EDGE('',*,*,#10951,.F.);
#10958 = CYLINDRICAL_SURFACE('',#10959,0.85);
#10959 = AXIS2_PLACEMENT_3D('',#10960,#10961,#10962);
#10960 = CARTESIAN_POINT('',(181.54,-88.2,-4.6E-02));
#10961 = DIRECTION('',(-0.,-0.,-1.));
#10962 = DIRECTION('',(-0.,-1.,0.));
#10963 = ADVANCED_FACE('',(#10964),#10975,.F.);
#10964 = FACE_BOUND('',#10965,.T.);
#10965 = EDGE_LOOP('',(#10966,#10967,#10973,#10974));
#10966 = ORIENTED_EDGE('',*,*,#9286,.T.);
#10967 = ORIENTED_EDGE('',*,*,#10968,.T.);
#10968 = EDGE_CURVE('',#9287,#9953,#10969,.T.);
#10969 = LINE('',#10970,#10971);
#10970 = CARTESIAN_POINT('',(179.,-83.87,-4.6E-02));
#10971 = VECTOR('',#10972,1.);
#10972 = DIRECTION('',(0.,0.,1.));
#10973 = ORIENTED_EDGE('',*,*,#9952,.F.);
#10974 = ORIENTED_EDGE('',*,*,#10968,.F.);
#10975 = CYLINDRICAL_SURFACE('',#10976,0.75);
#10976 = AXIS2_PLACEMENT_3D('',#10977,#10978,#10979);
#10977 = CARTESIAN_POINT('',(179.,-83.12,-4.6E-02));
#10978 = DIRECTION('',(-0.,-0.,-1.));
#10979 = DIRECTION('',(-0.,-1.,0.));
#10980 = ( GEOMETRIC_REPRESENTATION_CONTEXT(3) 
GLOBAL_UNCERTAINTY_ASSIGNED_CONTEXT((#10984)) 
GLOBAL_UNIT_ASSIGNED_CONTEXT((#10981,#10982,#10983)) 
REPRESENTATION_CONTEXT('Context #1',
  '3D Context with UNIT and UNCERTAINTY') );
#10981 = ( LENGTH_UNIT() NAMED_UNIT(*) SI_UNIT(.MILLI.,.METRE.) );
#10982 = ( NAMED_UNIT(*) PLANE_ANGLE_UNIT() SI_UNIT($,.RADIAN.) );
#10983 = ( NAMED_UNIT(*) SI_UNIT($,.STERADIAN.) SOLID_ANGLE_UNIT() );
#10984 = UNCERTAINTY_MEASURE_WITH_UNIT(LENGTH_MEASURE(1.E-07),#10981,
  'distance_accuracy_value','confusion accuracy');
#10985 = CONTEXT_DEPENDENT_SHAPE_REPRESENTATION(#10986,#10988);
#10986 = ( REPRESENTATION_RELATIONSHIP('','',#8528,#10) 
REPRESENTATION_RELATIONSHIP_WITH_TRANSFORMATION(#10987) 
SHAPE_REPRESENTATION_RELATIONSHIP() );
#10987 = ITEM_DEFINED_TRANSFORMATION('','',#11,#91);
#10988 = PRODUCT_DEFINITION_SHAPE('Placement','Placement of an item',
  #10989);
#10989 = NEXT_ASSEMBLY_USAGE_OCCURRENCE('20','=>[0:1:1:5]','',#5,#8523,$
  );
#10990 = PRODUCT_RELATED_PRODUCT_CATEGORY('part',$,(#8525));
#10991 = MECHANICAL_DESIGN_GEOMETRIC_PRESENTATION_REPRESENTATION('',(
    #10992,#11000,#11007,#11014,#11021,#11028,#11035,#11042,#11050,
    #11057,#11064,#11071,#11078,#11085,#11093,#11100,#11107,#11114,
    #11121,#11128,#11135,#11142,#11149,#11156,#11163,#11170),#2441);
#10992 = STYLED_ITEM('color',(#10993),#1653);
#10993 = PRESENTATION_STYLE_ASSIGNMENT((#10994));
#10994 = SURFACE_STYLE_USAGE(.BOTH.,#10995);
#10995 = SURFACE_SIDE_STYLE('',(#10996));
#10996 = SURFACE_STYLE_FILL_AREA(#10997);
#10997 = FILL_AREA_STYLE('',(#10998));
#10998 = FILL_AREA_STYLE_COLOUR('',#10999);
#10999 = COLOUR_RGB('',0.823999987314,0.819999987296,0.781000009244);
#11000 = STYLED_ITEM('color',(#11001),#1693);
#11001 = PRESENTATION_STYLE_ASSIGNMENT((#11002));
#11002 = SURFACE_STYLE_USAGE(.BOTH.,#11003);
#11003 = SURFACE_SIDE_STYLE('',(#11004));
#11004 = SURFACE_STYLE_FILL_AREA(#11005);
#11005 = FILL_AREA_STYLE('',(#11006));
#11006 = FILL_AREA_STYLE_COLOUR('',#10999);
#11007 = STYLED_ITEM('color',(#11008),#1776);
#11008 = PRESENTATION_STYLE_ASSIGNMENT((#11009));
#11009 = SURFACE_STYLE_USAGE(.BOTH.,#11010);
#11010 = SURFACE_SIDE_STYLE('',(#11011));
#11011 = SURFACE_STYLE_FILL_AREA(#11012);
#11012 = FILL_AREA_STYLE('',(#11013));
#11013 = FILL_AREA_STYLE_COLOUR('',#10999);
#11014 = STYLED_ITEM('color',(#11015),#1801);
#11015 = PRESENTATION_STYLE_ASSIGNMENT((#11016));
#11016 = SURFACE_STYLE_USAGE(.BOTH.,#11017);
#11017 = SURFACE_SIDE_STYLE('',(#11018));
#11018 = SURFACE_STYLE_FILL_AREA(#11019);
#11019 = FILL_AREA_STYLE('',(#11020));
#11020 = FILL_AREA_STYLE_COLOUR('',#10999);
#11021 = STYLED_ITEM('color',(#11022),#1826);
#11022 = PRESENTATION_STYLE_ASSIGNMENT((#11023));
#11023 = SURFACE_STYLE_USAGE(.BOTH.,#11024);
#11024 = SURFACE_SIDE_STYLE('',(#11025));
#11025 = SURFACE_STYLE_FILL_AREA(#11026);
#11026 = FILL_AREA_STYLE('',(#11027));
#11027 = FILL_AREA_STYLE_COLOUR('',#10999);
#11028 = STYLED_ITEM('color',(#11029),#1893);
#11029 = PRESENTATION_STYLE_ASSIGNMENT((#11030));
#11030 = SURFACE_STYLE_USAGE(.BOTH.,#11031);
#11031 = SURFACE_SIDE_STYLE('',(#11032));
#11032 = SURFACE_STYLE_FILL_AREA(#11033);
#11033 = FILL_AREA_STYLE('',(#11034));
#11034 = FILL_AREA_STYLE_COLOUR('',#10999);
#11035 = STYLED_ITEM('color',(#11036),#1910);
#11036 = PRESENTATION_STYLE_ASSIGNMENT((#11037));
#11037 = SURFACE_STYLE_USAGE(.BOTH.,#11038);
#11038 = SURFACE_SIDE_STYLE('',(#11039));
#11039 = SURFACE_STYLE_FILL_AREA(#11040);
#11040 = FILL_AREA_STYLE('',(#11041));
#11041 = FILL_AREA_STYLE_COLOUR('',#10999);
#11042 = STYLED_ITEM('color',(#11043),#1927);
#11043 = PRESENTATION_STYLE_ASSIGNMENT((#11044));
#11044 = SURFACE_STYLE_USAGE(.BOTH.,#11045);
#11045 = SURFACE_SIDE_STYLE('',(#11046));
#11046 = SURFACE_STYLE_FILL_AREA(#11047);
#11047 = FILL_AREA_STYLE('',(#11048));
#11048 = FILL_AREA_STYLE_COLOUR('',#11049);
#11049 = COLOUR_RGB('',0.894999966383,0.890999961016,0.813000030345);
#11050 = STYLED_ITEM('color',(#11051),#1976);
#11051 = PRESENTATION_STYLE_ASSIGNMENT((#11052));
#11052 = SURFACE_STYLE_USAGE(.BOTH.,#11053);
#11053 = SURFACE_SIDE_STYLE('',(#11054));
#11054 = SURFACE_STYLE_FILL_AREA(#11055);
#11055 = FILL_AREA_STYLE('',(#11056));
#11056 = FILL_AREA_STYLE_COLOUR('',#10999);
#11057 = STYLED_ITEM('color',(#11058),#1993);
#11058 = PRESENTATION_STYLE_ASSIGNMENT((#11059));
#11059 = SURFACE_STYLE_USAGE(.BOTH.,#11060);
#11060 = SURFACE_SIDE_STYLE('',(#11061));
#11061 = SURFACE_STYLE_FILL_AREA(#11062);
#11062 = FILL_AREA_STYLE('',(#11063));
#11063 = FILL_AREA_STYLE_COLOUR('',#10999);
#11064 = STYLED_ITEM('color',(#11065),#2010);
#11065 = PRESENTATION_STYLE_ASSIGNMENT((#11066));
#11066 = SURFACE_STYLE_USAGE(.BOTH.,#11067);
#11067 = SURFACE_SIDE_STYLE('',(#11068));
#11068 = SURFACE_STYLE_FILL_AREA(#11069);
#11069 = FILL_AREA_STYLE('',(#11070));
#11070 = FILL_AREA_STYLE_COLOUR('',#11049);
#11071 = STYLED_ITEM('color',(#11072),#2059);
#11072 = PRESENTATION_STYLE_ASSIGNMENT((#11073));
#11073 = SURFACE_STYLE_USAGE(.BOTH.,#11074);
#11074 = SURFACE_SIDE_STYLE('',(#11075));
#11075 = SURFACE_STYLE_FILL_AREA(#11076);
#11076 = FILL_AREA_STYLE('',(#11077));
#11077 = FILL_AREA_STYLE_COLOUR('',#11049);
#11078 = STYLED_ITEM('color',(#11079),#2076);
#11079 = PRESENTATION_STYLE_ASSIGNMENT((#11080));
#11080 = SURFACE_STYLE_USAGE(.BOTH.,#11081);
#11081 = SURFACE_SIDE_STYLE('',(#11082));
#11082 = SURFACE_STYLE_FILL_AREA(#11083);
#11083 = FILL_AREA_STYLE('',(#11084));
#11084 = FILL_AREA_STYLE_COLOUR('',#10999);
#11085 = STYLED_ITEM('color',(#11086),#2145);
#11086 = PRESENTATION_STYLE_ASSIGNMENT((#11087));
#11087 = SURFACE_STYLE_USAGE(.BOTH.,#11088);
#11088 = SURFACE_SIDE_STYLE('',(#11089));
#11089 = SURFACE_STYLE_FILL_AREA(#11090);
#11090 = FILL_AREA_STYLE('',(#11091));
#11091 = FILL_AREA_STYLE_COLOUR('',#11092);
#11092 = COLOUR_RGB('',8.200000279077E-02,8.600000121357E-02,
  9.399999706163E-02);
#11093 = STYLED_ITEM('color',(#11094),#2176);
#11094 = PRESENTATION_STYLE_ASSIGNMENT((#11095));
#11095 = SURFACE_STYLE_USAGE(.BOTH.,#11096);
#11096 = SURFACE_SIDE_STYLE('',(#11097));
#11097 = SURFACE_STYLE_FILL_AREA(#11098);
#11098 = FILL_AREA_STYLE('',(#11099));
#11099 = FILL_AREA_STYLE_COLOUR('',#11092);
#11100 = STYLED_ITEM('color',(#11101),#2200);
#11101 = PRESENTATION_STYLE_ASSIGNMENT((#11102));
#11102 = SURFACE_STYLE_USAGE(.BOTH.,#11103);
#11103 = SURFACE_SIDE_STYLE('',(#11104));
#11104 = SURFACE_STYLE_FILL_AREA(#11105);
#11105 = FILL_AREA_STYLE('',(#11106));
#11106 = FILL_AREA_STYLE_COLOUR('',#10999);
#11107 = STYLED_ITEM('color',(#11108),#2269);
#11108 = PRESENTATION_STYLE_ASSIGNMENT((#11109));
#11109 = SURFACE_STYLE_USAGE(.BOTH.,#11110);
#11110 = SURFACE_SIDE_STYLE('',(#11111));
#11111 = SURFACE_STYLE_FILL_AREA(#11112);
#11112 = FILL_AREA_STYLE('',(#11113));
#11113 = FILL_AREA_STYLE_COLOUR('',#11092);
#11114 = STYLED_ITEM('color',(#11115),#2293);
#11115 = PRESENTATION_STYLE_ASSIGNMENT((#11116));
#11116 = SURFACE_STYLE_USAGE(.BOTH.,#11117);
#11117 = SURFACE_SIDE_STYLE('',(#11118));
#11118 = SURFACE_STYLE_FILL_AREA(#11119);
#11119 = FILL_AREA_STYLE('',(#11120));
#11120 = FILL_AREA_STYLE_COLOUR('',#10999);
#11121 = STYLED_ITEM('color',(#11122),#2310);
#11122 = PRESENTATION_STYLE_ASSIGNMENT((#11123));
#11123 = SURFACE_STYLE_USAGE(.BOTH.,#11124);
#11124 = SURFACE_SIDE_STYLE('',(#11125));
#11125 = SURFACE_STYLE_FILL_AREA(#11126);
#11126 = FILL_AREA_STYLE('',(#11127));
#11127 = FILL_AREA_STYLE_COLOUR('',#10999);
#11128 = STYLED_ITEM('color',(#11129),#2327);
#11129 = PRESENTATION_STYLE_ASSIGNMENT((#11130));
#11130 = SURFACE_STYLE_USAGE(.BOTH.,#11131);
#11131 = SURFACE_SIDE_STYLE('',(#11132));
#11132 = SURFACE_STYLE_FILL_AREA(#11133);
#11133 = FILL_AREA_STYLE('',(#11134));
#11134 = FILL_AREA_STYLE_COLOUR('',#10999);
#11135 = STYLED_ITEM('color',(#11136),#2344);
#11136 = PRESENTATION_STYLE_ASSIGNMENT((#11137));
#11137 = SURFACE_STYLE_USAGE(.BOTH.,#11138);
#11138 = SURFACE_SIDE_STYLE('',(#11139));
#11139 = SURFACE_STYLE_FILL_AREA(#11140);
#11140 = FILL_AREA_STYLE('',(#11141));
#11141 = FILL_AREA_STYLE_COLOUR('',#10999);
#11142 = STYLED_ITEM('color',(#11143),#2361);
#11143 = PRESENTATION_STYLE_ASSIGNMENT((#11144));
#11144 = SURFACE_STYLE_USAGE(.BOTH.,#11145);
#11145 = SURFACE_SIDE_STYLE('',(#11146));
#11146 = SURFACE_STYLE_FILL_AREA(#11147);
#11147 = FILL_AREA_STYLE('',(#11148));
#11148 = FILL_AREA_STYLE_COLOUR('',#10999);
#11149 = STYLED_ITEM('color',(#11150),#2378);
#11150 = PRESENTATION_STYLE_ASSIGNMENT((#11151));
#11151 = SURFACE_STYLE_USAGE(.BOTH.,#11152);
#11152 = SURFACE_SIDE_STYLE('',(#11153));
#11153 = SURFACE_STYLE_FILL_AREA(#11154);
#11154 = FILL_AREA_STYLE('',(#11155));
#11155 = FILL_AREA_STYLE_COLOUR('',#10999);
#11156 = STYLED_ITEM('color',(#11157),#2395);
#11157 = PRESENTATION_STYLE_ASSIGNMENT((#11158));
#11158 = SURFACE_STYLE_USAGE(.BOTH.,#11159);
#11159 = SURFACE_SIDE_STYLE('',(#11160));
#11160 = SURFACE_STYLE_FILL_AREA(#11161);
#11161 = FILL_AREA_STYLE('',(#11162));
#11162 = FILL_AREA_STYLE_COLOUR('',#10999);
#11163 = STYLED_ITEM('color',(#11164),#2412);
#11164 = PRESENTATION_STYLE_ASSIGNMENT((#11165));
#11165 = SURFACE_STYLE_USAGE(.BOTH.,#11166);
#11166 = SURFACE_SIDE_STYLE('',(#11167));
#11167 = SURFACE_STYLE_FILL_AREA(#11168);
#11168 = FILL_AREA_STYLE('',(#11169));
#11169 = FILL_AREA_STYLE_COLOUR('',#11092);
#11170 = STYLED_ITEM('color',(#11171),#2429);
#11171 = PRESENTATION_STYLE_ASSIGNMENT((#11172));
#11172 = SURFACE_STYLE_USAGE(.BOTH.,#11173);
#11173 = SURFACE_SIDE_STYLE('',(#11174));
#11174 = SURFACE_STYLE_FILL_AREA(#11175);
#11175 = FILL_AREA_STYLE('',(#11176));
#11176 = FILL_AREA_STYLE_COLOUR('',#11092);
#11177 = MECHANICAL_DESIGN_GEOMETRIC_PRESENTATION_REPRESENTATION('',(
    #11178),#10980);
#11178 = STYLED_ITEM('color',(#11179),#8529);
#11179 = PRESENTATION_STYLE_ASSIGNMENT((#11180));
#11180 = SURFACE_STYLE_USAGE(.BOTH.,#11181);
#11181 = SURFACE_SIDE_STYLE('',(#11182));
#11182 = SURFACE_STYLE_FILL_AREA(#11183);
#11183 = FILL_AREA_STYLE('',(#11184));
#11184 = FILL_AREA_STYLE_COLOUR('',#11185);
#11185 = COLOUR_RGB('',0.313304153717,0.484529207832,0.410020903123);
#11186 = MECHANICAL_DESIGN_GEOMETRIC_PRESENTATION_REPRESENTATION('',(
    #11187,#11194,#11201,#11208,#11215,#11222,#11229,#11236,#11244,
    #11251,#11258,#11265,#11272,#11279,#11286,#11293,#11300,#11307,
    #11314,#11321,#11328,#11335,#11342,#11349,#11356,#11363,#11370,
    #11377,#11384,#11391,#11398,#11405,#11412,#11419,#11426,#11433,
    #11441,#11448,#11455,#11462,#11469,#11476,#11483,#11490,#11497,
    #11504,#11511,#11518,#11525,#11532),#1632);
#11187 = STYLED_ITEM('color',(#11188),#111);
#11188 = PRESENTATION_STYLE_ASSIGNMENT((#11189));
#11189 = SURFACE_STYLE_USAGE(.BOTH.,#11190);
#11190 = SURFACE_SIDE_STYLE('',(#11191));
#11191 = SURFACE_STYLE_FILL_AREA(#11192);
#11192 = FILL_AREA_STYLE('',(#11193));
#11193 = FILL_AREA_STYLE_COLOUR('',#11049);
#11194 = STYLED_ITEM('color',(#11195),#151);
#11195 = PRESENTATION_STYLE_ASSIGNMENT((#11196));
#11196 = SURFACE_STYLE_USAGE(.BOTH.,#11197);
#11197 = SURFACE_SIDE_STYLE('',(#11198));
#11198 = SURFACE_STYLE_FILL_AREA(#11199);
#11199 = FILL_AREA_STYLE('',(#11200));
#11200 = FILL_AREA_STYLE_COLOUR('',#11049);
#11201 = STYLED_ITEM('color',(#11202),#198);
#11202 = PRESENTATION_STYLE_ASSIGNMENT((#11203));
#11203 = SURFACE_STYLE_USAGE(.BOTH.,#11204);
#11204 = SURFACE_SIDE_STYLE('',(#11205));
#11205 = SURFACE_STYLE_FILL_AREA(#11206);
#11206 = FILL_AREA_STYLE('',(#11207));
#11207 = FILL_AREA_STYLE_COLOUR('',#11049);
#11208 = STYLED_ITEM('color',(#11209),#277);
#11209 = PRESENTATION_STYLE_ASSIGNMENT((#11210));
#11210 = SURFACE_STYLE_USAGE(.BOTH.,#11211);
#11211 = SURFACE_SIDE_STYLE('',(#11212));
#11212 = SURFACE_STYLE_FILL_AREA(#11213);
#11213 = FILL_AREA_STYLE('',(#11214));
#11214 = FILL_AREA_STYLE_COLOUR('',#11049);
#11215 = STYLED_ITEM('color',(#11216),#301);
#11216 = PRESENTATION_STYLE_ASSIGNMENT((#11217));
#11217 = SURFACE_STYLE_USAGE(.BOTH.,#11218);
#11218 = SURFACE_SIDE_STYLE('',(#11219));
#11219 = SURFACE_STYLE_FILL_AREA(#11220);
#11220 = FILL_AREA_STYLE('',(#11221));
#11221 = FILL_AREA_STYLE_COLOUR('',#11049);
#11222 = STYLED_ITEM('color',(#11223),#341);
#11223 = PRESENTATION_STYLE_ASSIGNMENT((#11224));
#11224 = SURFACE_STYLE_USAGE(.BOTH.,#11225);
#11225 = SURFACE_SIDE_STYLE('',(#11226));
#11226 = SURFACE_STYLE_FILL_AREA(#11227);
#11227 = FILL_AREA_STYLE('',(#11228));
#11228 = FILL_AREA_STYLE_COLOUR('',#11049);
#11229 = STYLED_ITEM('color',(#11230),#372);
#11230 = PRESENTATION_STYLE_ASSIGNMENT((#11231));
#11231 = SURFACE_STYLE_USAGE(.BOTH.,#11232);
#11232 = SURFACE_SIDE_STYLE('',(#11233));
#11233 = SURFACE_STYLE_FILL_AREA(#11234);
#11234 = FILL_AREA_STYLE('',(#11235));
#11235 = FILL_AREA_STYLE_COLOUR('',#11049);
#11236 = STYLED_ITEM('color',(#11237),#389);
#11237 = PRESENTATION_STYLE_ASSIGNMENT((#11238));
#11238 = SURFACE_STYLE_USAGE(.BOTH.,#11239);
#11239 = SURFACE_SIDE_STYLE('',(#11240));
#11240 = SURFACE_STYLE_FILL_AREA(#11241);
#11241 = FILL_AREA_STYLE('',(#11242));
#11242 = FILL_AREA_STYLE_COLOUR('',#11243);
#11243 = COLOUR_RGB('',0.859000020776,0.737999965183,0.495999988746);
#11244 = STYLED_ITEM('color',(#11245),#422);
#11245 = PRESENTATION_STYLE_ASSIGNMENT((#11246));
#11246 = SURFACE_STYLE_USAGE(.BOTH.,#11247);
#11247 = SURFACE_SIDE_STYLE('',(#11248));
#11248 = SURFACE_STYLE_FILL_AREA(#11249);
#11249 = FILL_AREA_STYLE('',(#11250));
#11250 = FILL_AREA_STYLE_COLOUR('',#11049);
#11251 = STYLED_ITEM('color',(#11252),#446);
#11252 = PRESENTATION_STYLE_ASSIGNMENT((#11253));
#11253 = SURFACE_STYLE_USAGE(.BOTH.,#11254);
#11254 = SURFACE_SIDE_STYLE('',(#11255));
#11255 = SURFACE_STYLE_FILL_AREA(#11256);
#11256 = FILL_AREA_STYLE('',(#11257));
#11257 = FILL_AREA_STYLE_COLOUR('',#11243);
#11258 = STYLED_ITEM('color',(#11259),#513);
#11259 = PRESENTATION_STYLE_ASSIGNMENT((#11260));
#11260 = SURFACE_STYLE_USAGE(.BOTH.,#11261);
#11261 = SURFACE_SIDE_STYLE('',(#11262));
#11262 = SURFACE_STYLE_FILL_AREA(#11263);
#11263 = FILL_AREA_STYLE('',(#11264));
#11264 = FILL_AREA_STYLE_COLOUR('',#11049);
#11265 = STYLED_ITEM('color',(#11266),#634);
#11266 = PRESENTATION_STYLE_ASSIGNMENT((#11267));
#11267 = SURFACE_STYLE_USAGE(.BOTH.,#11268);
#11268 = SURFACE_SIDE_STYLE('',(#11269));
#11269 = SURFACE_STYLE_FILL_AREA(#11270);
#11270 = FILL_AREA_STYLE('',(#11271));
#11271 = FILL_AREA_STYLE_COLOUR('',#11243);
#11272 = STYLED_ITEM('color',(#11273),#701);
#11273 = PRESENTATION_STYLE_ASSIGNMENT((#11274));
#11274 = SURFACE_STYLE_USAGE(.BOTH.,#11275);
#11275 = SURFACE_SIDE_STYLE('',(#11276));
#11276 = SURFACE_STYLE_FILL_AREA(#11277);
#11277 = FILL_AREA_STYLE('',(#11278));
#11278 = FILL_AREA_STYLE_COLOUR('',#11049);
#11279 = STYLED_ITEM('color',(#11280),#725);
#11280 = PRESENTATION_STYLE_ASSIGNMENT((#11281));
#11281 = SURFACE_STYLE_USAGE(.BOTH.,#11282);
#11282 = SURFACE_SIDE_STYLE('',(#11283));
#11283 = SURFACE_STYLE_FILL_AREA(#11284);
#11284 = FILL_AREA_STYLE('',(#11285));
#11285 = FILL_AREA_STYLE_COLOUR('',#11049);
#11286 = STYLED_ITEM('color',(#11287),#756);
#11287 = PRESENTATION_STYLE_ASSIGNMENT((#11288));
#11288 = SURFACE_STYLE_USAGE(.BOTH.,#11289);
#11289 = SURFACE_SIDE_STYLE('',(#11290));
#11290 = SURFACE_STYLE_FILL_AREA(#11291);
#11291 = FILL_AREA_STYLE('',(#11292));
#11292 = FILL_AREA_STYLE_COLOUR('',#11243);
#11293 = STYLED_ITEM('color',(#11294),#789);
#11294 = PRESENTATION_STYLE_ASSIGNMENT((#11295));
#11295 = SURFACE_STYLE_USAGE(.BOTH.,#11296);
#11296 = SURFACE_SIDE_STYLE('',(#11297));
#11297 = SURFACE_STYLE_FILL_AREA(#11298);
#11298 = FILL_AREA_STYLE('',(#11299));
#11299 = FILL_AREA_STYLE_COLOUR('',#11049);
#11300 = STYLED_ITEM('color',(#11301),#845);
#11301 = PRESENTATION_STYLE_ASSIGNMENT((#11302));
#11302 = SURFACE_STYLE_USAGE(.BOTH.,#11303);
#11303 = SURFACE_SIDE_STYLE('',(#11304));
#11304 = SURFACE_STYLE_FILL_AREA(#11305);
#11305 = FILL_AREA_STYLE('',(#11306));
#11306 = FILL_AREA_STYLE_COLOUR('',#11243);
#11307 = STYLED_ITEM('color',(#11308),#869);
#11308 = PRESENTATION_STYLE_ASSIGNMENT((#11309));
#11309 = SURFACE_STYLE_USAGE(.BOTH.,#11310);
#11310 = SURFACE_SIDE_STYLE('',(#11311));
#11311 = SURFACE_STYLE_FILL_AREA(#11312);
#11312 = FILL_AREA_STYLE('',(#11313));
#11313 = FILL_AREA_STYLE_COLOUR('',#11243);
#11314 = STYLED_ITEM('color',(#11315),#893);
#11315 = PRESENTATION_STYLE_ASSIGNMENT((#11316));
#11316 = SURFACE_STYLE_USAGE(.BOTH.,#11317);
#11317 = SURFACE_SIDE_STYLE('',(#11318));
#11318 = SURFACE_STYLE_FILL_AREA(#11319);
#11319 = FILL_AREA_STYLE('',(#11320));
#11320 = FILL_AREA_STYLE_COLOUR('',#11243);
#11321 = STYLED_ITEM('color',(#11322),#917);
#11322 = PRESENTATION_STYLE_ASSIGNMENT((#11323));
#11323 = SURFACE_STYLE_USAGE(.BOTH.,#11324);
#11324 = SURFACE_SIDE_STYLE('',(#11325));
#11325 = SURFACE_STYLE_FILL_AREA(#11326);
#11326 = FILL_AREA_STYLE('',(#11327));
#11327 = FILL_AREA_STYLE_COLOUR('',#11243);
#11328 = STYLED_ITEM('color',(#11329),#950);
#11329 = PRESENTATION_STYLE_ASSIGNMENT((#11330));
#11330 = SURFACE_STYLE_USAGE(.BOTH.,#11331);
#11331 = SURFACE_SIDE_STYLE('',(#11332));
#11332 = SURFACE_STYLE_FILL_AREA(#11333);
#11333 = FILL_AREA_STYLE('',(#11334));
#11334 = FILL_AREA_STYLE_COLOUR('',#11243);
#11335 = STYLED_ITEM('color',(#11336),#962);
#11336 = PRESENTATION_STYLE_ASSIGNMENT((#11337));
#11337 = SURFACE_STYLE_USAGE(.BOTH.,#11338);
#11338 = SURFACE_SIDE_STYLE('',(#11339));
#11339 = SURFACE_STYLE_FILL_AREA(#11340);
#11340 = FILL_AREA_STYLE('',(#11341));
#11341 = FILL_AREA_STYLE_COLOUR('',#11243);
#11342 = STYLED_ITEM('color',(#11343),#1025);
#11343 = PRESENTATION_STYLE_ASSIGNMENT((#11344));
#11344 = SURFACE_STYLE_USAGE(.BOTH.,#11345);
#11345 = SURFACE_SIDE_STYLE('',(#11346));
#11346 = SURFACE_STYLE_FILL_AREA(#11347);
#11347 = FILL_AREA_STYLE('',(#11348));
#11348 = FILL_AREA_STYLE_COLOUR('',#11243);
#11349 = STYLED_ITEM('color',(#11350),#1050);
#11350 = PRESENTATION_STYLE_ASSIGNMENT((#11351));
#11351 = SURFACE_STYLE_USAGE(.BOTH.,#11352);
#11352 = SURFACE_SIDE_STYLE('',(#11353));
#11353 = SURFACE_STYLE_FILL_AREA(#11354);
#11354 = FILL_AREA_STYLE('',(#11355));
#11355 = FILL_AREA_STYLE_COLOUR('',#11243);
#11356 = STYLED_ITEM('color',(#11357),#1067);
#11357 = PRESENTATION_STYLE_ASSIGNMENT((#11358));
#11358 = SURFACE_STYLE_USAGE(.BOTH.,#11359);
#11359 = SURFACE_SIDE_STYLE('',(#11360));
#11360 = SURFACE_STYLE_FILL_AREA(#11361);
#11361 = FILL_AREA_STYLE('',(#11362));
#11362 = FILL_AREA_STYLE_COLOUR('',#11243);
#11363 = STYLED_ITEM('color',(#11364),#1091);
#11364 = PRESENTATION_STYLE_ASSIGNMENT((#11365));
#11365 = SURFACE_STYLE_USAGE(.BOTH.,#11366);
#11366 = SURFACE_SIDE_STYLE('',(#11367));
#11367 = SURFACE_STYLE_FILL_AREA(#11368);
#11368 = FILL_AREA_STYLE('',(#11369));
#11369 = FILL_AREA_STYLE_COLOUR('',#11243);
#11370 = STYLED_ITEM('color',(#11371),#1109);
#11371 = PRESENTATION_STYLE_ASSIGNMENT((#11372));
#11372 = SURFACE_STYLE_USAGE(.BOTH.,#11373);
#11373 = SURFACE_SIDE_STYLE('',(#11374));
#11374 = SURFACE_STYLE_FILL_AREA(#11375);
#11375 = FILL_AREA_STYLE('',(#11376));
#11376 = FILL_AREA_STYLE_COLOUR('',#11243);
#11377 = STYLED_ITEM('color',(#11378),#1127);
#11378 = PRESENTATION_STYLE_ASSIGNMENT((#11379));
#11379 = SURFACE_STYLE_USAGE(.BOTH.,#11380);
#11380 = SURFACE_SIDE_STYLE('',(#11381));
#11381 = SURFACE_STYLE_FILL_AREA(#11382);
#11382 = FILL_AREA_STYLE('',(#11383));
#11383 = FILL_AREA_STYLE_COLOUR('',#11243);
#11384 = STYLED_ITEM('color',(#11385),#1145);
#11385 = PRESENTATION_STYLE_ASSIGNMENT((#11386));
#11386 = SURFACE_STYLE_USAGE(.BOTH.,#11387);
#11387 = SURFACE_SIDE_STYLE('',(#11388));
#11388 = SURFACE_STYLE_FILL_AREA(#11389);
#11389 = FILL_AREA_STYLE('',(#11390));
#11390 = FILL_AREA_STYLE_COLOUR('',#11243);
#11391 = STYLED_ITEM('color',(#11392),#1162);
#11392 = PRESENTATION_STYLE_ASSIGNMENT((#11393));
#11393 = SURFACE_STYLE_USAGE(.BOTH.,#11394);
#11394 = SURFACE_SIDE_STYLE('',(#11395));
#11395 = SURFACE_STYLE_FILL_AREA(#11396);
#11396 = FILL_AREA_STYLE('',(#11397));
#11397 = FILL_AREA_STYLE_COLOUR('',#11243);
#11398 = STYLED_ITEM('color',(#11399),#1179);
#11399 = PRESENTATION_STYLE_ASSIGNMENT((#11400));
#11400 = SURFACE_STYLE_USAGE(.BOTH.,#11401);
#11401 = SURFACE_SIDE_STYLE('',(#11402));
#11402 = SURFACE_STYLE_FILL_AREA(#11403);
#11403 = FILL_AREA_STYLE('',(#11404));
#11404 = FILL_AREA_STYLE_COLOUR('',#11243);
#11405 = STYLED_ITEM('color',(#11406),#1210);
#11406 = PRESENTATION_STYLE_ASSIGNMENT((#11407));
#11407 = SURFACE_STYLE_USAGE(.BOTH.,#11408);
#11408 = SURFACE_SIDE_STYLE('',(#11409));
#11409 = SURFACE_STYLE_FILL_AREA(#11410);
#11410 = FILL_AREA_STYLE('',(#11411));
#11411 = FILL_AREA_STYLE_COLOUR('',#11243);
#11412 = STYLED_ITEM('color',(#11413),#1235);
#11413 = PRESENTATION_STYLE_ASSIGNMENT((#11414));
#11414 = SURFACE_STYLE_USAGE(.BOTH.,#11415);
#11415 = SURFACE_SIDE_STYLE('',(#11416));
#11416 = SURFACE_STYLE_FILL_AREA(#11417);
#11417 = FILL_AREA_STYLE('',(#11418));
#11418 = FILL_AREA_STYLE_COLOUR('',#11243);
#11419 = STYLED_ITEM('color',(#11420),#1260);
#11420 = PRESENTATION_STYLE_ASSIGNMENT((#11421));
#11421 = SURFACE_STYLE_USAGE(.BOTH.,#11422);
#11422 = SURFACE_SIDE_STYLE('',(#11423));
#11423 = SURFACE_STYLE_FILL_AREA(#11424);
#11424 = FILL_AREA_STYLE('',(#11425));
#11425 = FILL_AREA_STYLE_COLOUR('',#11243);
#11426 = STYLED_ITEM('color',(#11427),#1284);
#11427 = PRESENTATION_STYLE_ASSIGNMENT((#11428));
#11428 = SURFACE_STYLE_USAGE(.BOTH.,#11429);
#11429 = SURFACE_SIDE_STYLE('',(#11430));
#11430 = SURFACE_STYLE_FILL_AREA(#11431);
#11431 = FILL_AREA_STYLE('',(#11432));
#11432 = FILL_AREA_STYLE_COLOUR('',#11243);
#11433 = STYLED_ITEM('color',(#11434),#1301);
#11434 = PRESENTATION_STYLE_ASSIGNMENT((#11435));
#11435 = SURFACE_STYLE_USAGE(.BOTH.,#11436);
#11436 = SURFACE_SIDE_STYLE('',(#11437));
#11437 = SURFACE_STYLE_FILL_AREA(#11438);
#11438 = FILL_AREA_STYLE('',(#11439));
#11439 = FILL_AREA_STYLE_COLOUR('',#11440);
#11440 = COLOUR_RGB('',0.340000006699,0.68000001254,0.444999988852);
#11441 = STYLED_ITEM('color',(#11442),#1332);
#11442 = PRESENTATION_STYLE_ASSIGNMENT((#11443));
#11443 = SURFACE_STYLE_USAGE(.BOTH.,#11444);
#11444 = SURFACE_SIDE_STYLE('',(#11445));
#11445 = SURFACE_STYLE_FILL_AREA(#11446);
#11446 = FILL_AREA_STYLE('',(#11447));
#11447 = FILL_AREA_STYLE_COLOUR('',#11440);
#11448 = STYLED_ITEM('color',(#11449),#1356);
#11449 = PRESENTATION_STYLE_ASSIGNMENT((#11450));
#11450 = SURFACE_STYLE_USAGE(.BOTH.,#11451);
#11451 = SURFACE_SIDE_STYLE('',(#11452));
#11452 = SURFACE_STYLE_FILL_AREA(#11453);
#11453 = FILL_AREA_STYLE('',(#11454));
#11454 = FILL_AREA_STYLE_COLOUR('',#11440);
#11455 = STYLED_ITEM('color',(#11456),#1373);
#11456 = PRESENTATION_STYLE_ASSIGNMENT((#11457));
#11457 = SURFACE_STYLE_USAGE(.BOTH.,#11458);
#11458 = SURFACE_SIDE_STYLE('',(#11459));
#11459 = SURFACE_STYLE_FILL_AREA(#11460);
#11460 = FILL_AREA_STYLE('',(#11461));
#11461 = FILL_AREA_STYLE_COLOUR('',#11243);
#11462 = STYLED_ITEM('color',(#11463),#1401);
#11463 = PRESENTATION_STYLE_ASSIGNMENT((#11464));
#11464 = SURFACE_STYLE_USAGE(.BOTH.,#11465);
#11465 = SURFACE_SIDE_STYLE('',(#11466));
#11466 = SURFACE_STYLE_FILL_AREA(#11467);
#11467 = FILL_AREA_STYLE('',(#11468));
#11468 = FILL_AREA_STYLE_COLOUR('',#11243);
#11469 = STYLED_ITEM('color',(#11470),#1426);
#11470 = PRESENTATION_STYLE_ASSIGNMENT((#11471));
#11471 = SURFACE_STYLE_USAGE(.BOTH.,#11472);
#11472 = SURFACE_SIDE_STYLE('',(#11473));
#11473 = SURFACE_STYLE_FILL_AREA(#11474);
#11474 = FILL_AREA_STYLE('',(#11475));
#11475 = FILL_AREA_STYLE_COLOUR('',#11243);
#11476 = STYLED_ITEM('color',(#11477),#1450);
#11477 = PRESENTATION_STYLE_ASSIGNMENT((#11478));
#11478 = SURFACE_STYLE_USAGE(.BOTH.,#11479);
#11479 = SURFACE_SIDE_STYLE('',(#11480));
#11480 = SURFACE_STYLE_FILL_AREA(#11481);
#11481 = FILL_AREA_STYLE('',(#11482));
#11482 = FILL_AREA_STYLE_COLOUR('',#11243);
#11483 = STYLED_ITEM('color',(#11484),#1475);
#11484 = PRESENTATION_STYLE_ASSIGNMENT((#11485));
#11485 = SURFACE_STYLE_USAGE(.BOTH.,#11486);
#11486 = SURFACE_SIDE_STYLE('',(#11487));
#11487 = SURFACE_STYLE_FILL_AREA(#11488);
#11488 = FILL_AREA_STYLE('',(#11489));
#11489 = FILL_AREA_STYLE_COLOUR('',#11243);
#11490 = STYLED_ITEM('color',(#11491),#1522);
#11491 = PRESENTATION_STYLE_ASSIGNMENT((#11492));
#11492 = SURFACE_STYLE_USAGE(.BOTH.,#11493);
#11493 = SURFACE_SIDE_STYLE('',(#11494));
#11494 = SURFACE_STYLE_FILL_AREA(#11495);
#11495 = FILL_AREA_STYLE('',(#11496));
#11496 = FILL_AREA_STYLE_COLOUR('',#11243);
#11497 = STYLED_ITEM('color',(#11498),#1539);
#11498 = PRESENTATION_STYLE_ASSIGNMENT((#11499));
#11499 = SURFACE_STYLE_USAGE(.BOTH.,#11500);
#11500 = SURFACE_SIDE_STYLE('',(#11501));
#11501 = SURFACE_STYLE_FILL_AREA(#11502);
#11502 = FILL_AREA_STYLE('',(#11503));
#11503 = FILL_AREA_STYLE_COLOUR('',#11243);
#11504 = STYLED_ITEM('color',(#11505),#1551);
#11505 = PRESENTATION_STYLE_ASSIGNMENT((#11506));
#11506 = SURFACE_STYLE_USAGE(.BOTH.,#11507);
#11507 = SURFACE_SIDE_STYLE('',(#11508));
#11508 = SURFACE_STYLE_FILL_AREA(#11509);
#11509 = FILL_AREA_STYLE('',(#11510));
#11510 = FILL_AREA_STYLE_COLOUR('',#11243);
#11511 = STYLED_ITEM('color',(#11512),#1573);
#11512 = PRESENTATION_STYLE_ASSIGNMENT((#11513));
#11513 = SURFACE_STYLE_USAGE(.BOTH.,#11514);
#11514 = SURFACE_SIDE_STYLE('',(#11515));
#11515 = SURFACE_STYLE_FILL_AREA(#11516);
#11516 = FILL_AREA_STYLE('',(#11517));
#11517 = FILL_AREA_STYLE_COLOUR('',#11243);
#11518 = STYLED_ITEM('color',(#11519),#1585);
#11519 = PRESENTATION_STYLE_ASSIGNMENT((#11520));
#11520 = SURFACE_STYLE_USAGE(.BOTH.,#11521);
#11521 = SURFACE_SIDE_STYLE('',(#11522));
#11522 = SURFACE_STYLE_FILL_AREA(#11523);
#11523 = FILL_AREA_STYLE('',(#11524));
#11524 = FILL_AREA_STYLE_COLOUR('',#11243);
#11525 = STYLED_ITEM('color',(#11526),#1603);
#11526 = PRESENTATION_STYLE_ASSIGNMENT((#11527));
#11527 = SURFACE_STYLE_USAGE(.BOTH.,#11528);
#11528 = SURFACE_SIDE_STYLE('',(#11529));
#11529 = SURFACE_STYLE_FILL_AREA(#11530);
#11530 = FILL_AREA_STYLE('',(#11531));
#11531 = FILL_AREA_STYLE_COLOUR('',#11243);
#11532 = STYLED_ITEM('color',(#11533),#1621);
#11533 = PRESENTATION_STYLE_ASSIGNMENT((#11534));
#11534 = SURFACE_STYLE_USAGE(.BOTH.,#11535);
#11535 = SURFACE_SIDE_STYLE('',(#11536));
#11536 = SURFACE_STYLE_FILL_AREA(#11537);
#11537 = FILL_AREA_STYLE('',(#11538));
#11538 = FILL_AREA_STYLE_COLOUR('',#11440);
#11539 = MECHANICAL_DESIGN_GEOMETRIC_PRESENTATION_REPRESENTATION('',(
    #11540,#11547,#11554,#11561,#11568,#11575,#11583,#11590,#11597,
    #11604,#11611,#11618,#11625,#11632,#11639,#11646,#11653,#11660,
    #11667,#11674,#11681,#11688,#11695,#11702,#11709,#11716,#11723,
    #11730,#11737,#11744,#11751,#11758,#11765,#11772,#11779,#11786,
    #11793,#11800,#11807,#11814,#11821,#11828,#11835,#11842,#11849,
    #11856,#11863,#11870,#11877,#11884,#11891,#11898,#11905,#11912,
    #11919,#11926,#11933,#11940,#11947,#11954,#11961,#11968,#11975,
    #11982,#11989,#11996,#12003,#12010,#12017,#12024,#12031,#12038,
    #12045,#12052,#12059,#12066,#12073,#12080,#12087,#12094,#12101,
    #12108,#12115,#12122,#12129,#12136,#12143,#12150,#12157,#12164,
    #12171,#12178,#12185,#12192,#12199,#12206,#12213,#12220,#12227,
    #12234,#12241,#12248,#12255,#12262,#12269,#12276,#12283,#12290,
    #12297,#12304,#12311,#12318,#12325,#12332,#12339,#12346,#12353,
    #12360,#12367,#12374,#12381,#12388,#12395,#12402,#12409,#12416,
    #12423,#12430,#12437,#12444,#12451,#12458,#12465,#12472,#12479,
    #12486,#12493,#12500,#12507,#12514,#12521,#12528,#12535,#12542,
    #12549,#12556,#12563,#12570,#12577,#12584,#12591,#12598,#12605,
    #12612,#12619,#12626,#12633,#12640,#12647,#12654,#12661,#12668,
    #12675,#12682,#12689,#12696,#12703,#12710,#12717,#12724,#12731,
    #12738,#12745,#12752,#12759,#12766,#12773,#12780,#12787,#12794,
    #12801,#12809),#8455);
#11540 = STYLED_ITEM('color',(#11541),#2487);
#11541 = PRESENTATION_STYLE_ASSIGNMENT((#11542));
#11542 = SURFACE_STYLE_USAGE(.BOTH.,#11543);
#11543 = SURFACE_SIDE_STYLE('',(#11544));
#11544 = SURFACE_STYLE_FILL_AREA(#11545);
#11545 = FILL_AREA_STYLE('',(#11546));
#11546 = FILL_AREA_STYLE_COLOUR('',#10999);
#11547 = STYLED_ITEM('color',(#11548),#2528);
#11548 = PRESENTATION_STYLE_ASSIGNMENT((#11549));
#11549 = SURFACE_STYLE_USAGE(.BOTH.,#11550);
#11550 = SURFACE_SIDE_STYLE('',(#11551));
#11551 = SURFACE_STYLE_FILL_AREA(#11552);
#11552 = FILL_AREA_STYLE('',(#11553));
#11553 = FILL_AREA_STYLE_COLOUR('',#10999);
#11554 = STYLED_ITEM('color',(#11555),#2575);
#11555 = PRESENTATION_STYLE_ASSIGNMENT((#11556));
#11556 = SURFACE_STYLE_USAGE(.BOTH.,#11557);
#11557 = SURFACE_SIDE_STYLE('',(#11558));
#11558 = SURFACE_STYLE_FILL_AREA(#11559);
#11559 = FILL_AREA_STYLE('',(#11560));
#11560 = FILL_AREA_STYLE_COLOUR('',#10999);
#11561 = STYLED_ITEM('color',(#11562),#2600);
#11562 = PRESENTATION_STYLE_ASSIGNMENT((#11563));
#11563 = SURFACE_STYLE_USAGE(.BOTH.,#11564);
#11564 = SURFACE_SIDE_STYLE('',(#11565));
#11565 = SURFACE_STYLE_FILL_AREA(#11566);
#11566 = FILL_AREA_STYLE('',(#11567));
#11567 = FILL_AREA_STYLE_COLOUR('',#10999);
#11568 = STYLED_ITEM('color',(#11569),#2640);
#11569 = PRESENTATION_STYLE_ASSIGNMENT((#11570));
#11570 = SURFACE_STYLE_USAGE(.BOTH.,#11571);
#11571 = SURFACE_SIDE_STYLE('',(#11572));
#11572 = SURFACE_STYLE_FILL_AREA(#11573);
#11573 = FILL_AREA_STYLE('',(#11574));
#11574 = FILL_AREA_STYLE_COLOUR('',#10999);
#11575 = STYLED_ITEM('color',(#11576),#2657);
#11576 = PRESENTATION_STYLE_ASSIGNMENT((#11577));
#11577 = SURFACE_STYLE_USAGE(.BOTH.,#11578);
#11578 = SURFACE_SIDE_STYLE('',(#11579));
#11579 = SURFACE_STYLE_FILL_AREA(#11580);
#11580 = FILL_AREA_STYLE('',(#11581));
#11581 = FILL_AREA_STYLE_COLOUR('',#11582);
#11582 = COLOUR_RGB('',0.147999998088,0.144999993226,0.144999993226);
#11583 = STYLED_ITEM('color',(#11584),#3639);
#11584 = PRESENTATION_STYLE_ASSIGNMENT((#11585));
#11585 = SURFACE_STYLE_USAGE(.BOTH.,#11586);
#11586 = SURFACE_SIDE_STYLE('',(#11587));
#11587 = SURFACE_STYLE_FILL_AREA(#11588);
#11588 = FILL_AREA_STYLE('',(#11589));
#11589 = FILL_AREA_STYLE_COLOUR('',#11582);
#11590 = STYLED_ITEM('color',(#11591),#3817);
#11591 = PRESENTATION_STYLE_ASSIGNMENT((#11592));
#11592 = SURFACE_STYLE_USAGE(.BOTH.,#11593);
#11593 = SURFACE_SIDE_STYLE('',(#11594));
#11594 = SURFACE_STYLE_FILL_AREA(#11595);
#11595 = FILL_AREA_STYLE('',(#11596));
#11596 = FILL_AREA_STYLE_COLOUR('',#10999);
#11597 = STYLED_ITEM('color',(#11598),#3829);
#11598 = PRESENTATION_STYLE_ASSIGNMENT((#11599));
#11599 = SURFACE_STYLE_USAGE(.BOTH.,#11600);
#11600 = SURFACE_SIDE_STYLE('',(#11601));
#11601 = SURFACE_STYLE_FILL_AREA(#11602);
#11602 = FILL_AREA_STYLE('',(#11603));
#11603 = FILL_AREA_STYLE_COLOUR('',#11582);
#11604 = STYLED_ITEM('color',(#11605),#4014);
#11605 = PRESENTATION_STYLE_ASSIGNMENT((#11606));
#11606 = SURFACE_STYLE_USAGE(.BOTH.,#11607);
#11607 = SURFACE_SIDE_STYLE('',(#11608));
#11608 = SURFACE_STYLE_FILL_AREA(#11609);
#11609 = FILL_AREA_STYLE('',(#11610));
#11610 = FILL_AREA_STYLE_COLOUR('',#10999);
#11611 = STYLED_ITEM('color',(#11612),#4054);
#11612 = PRESENTATION_STYLE_ASSIGNMENT((#11613));
#11613 = SURFACE_STYLE_USAGE(.BOTH.,#11614);
#11614 = SURFACE_SIDE_STYLE('',(#11615));
#11615 = SURFACE_STYLE_FILL_AREA(#11616);
#11616 = FILL_AREA_STYLE('',(#11617));
#11617 = FILL_AREA_STYLE_COLOUR('',#10999);
#11618 = STYLED_ITEM('color',(#11619),#4094);
#11619 = PRESENTATION_STYLE_ASSIGNMENT((#11620));
#11620 = SURFACE_STYLE_USAGE(.BOTH.,#11621);
#11621 = SURFACE_SIDE_STYLE('',(#11622));
#11622 = SURFACE_STYLE_FILL_AREA(#11623);
#11623 = FILL_AREA_STYLE('',(#11624));
#11624 = FILL_AREA_STYLE_COLOUR('',#10999);
#11625 = STYLED_ITEM('color',(#11626),#4119);
#11626 = PRESENTATION_STYLE_ASSIGNMENT((#11627));
#11627 = SURFACE_STYLE_USAGE(.BOTH.,#11628);
#11628 = SURFACE_SIDE_STYLE('',(#11629));
#11629 = SURFACE_STYLE_FILL_AREA(#11630);
#11630 = FILL_AREA_STYLE('',(#11631));
#11631 = FILL_AREA_STYLE_COLOUR('',#10999);
#11632 = STYLED_ITEM('color',(#11633),#4144);
#11633 = PRESENTATION_STYLE_ASSIGNMENT((#11634));
#11634 = SURFACE_STYLE_USAGE(.BOTH.,#11635);
#11635 = SURFACE_SIDE_STYLE('',(#11636));
#11636 = SURFACE_STYLE_FILL_AREA(#11637);
#11637 = FILL_AREA_STYLE('',(#11638));
#11638 = FILL_AREA_STYLE_COLOUR('',#10999);
#11639 = STYLED_ITEM('color',(#11640),#4177);
#11640 = PRESENTATION_STYLE_ASSIGNMENT((#11641));
#11641 = SURFACE_STYLE_USAGE(.BOTH.,#11642);
#11642 = SURFACE_SIDE_STYLE('',(#11643));
#11643 = SURFACE_STYLE_FILL_AREA(#11644);
#11644 = FILL_AREA_STYLE('',(#11645));
#11645 = FILL_AREA_STYLE_COLOUR('',#10999);
#11646 = STYLED_ITEM('color',(#11647),#4210);
#11647 = PRESENTATION_STYLE_ASSIGNMENT((#11648));
#11648 = SURFACE_STYLE_USAGE(.BOTH.,#11649);
#11649 = SURFACE_SIDE_STYLE('',(#11650));
#11650 = SURFACE_STYLE_FILL_AREA(#11651);
#11651 = FILL_AREA_STYLE('',(#11652));
#11652 = FILL_AREA_STYLE_COLOUR('',#10999);
#11653 = STYLED_ITEM('color',(#11654),#4250);
#11654 = PRESENTATION_STYLE_ASSIGNMENT((#11655));
#11655 = SURFACE_STYLE_USAGE(.BOTH.,#11656);
#11656 = SURFACE_SIDE_STYLE('',(#11657));
#11657 = SURFACE_STYLE_FILL_AREA(#11658);
#11658 = FILL_AREA_STYLE('',(#11659));
#11659 = FILL_AREA_STYLE_COLOUR('',#10999);
#11660 = STYLED_ITEM('color',(#11661),#4290);
#11661 = PRESENTATION_STYLE_ASSIGNMENT((#11662));
#11662 = SURFACE_STYLE_USAGE(.BOTH.,#11663);
#11663 = SURFACE_SIDE_STYLE('',(#11664));
#11664 = SURFACE_STYLE_FILL_AREA(#11665);
#11665 = FILL_AREA_STYLE('',(#11666));
#11666 = FILL_AREA_STYLE_COLOUR('',#10999);
#11667 = STYLED_ITEM('color',(#11668),#4315);
#11668 = PRESENTATION_STYLE_ASSIGNMENT((#11669));
#11669 = SURFACE_STYLE_USAGE(.BOTH.,#11670);
#11670 = SURFACE_SIDE_STYLE('',(#11671));
#11671 = SURFACE_STYLE_FILL_AREA(#11672);
#11672 = FILL_AREA_STYLE('',(#11673));
#11673 = FILL_AREA_STYLE_COLOUR('',#10999);
#11674 = STYLED_ITEM('color',(#11675),#4340);
#11675 = PRESENTATION_STYLE_ASSIGNMENT((#11676));
#11676 = SURFACE_STYLE_USAGE(.BOTH.,#11677);
#11677 = SURFACE_SIDE_STYLE('',(#11678));
#11678 = SURFACE_STYLE_FILL_AREA(#11679);
#11679 = FILL_AREA_STYLE('',(#11680));
#11680 = FILL_AREA_STYLE_COLOUR('',#10999);
#11681 = STYLED_ITEM('color',(#11682),#4373);
#11682 = PRESENTATION_STYLE_ASSIGNMENT((#11683));
#11683 = SURFACE_STYLE_USAGE(.BOTH.,#11684);
#11684 = SURFACE_SIDE_STYLE('',(#11685));
#11685 = SURFACE_STYLE_FILL_AREA(#11686);
#11686 = FILL_AREA_STYLE('',(#11687));
#11687 = FILL_AREA_STYLE_COLOUR('',#10999);
#11688 = STYLED_ITEM('color',(#11689),#4406);
#11689 = PRESENTATION_STYLE_ASSIGNMENT((#11690));
#11690 = SURFACE_STYLE_USAGE(.BOTH.,#11691);
#11691 = SURFACE_SIDE_STYLE('',(#11692));
#11692 = SURFACE_STYLE_FILL_AREA(#11693);
#11693 = FILL_AREA_STYLE('',(#11694));
#11694 = FILL_AREA_STYLE_COLOUR('',#10999);
#11695 = STYLED_ITEM('color',(#11696),#4446);
#11696 = PRESENTATION_STYLE_ASSIGNMENT((#11697));
#11697 = SURFACE_STYLE_USAGE(.BOTH.,#11698);
#11698 = SURFACE_SIDE_STYLE('',(#11699));
#11699 = SURFACE_STYLE_FILL_AREA(#11700);
#11700 = FILL_AREA_STYLE('',(#11701));
#11701 = FILL_AREA_STYLE_COLOUR('',#10999);
#11702 = STYLED_ITEM('color',(#11703),#4471);
#11703 = PRESENTATION_STYLE_ASSIGNMENT((#11704));
#11704 = SURFACE_STYLE_USAGE(.BOTH.,#11705);
#11705 = SURFACE_SIDE_STYLE('',(#11706));
#11706 = SURFACE_STYLE_FILL_AREA(#11707);
#11707 = FILL_AREA_STYLE('',(#11708));
#11708 = FILL_AREA_STYLE_COLOUR('',#10999);
#11709 = STYLED_ITEM('color',(#11710),#4504);
#11710 = PRESENTATION_STYLE_ASSIGNMENT((#11711));
#11711 = SURFACE_STYLE_USAGE(.BOTH.,#11712);
#11712 = SURFACE_SIDE_STYLE('',(#11713));
#11713 = SURFACE_STYLE_FILL_AREA(#11714);
#11714 = FILL_AREA_STYLE('',(#11715));
#11715 = FILL_AREA_STYLE_COLOUR('',#10999);
#11716 = STYLED_ITEM('color',(#11717),#4544);
#11717 = PRESENTATION_STYLE_ASSIGNMENT((#11718));
#11718 = SURFACE_STYLE_USAGE(.BOTH.,#11719);
#11719 = SURFACE_SIDE_STYLE('',(#11720));
#11720 = SURFACE_STYLE_FILL_AREA(#11721);
#11721 = FILL_AREA_STYLE('',(#11722));
#11722 = FILL_AREA_STYLE_COLOUR('',#10999);
#11723 = STYLED_ITEM('color',(#11724),#4584);
#11724 = PRESENTATION_STYLE_ASSIGNMENT((#11725));
#11725 = SURFACE_STYLE_USAGE(.BOTH.,#11726);
#11726 = SURFACE_SIDE_STYLE('',(#11727));
#11727 = SURFACE_STYLE_FILL_AREA(#11728);
#11728 = FILL_AREA_STYLE('',(#11729));
#11729 = FILL_AREA_STYLE_COLOUR('',#10999);
#11730 = STYLED_ITEM('color',(#11731),#4609);
#11731 = PRESENTATION_STYLE_ASSIGNMENT((#11732));
#11732 = SURFACE_STYLE_USAGE(.BOTH.,#11733);
#11733 = SURFACE_SIDE_STYLE('',(#11734));
#11734 = SURFACE_STYLE_FILL_AREA(#11735);
#11735 = FILL_AREA_STYLE('',(#11736));
#11736 = FILL_AREA_STYLE_COLOUR('',#10999);
#11737 = STYLED_ITEM('color',(#11738),#4634);
#11738 = PRESENTATION_STYLE_ASSIGNMENT((#11739));
#11739 = SURFACE_STYLE_USAGE(.BOTH.,#11740);
#11740 = SURFACE_SIDE_STYLE('',(#11741));
#11741 = SURFACE_STYLE_FILL_AREA(#11742);
#11742 = FILL_AREA_STYLE('',(#11743));
#11743 = FILL_AREA_STYLE_COLOUR('',#10999);
#11744 = STYLED_ITEM('color',(#11745),#4667);
#11745 = PRESENTATION_STYLE_ASSIGNMENT((#11746));
#11746 = SURFACE_STYLE_USAGE(.BOTH.,#11747);
#11747 = SURFACE_SIDE_STYLE('',(#11748));
#11748 = SURFACE_STYLE_FILL_AREA(#11749);
#11749 = FILL_AREA_STYLE('',(#11750));
#11750 = FILL_AREA_STYLE_COLOUR('',#10999);
#11751 = STYLED_ITEM('color',(#11752),#4700);
#11752 = PRESENTATION_STYLE_ASSIGNMENT((#11753));
#11753 = SURFACE_STYLE_USAGE(.BOTH.,#11754);
#11754 = SURFACE_SIDE_STYLE('',(#11755));
#11755 = SURFACE_STYLE_FILL_AREA(#11756);
#11756 = FILL_AREA_STYLE('',(#11757));
#11757 = FILL_AREA_STYLE_COLOUR('',#10999);
#11758 = STYLED_ITEM('color',(#11759),#4740);
#11759 = PRESENTATION_STYLE_ASSIGNMENT((#11760));
#11760 = SURFACE_STYLE_USAGE(.BOTH.,#11761);
#11761 = SURFACE_SIDE_STYLE('',(#11762));
#11762 = SURFACE_STYLE_FILL_AREA(#11763);
#11763 = FILL_AREA_STYLE('',(#11764));
#11764 = FILL_AREA_STYLE_COLOUR('',#10999);
#11765 = STYLED_ITEM('color',(#11766),#4780);
#11766 = PRESENTATION_STYLE_ASSIGNMENT((#11767));
#11767 = SURFACE_STYLE_USAGE(.BOTH.,#11768);
#11768 = SURFACE_SIDE_STYLE('',(#11769));
#11769 = SURFACE_STYLE_FILL_AREA(#11770);
#11770 = FILL_AREA_STYLE('',(#11771));
#11771 = FILL_AREA_STYLE_COLOUR('',#10999);
#11772 = STYLED_ITEM('color',(#11773),#4805);
#11773 = PRESENTATION_STYLE_ASSIGNMENT((#11774));
#11774 = SURFACE_STYLE_USAGE(.BOTH.,#11775);
#11775 = SURFACE_SIDE_STYLE('',(#11776));
#11776 = SURFACE_STYLE_FILL_AREA(#11777);
#11777 = FILL_AREA_STYLE('',(#11778));
#11778 = FILL_AREA_STYLE_COLOUR('',#10999);
#11779 = STYLED_ITEM('color',(#11780),#4830);
#11780 = PRESENTATION_STYLE_ASSIGNMENT((#11781));
#11781 = SURFACE_STYLE_USAGE(.BOTH.,#11782);
#11782 = SURFACE_SIDE_STYLE('',(#11783));
#11783 = SURFACE_STYLE_FILL_AREA(#11784);
#11784 = FILL_AREA_STYLE('',(#11785));
#11785 = FILL_AREA_STYLE_COLOUR('',#10999);
#11786 = STYLED_ITEM('color',(#11787),#4863);
#11787 = PRESENTATION_STYLE_ASSIGNMENT((#11788));
#11788 = SURFACE_STYLE_USAGE(.BOTH.,#11789);
#11789 = SURFACE_SIDE_STYLE('',(#11790));
#11790 = SURFACE_STYLE_FILL_AREA(#11791);
#11791 = FILL_AREA_STYLE('',(#11792));
#11792 = FILL_AREA_STYLE_COLOUR('',#10999);
#11793 = STYLED_ITEM('color',(#11794),#4896);
#11794 = PRESENTATION_STYLE_ASSIGNMENT((#11795));
#11795 = SURFACE_STYLE_USAGE(.BOTH.,#11796);
#11796 = SURFACE_SIDE_STYLE('',(#11797));
#11797 = SURFACE_STYLE_FILL_AREA(#11798);
#11798 = FILL_AREA_STYLE('',(#11799));
#11799 = FILL_AREA_STYLE_COLOUR('',#10999);
#11800 = STYLED_ITEM('color',(#11801),#4936);
#11801 = PRESENTATION_STYLE_ASSIGNMENT((#11802));
#11802 = SURFACE_STYLE_USAGE(.BOTH.,#11803);
#11803 = SURFACE_SIDE_STYLE('',(#11804));
#11804 = SURFACE_STYLE_FILL_AREA(#11805);
#11805 = FILL_AREA_STYLE('',(#11806));
#11806 = FILL_AREA_STYLE_COLOUR('',#10999);
#11807 = STYLED_ITEM('color',(#11808),#4976);
#11808 = PRESENTATION_STYLE_ASSIGNMENT((#11809));
#11809 = SURFACE_STYLE_USAGE(.BOTH.,#11810);
#11810 = SURFACE_SIDE_STYLE('',(#11811));
#11811 = SURFACE_STYLE_FILL_AREA(#11812);
#11812 = FILL_AREA_STYLE('',(#11813));
#11813 = FILL_AREA_STYLE_COLOUR('',#10999);
#11814 = STYLED_ITEM('color',(#11815),#5001);
#11815 = PRESENTATION_STYLE_ASSIGNMENT((#11816));
#11816 = SURFACE_STYLE_USAGE(.BOTH.,#11817);
#11817 = SURFACE_SIDE_STYLE('',(#11818));
#11818 = SURFACE_STYLE_FILL_AREA(#11819);
#11819 = FILL_AREA_STYLE('',(#11820));
#11820 = FILL_AREA_STYLE_COLOUR('',#10999);
#11821 = STYLED_ITEM('color',(#11822),#5026);
#11822 = PRESENTATION_STYLE_ASSIGNMENT((#11823));
#11823 = SURFACE_STYLE_USAGE(.BOTH.,#11824);
#11824 = SURFACE_SIDE_STYLE('',(#11825));
#11825 = SURFACE_STYLE_FILL_AREA(#11826);
#11826 = FILL_AREA_STYLE('',(#11827));
#11827 = FILL_AREA_STYLE_COLOUR('',#10999);
#11828 = STYLED_ITEM('color',(#11829),#5059);
#11829 = PRESENTATION_STYLE_ASSIGNMENT((#11830));
#11830 = SURFACE_STYLE_USAGE(.BOTH.,#11831);
#11831 = SURFACE_SIDE_STYLE('',(#11832));
#11832 = SURFACE_STYLE_FILL_AREA(#11833);
#11833 = FILL_AREA_STYLE('',(#11834));
#11834 = FILL_AREA_STYLE_COLOUR('',#10999);
#11835 = STYLED_ITEM('color',(#11836),#5092);
#11836 = PRESENTATION_STYLE_ASSIGNMENT((#11837));
#11837 = SURFACE_STYLE_USAGE(.BOTH.,#11838);
#11838 = SURFACE_SIDE_STYLE('',(#11839));
#11839 = SURFACE_STYLE_FILL_AREA(#11840);
#11840 = FILL_AREA_STYLE('',(#11841));
#11841 = FILL_AREA_STYLE_COLOUR('',#10999);
#11842 = STYLED_ITEM('color',(#11843),#5132);
#11843 = PRESENTATION_STYLE_ASSIGNMENT((#11844));
#11844 = SURFACE_STYLE_USAGE(.BOTH.,#11845);
#11845 = SURFACE_SIDE_STYLE('',(#11846));
#11846 = SURFACE_STYLE_FILL_AREA(#11847);
#11847 = FILL_AREA_STYLE('',(#11848));
#11848 = FILL_AREA_STYLE_COLOUR('',#10999);
#11849 = STYLED_ITEM('color',(#11850),#5172);
#11850 = PRESENTATION_STYLE_ASSIGNMENT((#11851));
#11851 = SURFACE_STYLE_USAGE(.BOTH.,#11852);
#11852 = SURFACE_SIDE_STYLE('',(#11853));
#11853 = SURFACE_STYLE_FILL_AREA(#11854);
#11854 = FILL_AREA_STYLE('',(#11855));
#11855 = FILL_AREA_STYLE_COLOUR('',#10999);
#11856 = STYLED_ITEM('color',(#11857),#5197);
#11857 = PRESENTATION_STYLE_ASSIGNMENT((#11858));
#11858 = SURFACE_STYLE_USAGE(.BOTH.,#11859);
#11859 = SURFACE_SIDE_STYLE('',(#11860));
#11860 = SURFACE_STYLE_FILL_AREA(#11861);
#11861 = FILL_AREA_STYLE('',(#11862));
#11862 = FILL_AREA_STYLE_COLOUR('',#10999);
#11863 = STYLED_ITEM('color',(#11864),#5222);
#11864 = PRESENTATION_STYLE_ASSIGNMENT((#11865));
#11865 = SURFACE_STYLE_USAGE(.BOTH.,#11866);
#11866 = SURFACE_SIDE_STYLE('',(#11867));
#11867 = SURFACE_STYLE_FILL_AREA(#11868);
#11868 = FILL_AREA_STYLE('',(#11869));
#11869 = FILL_AREA_STYLE_COLOUR('',#10999);
#11870 = STYLED_ITEM('color',(#11871),#5255);
#11871 = PRESENTATION_STYLE_ASSIGNMENT((#11872));
#11872 = SURFACE_STYLE_USAGE(.BOTH.,#11873);
#11873 = SURFACE_SIDE_STYLE('',(#11874));
#11874 = SURFACE_STYLE_FILL_AREA(#11875);
#11875 = FILL_AREA_STYLE('',(#11876));
#11876 = FILL_AREA_STYLE_COLOUR('',#10999);
#11877 = STYLED_ITEM('color',(#11878),#5288);
#11878 = PRESENTATION_STYLE_ASSIGNMENT((#11879));
#11879 = SURFACE_STYLE_USAGE(.BOTH.,#11880);
#11880 = SURFACE_SIDE_STYLE('',(#11881));
#11881 = SURFACE_STYLE_FILL_AREA(#11882);
#11882 = FILL_AREA_STYLE('',(#11883));
#11883 = FILL_AREA_STYLE_COLOUR('',#11582);
#11884 = STYLED_ITEM('color',(#11885),#5473);
#11885 = PRESENTATION_STYLE_ASSIGNMENT((#11886));
#11886 = SURFACE_STYLE_USAGE(.BOTH.,#11887);
#11887 = SURFACE_SIDE_STYLE('',(#11888));
#11888 = SURFACE_STYLE_FILL_AREA(#11889);
#11889 = FILL_AREA_STYLE('',(#11890));
#11890 = FILL_AREA_STYLE_COLOUR('',#11582);
#11891 = STYLED_ITEM('color',(#11892),#5651);
#11892 = PRESENTATION_STYLE_ASSIGNMENT((#11893));
#11893 = SURFACE_STYLE_USAGE(.BOTH.,#11894);
#11894 = SURFACE_SIDE_STYLE('',(#11895));
#11895 = SURFACE_STYLE_FILL_AREA(#11896);
#11896 = FILL_AREA_STYLE('',(#11897));
#11897 = FILL_AREA_STYLE_COLOUR('',#10999);
#11898 = STYLED_ITEM('color',(#11899),#5691);
#11899 = PRESENTATION_STYLE_ASSIGNMENT((#11900));
#11900 = SURFACE_STYLE_USAGE(.BOTH.,#11901);
#11901 = SURFACE_SIDE_STYLE('',(#11902));
#11902 = SURFACE_STYLE_FILL_AREA(#11903);
#11903 = FILL_AREA_STYLE('',(#11904));
#11904 = FILL_AREA_STYLE_COLOUR('',#10999);
#11905 = STYLED_ITEM('color',(#11906),#5731);
#11906 = PRESENTATION_STYLE_ASSIGNMENT((#11907));
#11907 = SURFACE_STYLE_USAGE(.BOTH.,#11908);
#11908 = SURFACE_SIDE_STYLE('',(#11909));
#11909 = SURFACE_STYLE_FILL_AREA(#11910);
#11910 = FILL_AREA_STYLE('',(#11911));
#11911 = FILL_AREA_STYLE_COLOUR('',#10999);
#11912 = STYLED_ITEM('color',(#11913),#5756);
#11913 = PRESENTATION_STYLE_ASSIGNMENT((#11914));
#11914 = SURFACE_STYLE_USAGE(.BOTH.,#11915);
#11915 = SURFACE_SIDE_STYLE('',(#11916));
#11916 = SURFACE_STYLE_FILL_AREA(#11917);
#11917 = FILL_AREA_STYLE('',(#11918));
#11918 = FILL_AREA_STYLE_COLOUR('',#10999);
#11919 = STYLED_ITEM('color',(#11920),#5781);
#11920 = PRESENTATION_STYLE_ASSIGNMENT((#11921));
#11921 = SURFACE_STYLE_USAGE(.BOTH.,#11922);
#11922 = SURFACE_SIDE_STYLE('',(#11923));
#11923 = SURFACE_STYLE_FILL_AREA(#11924);
#11924 = FILL_AREA_STYLE('',(#11925));
#11925 = FILL_AREA_STYLE_COLOUR('',#10999);
#11926 = STYLED_ITEM('color',(#11927),#5814);
#11927 = PRESENTATION_STYLE_ASSIGNMENT((#11928));
#11928 = SURFACE_STYLE_USAGE(.BOTH.,#11929);
#11929 = SURFACE_SIDE_STYLE('',(#11930));
#11930 = SURFACE_STYLE_FILL_AREA(#11931);
#11931 = FILL_AREA_STYLE('',(#11932));
#11932 = FILL_AREA_STYLE_COLOUR('',#10999);
#11933 = STYLED_ITEM('color',(#11934),#5847);
#11934 = PRESENTATION_STYLE_ASSIGNMENT((#11935));
#11935 = SURFACE_STYLE_USAGE(.BOTH.,#11936);
#11936 = SURFACE_SIDE_STYLE('',(#11937));
#11937 = SURFACE_STYLE_FILL_AREA(#11938);
#11938 = FILL_AREA_STYLE('',(#11939));
#11939 = FILL_AREA_STYLE_COLOUR('',#10999);
#11940 = STYLED_ITEM('color',(#11941),#5887);
#11941 = PRESENTATION_STYLE_ASSIGNMENT((#11942));
#11942 = SURFACE_STYLE_USAGE(.BOTH.,#11943);
#11943 = SURFACE_SIDE_STYLE('',(#11944));
#11944 = SURFACE_STYLE_FILL_AREA(#11945);
#11945 = FILL_AREA_STYLE('',(#11946));
#11946 = FILL_AREA_STYLE_COLOUR('',#10999);
#11947 = STYLED_ITEM('color',(#11948),#5927);
#11948 = PRESENTATION_STYLE_ASSIGNMENT((#11949));
#11949 = SURFACE_STYLE_USAGE(.BOTH.,#11950);
#11950 = SURFACE_SIDE_STYLE('',(#11951));
#11951 = SURFACE_STYLE_FILL_AREA(#11952);
#11952 = FILL_AREA_STYLE('',(#11953));
#11953 = FILL_AREA_STYLE_COLOUR('',#10999);
#11954 = STYLED_ITEM('color',(#11955),#5952);
#11955 = PRESENTATION_STYLE_ASSIGNMENT((#11956));
#11956 = SURFACE_STYLE_USAGE(.BOTH.,#11957);
#11957 = SURFACE_SIDE_STYLE('',(#11958));
#11958 = SURFACE_STYLE_FILL_AREA(#11959);
#11959 = FILL_AREA_STYLE('',(#11960));
#11960 = FILL_AREA_STYLE_COLOUR('',#10999);
#11961 = STYLED_ITEM('color',(#11962),#5977);
#11962 = PRESENTATION_STYLE_ASSIGNMENT((#11963));
#11963 = SURFACE_STYLE_USAGE(.BOTH.,#11964);
#11964 = SURFACE_SIDE_STYLE('',(#11965));
#11965 = SURFACE_STYLE_FILL_AREA(#11966);
#11966 = FILL_AREA_STYLE('',(#11967));
#11967 = FILL_AREA_STYLE_COLOUR('',#10999);
#11968 = STYLED_ITEM('color',(#11969),#6010);
#11969 = PRESENTATION_STYLE_ASSIGNMENT((#11970));
#11970 = SURFACE_STYLE_USAGE(.BOTH.,#11971);
#11971 = SURFACE_SIDE_STYLE('',(#11972));
#11972 = SURFACE_STYLE_FILL_AREA(#11973);
#11973 = FILL_AREA_STYLE('',(#11974));
#11974 = FILL_AREA_STYLE_COLOUR('',#10999);
#11975 = STYLED_ITEM('color',(#11976),#6043);
#11976 = PRESENTATION_STYLE_ASSIGNMENT((#11977));
#11977 = SURFACE_STYLE_USAGE(.BOTH.,#11978);
#11978 = SURFACE_SIDE_STYLE('',(#11979));
#11979 = SURFACE_STYLE_FILL_AREA(#11980);
#11980 = FILL_AREA_STYLE('',(#11981));
#11981 = FILL_AREA_STYLE_COLOUR('',#10999);
#11982 = STYLED_ITEM('color',(#11983),#6083);
#11983 = PRESENTATION_STYLE_ASSIGNMENT((#11984));
#11984 = SURFACE_STYLE_USAGE(.BOTH.,#11985);
#11985 = SURFACE_SIDE_STYLE('',(#11986));
#11986 = SURFACE_STYLE_FILL_AREA(#11987);
#11987 = FILL_AREA_STYLE('',(#11988));
#11988 = FILL_AREA_STYLE_COLOUR('',#10999);
#11989 = STYLED_ITEM('color',(#11990),#6123);
#11990 = PRESENTATION_STYLE_ASSIGNMENT((#11991));
#11991 = SURFACE_STYLE_USAGE(.BOTH.,#11992);
#11992 = SURFACE_SIDE_STYLE('',(#11993));
#11993 = SURFACE_STYLE_FILL_AREA(#11994);
#11994 = FILL_AREA_STYLE('',(#11995));
#11995 = FILL_AREA_STYLE_COLOUR('',#10999);
#11996 = STYLED_ITEM('color',(#11997),#6148);
#11997 = PRESENTATION_STYLE_ASSIGNMENT((#11998));
#11998 = SURFACE_STYLE_USAGE(.BOTH.,#11999);
#11999 = SURFACE_SIDE_STYLE('',(#12000));
#12000 = SURFACE_STYLE_FILL_AREA(#12001);
#12001 = FILL_AREA_STYLE('',(#12002));
#12002 = FILL_AREA_STYLE_COLOUR('',#10999);
#12003 = STYLED_ITEM('color',(#12004),#6173);
#12004 = PRESENTATION_STYLE_ASSIGNMENT((#12005));
#12005 = SURFACE_STYLE_USAGE(.BOTH.,#12006);
#12006 = SURFACE_SIDE_STYLE('',(#12007));
#12007 = SURFACE_STYLE_FILL_AREA(#12008);
#12008 = FILL_AREA_STYLE('',(#12009));
#12009 = FILL_AREA_STYLE_COLOUR('',#10999);
#12010 = STYLED_ITEM('color',(#12011),#6206);
#12011 = PRESENTATION_STYLE_ASSIGNMENT((#12012));
#12012 = SURFACE_STYLE_USAGE(.BOTH.,#12013);
#12013 = SURFACE_SIDE_STYLE('',(#12014));
#12014 = SURFACE_STYLE_FILL_AREA(#12015);
#12015 = FILL_AREA_STYLE('',(#12016));
#12016 = FILL_AREA_STYLE_COLOUR('',#10999);
#12017 = STYLED_ITEM('color',(#12018),#6239);
#12018 = PRESENTATION_STYLE_ASSIGNMENT((#12019));
#12019 = SURFACE_STYLE_USAGE(.BOTH.,#12020);
#12020 = SURFACE_SIDE_STYLE('',(#12021));
#12021 = SURFACE_STYLE_FILL_AREA(#12022);
#12022 = FILL_AREA_STYLE('',(#12023));
#12023 = FILL_AREA_STYLE_COLOUR('',#10999);
#12024 = STYLED_ITEM('color',(#12025),#6279);
#12025 = PRESENTATION_STYLE_ASSIGNMENT((#12026));
#12026 = SURFACE_STYLE_USAGE(.BOTH.,#12027);
#12027 = SURFACE_SIDE_STYLE('',(#12028));
#12028 = SURFACE_STYLE_FILL_AREA(#12029);
#12029 = FILL_AREA_STYLE('',(#12030));
#12030 = FILL_AREA_STYLE_COLOUR('',#10999);
#12031 = STYLED_ITEM('color',(#12032),#6319);
#12032 = PRESENTATION_STYLE_ASSIGNMENT((#12033));
#12033 = SURFACE_STYLE_USAGE(.BOTH.,#12034);
#12034 = SURFACE_SIDE_STYLE('',(#12035));
#12035 = SURFACE_STYLE_FILL_AREA(#12036);
#12036 = FILL_AREA_STYLE('',(#12037));
#12037 = FILL_AREA_STYLE_COLOUR('',#10999);
#12038 = STYLED_ITEM('color',(#12039),#6344);
#12039 = PRESENTATION_STYLE_ASSIGNMENT((#12040));
#12040 = SURFACE_STYLE_USAGE(.BOTH.,#12041);
#12041 = SURFACE_SIDE_STYLE('',(#12042));
#12042 = SURFACE_STYLE_FILL_AREA(#12043);
#12043 = FILL_AREA_STYLE('',(#12044));
#12044 = FILL_AREA_STYLE_COLOUR('',#10999);
#12045 = STYLED_ITEM('color',(#12046),#6369);
#12046 = PRESENTATION_STYLE_ASSIGNMENT((#12047));
#12047 = SURFACE_STYLE_USAGE(.BOTH.,#12048);
#12048 = SURFACE_SIDE_STYLE('',(#12049));
#12049 = SURFACE_STYLE_FILL_AREA(#12050);
#12050 = FILL_AREA_STYLE('',(#12051));
#12051 = FILL_AREA_STYLE_COLOUR('',#10999);
#12052 = STYLED_ITEM('color',(#12053),#6402);
#12053 = PRESENTATION_STYLE_ASSIGNMENT((#12054));
#12054 = SURFACE_STYLE_USAGE(.BOTH.,#12055);
#12055 = SURFACE_SIDE_STYLE('',(#12056));
#12056 = SURFACE_STYLE_FILL_AREA(#12057);
#12057 = FILL_AREA_STYLE('',(#12058));
#12058 = FILL_AREA_STYLE_COLOUR('',#10999);
#12059 = STYLED_ITEM('color',(#12060),#6435);
#12060 = PRESENTATION_STYLE_ASSIGNMENT((#12061));
#12061 = SURFACE_STYLE_USAGE(.BOTH.,#12062);
#12062 = SURFACE_SIDE_STYLE('',(#12063));
#12063 = SURFACE_STYLE_FILL_AREA(#12064);
#12064 = FILL_AREA_STYLE('',(#12065));
#12065 = FILL_AREA_STYLE_COLOUR('',#10999);
#12066 = STYLED_ITEM('color',(#12067),#6475);
#12067 = PRESENTATION_STYLE_ASSIGNMENT((#12068));
#12068 = SURFACE_STYLE_USAGE(.BOTH.,#12069);
#12069 = SURFACE_SIDE_STYLE('',(#12070));
#12070 = SURFACE_STYLE_FILL_AREA(#12071);
#12071 = FILL_AREA_STYLE('',(#12072));
#12072 = FILL_AREA_STYLE_COLOUR('',#10999);
#12073 = STYLED_ITEM('color',(#12074),#6515);
#12074 = PRESENTATION_STYLE_ASSIGNMENT((#12075));
#12075 = SURFACE_STYLE_USAGE(.BOTH.,#12076);
#12076 = SURFACE_SIDE_STYLE('',(#12077));
#12077 = SURFACE_STYLE_FILL_AREA(#12078);
#12078 = FILL_AREA_STYLE('',(#12079));
#12079 = FILL_AREA_STYLE_COLOUR('',#10999);
#12080 = STYLED_ITEM('color',(#12081),#6540);
#12081 = PRESENTATION_STYLE_ASSIGNMENT((#12082));
#12082 = SURFACE_STYLE_USAGE(.BOTH.,#12083);
#12083 = SURFACE_SIDE_STYLE('',(#12084));
#12084 = SURFACE_STYLE_FILL_AREA(#12085);
#12085 = FILL_AREA_STYLE('',(#12086));
#12086 = FILL_AREA_STYLE_COLOUR('',#10999);
#12087 = STYLED_ITEM('color',(#12088),#6565);
#12088 = PRESENTATION_STYLE_ASSIGNMENT((#12089));
#12089 = SURFACE_STYLE_USAGE(.BOTH.,#12090);
#12090 = SURFACE_SIDE_STYLE('',(#12091));
#12091 = SURFACE_STYLE_FILL_AREA(#12092);
#12092 = FILL_AREA_STYLE('',(#12093));
#12093 = FILL_AREA_STYLE_COLOUR('',#10999);
#12094 = STYLED_ITEM('color',(#12095),#6598);
#12095 = PRESENTATION_STYLE_ASSIGNMENT((#12096));
#12096 = SURFACE_STYLE_USAGE(.BOTH.,#12097);
#12097 = SURFACE_SIDE_STYLE('',(#12098));
#12098 = SURFACE_STYLE_FILL_AREA(#12099);
#12099 = FILL_AREA_STYLE('',(#12100));
#12100 = FILL_AREA_STYLE_COLOUR('',#10999);
#12101 = STYLED_ITEM('color',(#12102),#6631);
#12102 = PRESENTATION_STYLE_ASSIGNMENT((#12103));
#12103 = SURFACE_STYLE_USAGE(.BOTH.,#12104);
#12104 = SURFACE_SIDE_STYLE('',(#12105));
#12105 = SURFACE_STYLE_FILL_AREA(#12106);
#12106 = FILL_AREA_STYLE('',(#12107));
#12107 = FILL_AREA_STYLE_COLOUR('',#10999);
#12108 = STYLED_ITEM('color',(#12109),#6671);
#12109 = PRESENTATION_STYLE_ASSIGNMENT((#12110));
#12110 = SURFACE_STYLE_USAGE(.BOTH.,#12111);
#12111 = SURFACE_SIDE_STYLE('',(#12112));
#12112 = SURFACE_STYLE_FILL_AREA(#12113);
#12113 = FILL_AREA_STYLE('',(#12114));
#12114 = FILL_AREA_STYLE_COLOUR('',#10999);
#12115 = STYLED_ITEM('color',(#12116),#6711);
#12116 = PRESENTATION_STYLE_ASSIGNMENT((#12117));
#12117 = SURFACE_STYLE_USAGE(.BOTH.,#12118);
#12118 = SURFACE_SIDE_STYLE('',(#12119));
#12119 = SURFACE_STYLE_FILL_AREA(#12120);
#12120 = FILL_AREA_STYLE('',(#12121));
#12121 = FILL_AREA_STYLE_COLOUR('',#10999);
#12122 = STYLED_ITEM('color',(#12123),#6736);
#12123 = PRESENTATION_STYLE_ASSIGNMENT((#12124));
#12124 = SURFACE_STYLE_USAGE(.BOTH.,#12125);
#12125 = SURFACE_SIDE_STYLE('',(#12126));
#12126 = SURFACE_STYLE_FILL_AREA(#12127);
#12127 = FILL_AREA_STYLE('',(#12128));
#12128 = FILL_AREA_STYLE_COLOUR('',#10999);
#12129 = STYLED_ITEM('color',(#12130),#6761);
#12130 = PRESENTATION_STYLE_ASSIGNMENT((#12131));
#12131 = SURFACE_STYLE_USAGE(.BOTH.,#12132);
#12132 = SURFACE_SIDE_STYLE('',(#12133));
#12133 = SURFACE_STYLE_FILL_AREA(#12134);
#12134 = FILL_AREA_STYLE('',(#12135));
#12135 = FILL_AREA_STYLE_COLOUR('',#10999);
#12136 = STYLED_ITEM('color',(#12137),#6794);
#12137 = PRESENTATION_STYLE_ASSIGNMENT((#12138));
#12138 = SURFACE_STYLE_USAGE(.BOTH.,#12139);
#12139 = SURFACE_SIDE_STYLE('',(#12140));
#12140 = SURFACE_STYLE_FILL_AREA(#12141);
#12141 = FILL_AREA_STYLE('',(#12142));
#12142 = FILL_AREA_STYLE_COLOUR('',#10999);
#12143 = STYLED_ITEM('color',(#12144),#6827);
#12144 = PRESENTATION_STYLE_ASSIGNMENT((#12145));
#12145 = SURFACE_STYLE_USAGE(.BOTH.,#12146);
#12146 = SURFACE_SIDE_STYLE('',(#12147));
#12147 = SURFACE_STYLE_FILL_AREA(#12148);
#12148 = FILL_AREA_STYLE('',(#12149));
#12149 = FILL_AREA_STYLE_COLOUR('',#10999);
#12150 = STYLED_ITEM('color',(#12151),#6867);
#12151 = PRESENTATION_STYLE_ASSIGNMENT((#12152));
#12152 = SURFACE_STYLE_USAGE(.BOTH.,#12153);
#12153 = SURFACE_SIDE_STYLE('',(#12154));
#12154 = SURFACE_STYLE_FILL_AREA(#12155);
#12155 = FILL_AREA_STYLE('',(#12156));
#12156 = FILL_AREA_STYLE_COLOUR('',#10999);
#12157 = STYLED_ITEM('color',(#12158),#6907);
#12158 = PRESENTATION_STYLE_ASSIGNMENT((#12159));
#12159 = SURFACE_STYLE_USAGE(.BOTH.,#12160);
#12160 = SURFACE_SIDE_STYLE('',(#12161));
#12161 = SURFACE_STYLE_FILL_AREA(#12162);
#12162 = FILL_AREA_STYLE('',(#12163));
#12163 = FILL_AREA_STYLE_COLOUR('',#10999);
#12164 = STYLED_ITEM('color',(#12165),#6932);
#12165 = PRESENTATION_STYLE_ASSIGNMENT((#12166));
#12166 = SURFACE_STYLE_USAGE(.BOTH.,#12167);
#12167 = SURFACE_SIDE_STYLE('',(#12168));
#12168 = SURFACE_STYLE_FILL_AREA(#12169);
#12169 = FILL_AREA_STYLE('',(#12170));
#12170 = FILL_AREA_STYLE_COLOUR('',#10999);
#12171 = STYLED_ITEM('color',(#12172),#6957);
#12172 = PRESENTATION_STYLE_ASSIGNMENT((#12173));
#12173 = SURFACE_STYLE_USAGE(.BOTH.,#12174);
#12174 = SURFACE_SIDE_STYLE('',(#12175));
#12175 = SURFACE_STYLE_FILL_AREA(#12176);
#12176 = FILL_AREA_STYLE('',(#12177));
#12177 = FILL_AREA_STYLE_COLOUR('',#10999);
#12178 = STYLED_ITEM('color',(#12179),#6990);
#12179 = PRESENTATION_STYLE_ASSIGNMENT((#12180));
#12180 = SURFACE_STYLE_USAGE(.BOTH.,#12181);
#12181 = SURFACE_SIDE_STYLE('',(#12182));
#12182 = SURFACE_STYLE_FILL_AREA(#12183);
#12183 = FILL_AREA_STYLE('',(#12184));
#12184 = FILL_AREA_STYLE_COLOUR('',#10999);
#12185 = STYLED_ITEM('color',(#12186),#7023);
#12186 = PRESENTATION_STYLE_ASSIGNMENT((#12187));
#12187 = SURFACE_STYLE_USAGE(.BOTH.,#12188);
#12188 = SURFACE_SIDE_STYLE('',(#12189));
#12189 = SURFACE_STYLE_FILL_AREA(#12190);
#12190 = FILL_AREA_STYLE('',(#12191));
#12191 = FILL_AREA_STYLE_COLOUR('',#10999);
#12192 = STYLED_ITEM('color',(#12193),#7054);
#12193 = PRESENTATION_STYLE_ASSIGNMENT((#12194));
#12194 = SURFACE_STYLE_USAGE(.BOTH.,#12195);
#12195 = SURFACE_SIDE_STYLE('',(#12196));
#12196 = SURFACE_STYLE_FILL_AREA(#12197);
#12197 = FILL_AREA_STYLE('',(#12198));
#12198 = FILL_AREA_STYLE_COLOUR('',#10999);
#12199 = STYLED_ITEM('color',(#12200),#7078);
#12200 = PRESENTATION_STYLE_ASSIGNMENT((#12201));
#12201 = SURFACE_STYLE_USAGE(.BOTH.,#12202);
#12202 = SURFACE_SIDE_STYLE('',(#12203));
#12203 = SURFACE_STYLE_FILL_AREA(#12204);
#12204 = FILL_AREA_STYLE('',(#12205));
#12205 = FILL_AREA_STYLE_COLOUR('',#10999);
#12206 = STYLED_ITEM('color',(#12207),#7102);
#12207 = PRESENTATION_STYLE_ASSIGNMENT((#12208));
#12208 = SURFACE_STYLE_USAGE(.BOTH.,#12209);
#12209 = SURFACE_SIDE_STYLE('',(#12210));
#12210 = SURFACE_STYLE_FILL_AREA(#12211);
#12211 = FILL_AREA_STYLE('',(#12212));
#12212 = FILL_AREA_STYLE_COLOUR('',#10999);
#12213 = STYLED_ITEM('color',(#12214),#7126);
#12214 = PRESENTATION_STYLE_ASSIGNMENT((#12215));
#12215 = SURFACE_STYLE_USAGE(.BOTH.,#12216);
#12216 = SURFACE_SIDE_STYLE('',(#12217));
#12217 = SURFACE_STYLE_FILL_AREA(#12218);
#12218 = FILL_AREA_STYLE('',(#12219));
#12219 = FILL_AREA_STYLE_COLOUR('',#10999);
#12220 = STYLED_ITEM('color',(#12221),#7143);
#12221 = PRESENTATION_STYLE_ASSIGNMENT((#12222));
#12222 = SURFACE_STYLE_USAGE(.BOTH.,#12223);
#12223 = SURFACE_SIDE_STYLE('',(#12224));
#12224 = SURFACE_STYLE_FILL_AREA(#12225);
#12225 = FILL_AREA_STYLE('',(#12226));
#12226 = FILL_AREA_STYLE_COLOUR('',#11582);
#12227 = STYLED_ITEM('color',(#12228),#7166);
#12228 = PRESENTATION_STYLE_ASSIGNMENT((#12229));
#12229 = SURFACE_STYLE_USAGE(.BOTH.,#12230);
#12230 = SURFACE_SIDE_STYLE('',(#12231));
#12231 = SURFACE_STYLE_FILL_AREA(#12232);
#12232 = FILL_AREA_STYLE('',(#12233));
#12233 = FILL_AREA_STYLE_COLOUR('',#10999);
#12234 = STYLED_ITEM('color',(#12235),#7183);
#12235 = PRESENTATION_STYLE_ASSIGNMENT((#12236));
#12236 = SURFACE_STYLE_USAGE(.BOTH.,#12237);
#12237 = SURFACE_SIDE_STYLE('',(#12238));
#12238 = SURFACE_STYLE_FILL_AREA(#12239);
#12239 = FILL_AREA_STYLE('',(#12240));
#12240 = FILL_AREA_STYLE_COLOUR('',#10999);
#12241 = STYLED_ITEM('color',(#12242),#7200);
#12242 = PRESENTATION_STYLE_ASSIGNMENT((#12243));
#12243 = SURFACE_STYLE_USAGE(.BOTH.,#12244);
#12244 = SURFACE_SIDE_STYLE('',(#12245));
#12245 = SURFACE_STYLE_FILL_AREA(#12246);
#12246 = FILL_AREA_STYLE('',(#12247));
#12247 = FILL_AREA_STYLE_COLOUR('',#10999);
#12248 = STYLED_ITEM('color',(#12249),#7217);
#12249 = PRESENTATION_STYLE_ASSIGNMENT((#12250));
#12250 = SURFACE_STYLE_USAGE(.BOTH.,#12251);
#12251 = SURFACE_SIDE_STYLE('',(#12252));
#12252 = SURFACE_STYLE_FILL_AREA(#12253);
#12253 = FILL_AREA_STYLE('',(#12254));
#12254 = FILL_AREA_STYLE_COLOUR('',#10999);
#12255 = STYLED_ITEM('color',(#12256),#7234);
#12256 = PRESENTATION_STYLE_ASSIGNMENT((#12257));
#12257 = SURFACE_STYLE_USAGE(.BOTH.,#12258);
#12258 = SURFACE_SIDE_STYLE('',(#12259));
#12259 = SURFACE_STYLE_FILL_AREA(#12260);
#12260 = FILL_AREA_STYLE('',(#12261));
#12261 = FILL_AREA_STYLE_COLOUR('',#10999);
#12262 = STYLED_ITEM('color',(#12263),#7251);
#12263 = PRESENTATION_STYLE_ASSIGNMENT((#12264));
#12264 = SURFACE_STYLE_USAGE(.BOTH.,#12265);
#12265 = SURFACE_SIDE_STYLE('',(#12266));
#12266 = SURFACE_STYLE_FILL_AREA(#12267);
#12267 = FILL_AREA_STYLE('',(#12268));
#12268 = FILL_AREA_STYLE_COLOUR('',#10999);
#12269 = STYLED_ITEM('color',(#12270),#7268);
#12270 = PRESENTATION_STYLE_ASSIGNMENT((#12271));
#12271 = SURFACE_STYLE_USAGE(.BOTH.,#12272);
#12272 = SURFACE_SIDE_STYLE('',(#12273));
#12273 = SURFACE_STYLE_FILL_AREA(#12274);
#12274 = FILL_AREA_STYLE('',(#12275));
#12275 = FILL_AREA_STYLE_COLOUR('',#10999);
#12276 = STYLED_ITEM('color',(#12277),#7285);
#12277 = PRESENTATION_STYLE_ASSIGNMENT((#12278));
#12278 = SURFACE_STYLE_USAGE(.BOTH.,#12279);
#12279 = SURFACE_SIDE_STYLE('',(#12280));
#12280 = SURFACE_STYLE_FILL_AREA(#12281);
#12281 = FILL_AREA_STYLE('',(#12282));
#12282 = FILL_AREA_STYLE_COLOUR('',#10999);
#12283 = STYLED_ITEM('color',(#12284),#7302);
#12284 = PRESENTATION_STYLE_ASSIGNMENT((#12285));
#12285 = SURFACE_STYLE_USAGE(.BOTH.,#12286);
#12286 = SURFACE_SIDE_STYLE('',(#12287));
#12287 = SURFACE_STYLE_FILL_AREA(#12288);
#12288 = FILL_AREA_STYLE('',(#12289));
#12289 = FILL_AREA_STYLE_COLOUR('',#10999);
#12290 = STYLED_ITEM('color',(#12291),#7319);
#12291 = PRESENTATION_STYLE_ASSIGNMENT((#12292));
#12292 = SURFACE_STYLE_USAGE(.BOTH.,#12293);
#12293 = SURFACE_SIDE_STYLE('',(#12294));
#12294 = SURFACE_STYLE_FILL_AREA(#12295);
#12295 = FILL_AREA_STYLE('',(#12296));
#12296 = FILL_AREA_STYLE_COLOUR('',#10999);
#12297 = STYLED_ITEM('color',(#12298),#7336);
#12298 = PRESENTATION_STYLE_ASSIGNMENT((#12299));
#12299 = SURFACE_STYLE_USAGE(.BOTH.,#12300);
#12300 = SURFACE_SIDE_STYLE('',(#12301));
#12301 = SURFACE_STYLE_FILL_AREA(#12302);
#12302 = FILL_AREA_STYLE('',(#12303));
#12303 = FILL_AREA_STYLE_COLOUR('',#10999);
#12304 = STYLED_ITEM('color',(#12305),#7353);
#12305 = PRESENTATION_STYLE_ASSIGNMENT((#12306));
#12306 = SURFACE_STYLE_USAGE(.BOTH.,#12307);
#12307 = SURFACE_SIDE_STYLE('',(#12308));
#12308 = SURFACE_STYLE_FILL_AREA(#12309);
#12309 = FILL_AREA_STYLE('',(#12310));
#12310 = FILL_AREA_STYLE_COLOUR('',#10999);
#12311 = STYLED_ITEM('color',(#12312),#7370);
#12312 = PRESENTATION_STYLE_ASSIGNMENT((#12313));
#12313 = SURFACE_STYLE_USAGE(.BOTH.,#12314);
#12314 = SURFACE_SIDE_STYLE('',(#12315));
#12315 = SURFACE_STYLE_FILL_AREA(#12316);
#12316 = FILL_AREA_STYLE('',(#12317));
#12317 = FILL_AREA_STYLE_COLOUR('',#10999);
#12318 = STYLED_ITEM('color',(#12319),#7387);
#12319 = PRESENTATION_STYLE_ASSIGNMENT((#12320));
#12320 = SURFACE_STYLE_USAGE(.BOTH.,#12321);
#12321 = SURFACE_SIDE_STYLE('',(#12322));
#12322 = SURFACE_STYLE_FILL_AREA(#12323);
#12323 = FILL_AREA_STYLE('',(#12324));
#12324 = FILL_AREA_STYLE_COLOUR('',#10999);
#12325 = STYLED_ITEM('color',(#12326),#7404);
#12326 = PRESENTATION_STYLE_ASSIGNMENT((#12327));
#12327 = SURFACE_STYLE_USAGE(.BOTH.,#12328);
#12328 = SURFACE_SIDE_STYLE('',(#12329));
#12329 = SURFACE_STYLE_FILL_AREA(#12330);
#12330 = FILL_AREA_STYLE('',(#12331));
#12331 = FILL_AREA_STYLE_COLOUR('',#10999);
#12332 = STYLED_ITEM('color',(#12333),#7416);
#12333 = PRESENTATION_STYLE_ASSIGNMENT((#12334));
#12334 = SURFACE_STYLE_USAGE(.BOTH.,#12335);
#12335 = SURFACE_SIDE_STYLE('',(#12336));
#12336 = SURFACE_STYLE_FILL_AREA(#12337);
#12337 = FILL_AREA_STYLE('',(#12338));
#12338 = FILL_AREA_STYLE_COLOUR('',#10999);
#12339 = STYLED_ITEM('color',(#12340),#7433);
#12340 = PRESENTATION_STYLE_ASSIGNMENT((#12341));
#12341 = SURFACE_STYLE_USAGE(.BOTH.,#12342);
#12342 = SURFACE_SIDE_STYLE('',(#12343));
#12343 = SURFACE_STYLE_FILL_AREA(#12344);
#12344 = FILL_AREA_STYLE('',(#12345));
#12345 = FILL_AREA_STYLE_COLOUR('',#10999);
#12346 = STYLED_ITEM('color',(#12347),#7445);
#12347 = PRESENTATION_STYLE_ASSIGNMENT((#12348));
#12348 = SURFACE_STYLE_USAGE(.BOTH.,#12349);
#12349 = SURFACE_SIDE_STYLE('',(#12350));
#12350 = SURFACE_STYLE_FILL_AREA(#12351);
#12351 = FILL_AREA_STYLE('',(#12352));
#12352 = FILL_AREA_STYLE_COLOUR('',#10999);
#12353 = STYLED_ITEM('color',(#12354),#7462);
#12354 = PRESENTATION_STYLE_ASSIGNMENT((#12355));
#12355 = SURFACE_STYLE_USAGE(.BOTH.,#12356);
#12356 = SURFACE_SIDE_STYLE('',(#12357));
#12357 = SURFACE_STYLE_FILL_AREA(#12358);
#12358 = FILL_AREA_STYLE('',(#12359));
#12359 = FILL_AREA_STYLE_COLOUR('',#10999);
#12360 = STYLED_ITEM('color',(#12361),#7474);
#12361 = PRESENTATION_STYLE_ASSIGNMENT((#12362));
#12362 = SURFACE_STYLE_USAGE(.BOTH.,#12363);
#12363 = SURFACE_SIDE_STYLE('',(#12364));
#12364 = SURFACE_STYLE_FILL_AREA(#12365);
#12365 = FILL_AREA_STYLE('',(#12366));
#12366 = FILL_AREA_STYLE_COLOUR('',#10999);
#12367 = STYLED_ITEM('color',(#12368),#7491);
#12368 = PRESENTATION_STYLE_ASSIGNMENT((#12369));
#12369 = SURFACE_STYLE_USAGE(.BOTH.,#12370);
#12370 = SURFACE_SIDE_STYLE('',(#12371));
#12371 = SURFACE_STYLE_FILL_AREA(#12372);
#12372 = FILL_AREA_STYLE('',(#12373));
#12373 = FILL_AREA_STYLE_COLOUR('',#10999);
#12374 = STYLED_ITEM('color',(#12375),#7503);
#12375 = PRESENTATION_STYLE_ASSIGNMENT((#12376));
#12376 = SURFACE_STYLE_USAGE(.BOTH.,#12377);
#12377 = SURFACE_SIDE_STYLE('',(#12378));
#12378 = SURFACE_STYLE_FILL_AREA(#12379);
#12379 = FILL_AREA_STYLE('',(#12380));
#12380 = FILL_AREA_STYLE_COLOUR('',#10999);
#12381 = STYLED_ITEM('color',(#12382),#7520);
#12382 = PRESENTATION_STYLE_ASSIGNMENT((#12383));
#12383 = SURFACE_STYLE_USAGE(.BOTH.,#12384);
#12384 = SURFACE_SIDE_STYLE('',(#12385));
#12385 = SURFACE_STYLE_FILL_AREA(#12386);
#12386 = FILL_AREA_STYLE('',(#12387));
#12387 = FILL_AREA_STYLE_COLOUR('',#10999);
#12388 = STYLED_ITEM('color',(#12389),#7532);
#12389 = PRESENTATION_STYLE_ASSIGNMENT((#12390));
#12390 = SURFACE_STYLE_USAGE(.BOTH.,#12391);
#12391 = SURFACE_SIDE_STYLE('',(#12392));
#12392 = SURFACE_STYLE_FILL_AREA(#12393);
#12393 = FILL_AREA_STYLE('',(#12394));
#12394 = FILL_AREA_STYLE_COLOUR('',#10999);
#12395 = STYLED_ITEM('color',(#12396),#7549);
#12396 = PRESENTATION_STYLE_ASSIGNMENT((#12397));
#12397 = SURFACE_STYLE_USAGE(.BOTH.,#12398);
#12398 = SURFACE_SIDE_STYLE('',(#12399));
#12399 = SURFACE_STYLE_FILL_AREA(#12400);
#12400 = FILL_AREA_STYLE('',(#12401));
#12401 = FILL_AREA_STYLE_COLOUR('',#10999);
#12402 = STYLED_ITEM('color',(#12403),#7561);
#12403 = PRESENTATION_STYLE_ASSIGNMENT((#12404));
#12404 = SURFACE_STYLE_USAGE(.BOTH.,#12405);
#12405 = SURFACE_SIDE_STYLE('',(#12406));
#12406 = SURFACE_STYLE_FILL_AREA(#12407);
#12407 = FILL_AREA_STYLE('',(#12408));
#12408 = FILL_AREA_STYLE_COLOUR('',#10999);
#12409 = STYLED_ITEM('color',(#12410),#7578);
#12410 = PRESENTATION_STYLE_ASSIGNMENT((#12411));
#12411 = SURFACE_STYLE_USAGE(.BOTH.,#12412);
#12412 = SURFACE_SIDE_STYLE('',(#12413));
#12413 = SURFACE_STYLE_FILL_AREA(#12414);
#12414 = FILL_AREA_STYLE('',(#12415));
#12415 = FILL_AREA_STYLE_COLOUR('',#10999);
#12416 = STYLED_ITEM('color',(#12417),#7590);
#12417 = PRESENTATION_STYLE_ASSIGNMENT((#12418));
#12418 = SURFACE_STYLE_USAGE(.BOTH.,#12419);
#12419 = SURFACE_SIDE_STYLE('',(#12420));
#12420 = SURFACE_STYLE_FILL_AREA(#12421);
#12421 = FILL_AREA_STYLE('',(#12422));
#12422 = FILL_AREA_STYLE_COLOUR('',#10999);
#12423 = STYLED_ITEM('color',(#12424),#7607);
#12424 = PRESENTATION_STYLE_ASSIGNMENT((#12425));
#12425 = SURFACE_STYLE_USAGE(.BOTH.,#12426);
#12426 = SURFACE_SIDE_STYLE('',(#12427));
#12427 = SURFACE_STYLE_FILL_AREA(#12428);
#12428 = FILL_AREA_STYLE('',(#12429));
#12429 = FILL_AREA_STYLE_COLOUR('',#10999);
#12430 = STYLED_ITEM('color',(#12431),#7619);
#12431 = PRESENTATION_STYLE_ASSIGNMENT((#12432));
#12432 = SURFACE_STYLE_USAGE(.BOTH.,#12433);
#12433 = SURFACE_SIDE_STYLE('',(#12434));
#12434 = SURFACE_STYLE_FILL_AREA(#12435);
#12435 = FILL_AREA_STYLE('',(#12436));
#12436 = FILL_AREA_STYLE_COLOUR('',#10999);
#12437 = STYLED_ITEM('color',(#12438),#7636);
#12438 = PRESENTATION_STYLE_ASSIGNMENT((#12439));
#12439 = SURFACE_STYLE_USAGE(.BOTH.,#12440);
#12440 = SURFACE_SIDE_STYLE('',(#12441));
#12441 = SURFACE_STYLE_FILL_AREA(#12442);
#12442 = FILL_AREA_STYLE('',(#12443));
#12443 = FILL_AREA_STYLE_COLOUR('',#10999);
#12444 = STYLED_ITEM('color',(#12445),#7648);
#12445 = PRESENTATION_STYLE_ASSIGNMENT((#12446));
#12446 = SURFACE_STYLE_USAGE(.BOTH.,#12447);
#12447 = SURFACE_SIDE_STYLE('',(#12448));
#12448 = SURFACE_STYLE_FILL_AREA(#12449);
#12449 = FILL_AREA_STYLE('',(#12450));
#12450 = FILL_AREA_STYLE_COLOUR('',#10999);
#12451 = STYLED_ITEM('color',(#12452),#7665);
#12452 = PRESENTATION_STYLE_ASSIGNMENT((#12453));
#12453 = SURFACE_STYLE_USAGE(.BOTH.,#12454);
#12454 = SURFACE_SIDE_STYLE('',(#12455));
#12455 = SURFACE_STYLE_FILL_AREA(#12456);
#12456 = FILL_AREA_STYLE('',(#12457));
#12457 = FILL_AREA_STYLE_COLOUR('',#10999);
#12458 = STYLED_ITEM('color',(#12459),#7677);
#12459 = PRESENTATION_STYLE_ASSIGNMENT((#12460));
#12460 = SURFACE_STYLE_USAGE(.BOTH.,#12461);
#12461 = SURFACE_SIDE_STYLE('',(#12462));
#12462 = SURFACE_STYLE_FILL_AREA(#12463);
#12463 = FILL_AREA_STYLE('',(#12464));
#12464 = FILL_AREA_STYLE_COLOUR('',#10999);
#12465 = STYLED_ITEM('color',(#12466),#7694);
#12466 = PRESENTATION_STYLE_ASSIGNMENT((#12467));
#12467 = SURFACE_STYLE_USAGE(.BOTH.,#12468);
#12468 = SURFACE_SIDE_STYLE('',(#12469));
#12469 = SURFACE_STYLE_FILL_AREA(#12470);
#12470 = FILL_AREA_STYLE('',(#12471));
#12471 = FILL_AREA_STYLE_COLOUR('',#10999);
#12472 = STYLED_ITEM('color',(#12473),#7706);
#12473 = PRESENTATION_STYLE_ASSIGNMENT((#12474));
#12474 = SURFACE_STYLE_USAGE(.BOTH.,#12475);
#12475 = SURFACE_SIDE_STYLE('',(#12476));
#12476 = SURFACE_STYLE_FILL_AREA(#12477);
#12477 = FILL_AREA_STYLE('',(#12478));
#12478 = FILL_AREA_STYLE_COLOUR('',#10999);
#12479 = STYLED_ITEM('color',(#12480),#7723);
#12480 = PRESENTATION_STYLE_ASSIGNMENT((#12481));
#12481 = SURFACE_STYLE_USAGE(.BOTH.,#12482);
#12482 = SURFACE_SIDE_STYLE('',(#12483));
#12483 = SURFACE_STYLE_FILL_AREA(#12484);
#12484 = FILL_AREA_STYLE('',(#12485));
#12485 = FILL_AREA_STYLE_COLOUR('',#10999);
#12486 = STYLED_ITEM('color',(#12487),#7735);
#12487 = PRESENTATION_STYLE_ASSIGNMENT((#12488));
#12488 = SURFACE_STYLE_USAGE(.BOTH.,#12489);
#12489 = SURFACE_SIDE_STYLE('',(#12490));
#12490 = SURFACE_STYLE_FILL_AREA(#12491);
#12491 = FILL_AREA_STYLE('',(#12492));
#12492 = FILL_AREA_STYLE_COLOUR('',#10999);
#12493 = STYLED_ITEM('color',(#12494),#7752);
#12494 = PRESENTATION_STYLE_ASSIGNMENT((#12495));
#12495 = SURFACE_STYLE_USAGE(.BOTH.,#12496);
#12496 = SURFACE_SIDE_STYLE('',(#12497));
#12497 = SURFACE_STYLE_FILL_AREA(#12498);
#12498 = FILL_AREA_STYLE('',(#12499));
#12499 = FILL_AREA_STYLE_COLOUR('',#10999);
#12500 = STYLED_ITEM('color',(#12501),#7764);
#12501 = PRESENTATION_STYLE_ASSIGNMENT((#12502));
#12502 = SURFACE_STYLE_USAGE(.BOTH.,#12503);
#12503 = SURFACE_SIDE_STYLE('',(#12504));
#12504 = SURFACE_STYLE_FILL_AREA(#12505);
#12505 = FILL_AREA_STYLE('',(#12506));
#12506 = FILL_AREA_STYLE_COLOUR('',#10999);
#12507 = STYLED_ITEM('color',(#12508),#7781);
#12508 = PRESENTATION_STYLE_ASSIGNMENT((#12509));
#12509 = SURFACE_STYLE_USAGE(.BOTH.,#12510);
#12510 = SURFACE_SIDE_STYLE('',(#12511));
#12511 = SURFACE_STYLE_FILL_AREA(#12512);
#12512 = FILL_AREA_STYLE('',(#12513));
#12513 = FILL_AREA_STYLE_COLOUR('',#10999);
#12514 = STYLED_ITEM('color',(#12515),#7798);
#12515 = PRESENTATION_STYLE_ASSIGNMENT((#12516));
#12516 = SURFACE_STYLE_USAGE(.BOTH.,#12517);
#12517 = SURFACE_SIDE_STYLE('',(#12518));
#12518 = SURFACE_STYLE_FILL_AREA(#12519);
#12519 = FILL_AREA_STYLE('',(#12520));
#12520 = FILL_AREA_STYLE_COLOUR('',#10999);
#12521 = STYLED_ITEM('color',(#12522),#7815);
#12522 = PRESENTATION_STYLE_ASSIGNMENT((#12523));
#12523 = SURFACE_STYLE_USAGE(.BOTH.,#12524);
#12524 = SURFACE_SIDE_STYLE('',(#12525));
#12525 = SURFACE_STYLE_FILL_AREA(#12526);
#12526 = FILL_AREA_STYLE('',(#12527));
#12527 = FILL_AREA_STYLE_COLOUR('',#10999);
#12528 = STYLED_ITEM('color',(#12529),#7832);
#12529 = PRESENTATION_STYLE_ASSIGNMENT((#12530));
#12530 = SURFACE_STYLE_USAGE(.BOTH.,#12531);
#12531 = SURFACE_SIDE_STYLE('',(#12532));
#12532 = SURFACE_STYLE_FILL_AREA(#12533);
#12533 = FILL_AREA_STYLE('',(#12534));
#12534 = FILL_AREA_STYLE_COLOUR('',#10999);
#12535 = STYLED_ITEM('color',(#12536),#7849);
#12536 = PRESENTATION_STYLE_ASSIGNMENT((#12537));
#12537 = SURFACE_STYLE_USAGE(.BOTH.,#12538);
#12538 = SURFACE_SIDE_STYLE('',(#12539));
#12539 = SURFACE_STYLE_FILL_AREA(#12540);
#12540 = FILL_AREA_STYLE('',(#12541));
#12541 = FILL_AREA_STYLE_COLOUR('',#10999);
#12542 = STYLED_ITEM('color',(#12543),#7866);
#12543 = PRESENTATION_STYLE_ASSIGNMENT((#12544));
#12544 = SURFACE_STYLE_USAGE(.BOTH.,#12545);
#12545 = SURFACE_SIDE_STYLE('',(#12546));
#12546 = SURFACE_STYLE_FILL_AREA(#12547);
#12547 = FILL_AREA_STYLE('',(#12548));
#12548 = FILL_AREA_STYLE_COLOUR('',#10999);
#12549 = STYLED_ITEM('color',(#12550),#7883);
#12550 = PRESENTATION_STYLE_ASSIGNMENT((#12551));
#12551 = SURFACE_STYLE_USAGE(.BOTH.,#12552);
#12552 = SURFACE_SIDE_STYLE('',(#12553));
#12553 = SURFACE_STYLE_FILL_AREA(#12554);
#12554 = FILL_AREA_STYLE('',(#12555));
#12555 = FILL_AREA_STYLE_COLOUR('',#10999);
#12556 = STYLED_ITEM('color',(#12557),#7900);
#12557 = PRESENTATION_STYLE_ASSIGNMENT((#12558));
#12558 = SURFACE_STYLE_USAGE(.BOTH.,#12559);
#12559 = SURFACE_SIDE_STYLE('',(#12560));
#12560 = SURFACE_STYLE_FILL_AREA(#12561);
#12561 = FILL_AREA_STYLE('',(#12562));
#12562 = FILL_AREA_STYLE_COLOUR('',#10999);
#12563 = STYLED_ITEM('color',(#12564),#7917);
#12564 = PRESENTATION_STYLE_ASSIGNMENT((#12565));
#12565 = SURFACE_STYLE_USAGE(.BOTH.,#12566);
#12566 = SURFACE_SIDE_STYLE('',(#12567));
#12567 = SURFACE_STYLE_FILL_AREA(#12568);
#12568 = FILL_AREA_STYLE('',(#12569));
#12569 = FILL_AREA_STYLE_COLOUR('',#10999);
#12570 = STYLED_ITEM('color',(#12571),#7934);
#12571 = PRESENTATION_STYLE_ASSIGNMENT((#12572));
#12572 = SURFACE_STYLE_USAGE(.BOTH.,#12573);
#12573 = SURFACE_SIDE_STYLE('',(#12574));
#12574 = SURFACE_STYLE_FILL_AREA(#12575);
#12575 = FILL_AREA_STYLE('',(#12576));
#12576 = FILL_AREA_STYLE_COLOUR('',#10999);
#12577 = STYLED_ITEM('color',(#12578),#7951);
#12578 = PRESENTATION_STYLE_ASSIGNMENT((#12579));
#12579 = SURFACE_STYLE_USAGE(.BOTH.,#12580);
#12580 = SURFACE_SIDE_STYLE('',(#12581));
#12581 = SURFACE_STYLE_FILL_AREA(#12582);
#12582 = FILL_AREA_STYLE('',(#12583));
#12583 = FILL_AREA_STYLE_COLOUR('',#10999);
#12584 = STYLED_ITEM('color',(#12585),#7968);
#12585 = PRESENTATION_STYLE_ASSIGNMENT((#12586));
#12586 = SURFACE_STYLE_USAGE(.BOTH.,#12587);
#12587 = SURFACE_SIDE_STYLE('',(#12588));
#12588 = SURFACE_STYLE_FILL_AREA(#12589);
#12589 = FILL_AREA_STYLE('',(#12590));
#12590 = FILL_AREA_STYLE_COLOUR('',#10999);
#12591 = STYLED_ITEM('color',(#12592),#7985);
#12592 = PRESENTATION_STYLE_ASSIGNMENT((#12593));
#12593 = SURFACE_STYLE_USAGE(.BOTH.,#12594);
#12594 = SURFACE_SIDE_STYLE('',(#12595));
#12595 = SURFACE_STYLE_FILL_AREA(#12596);
#12596 = FILL_AREA_STYLE('',(#12597));
#12597 = FILL_AREA_STYLE_COLOUR('',#10999);
#12598 = STYLED_ITEM('color',(#12599),#8002);
#12599 = PRESENTATION_STYLE_ASSIGNMENT((#12600));
#12600 = SURFACE_STYLE_USAGE(.BOTH.,#12601);
#12601 = SURFACE_SIDE_STYLE('',(#12602));
#12602 = SURFACE_STYLE_FILL_AREA(#12603);
#12603 = FILL_AREA_STYLE('',(#12604));
#12604 = FILL_AREA_STYLE_COLOUR('',#10999);
#12605 = STYLED_ITEM('color',(#12606),#8019);
#12606 = PRESENTATION_STYLE_ASSIGNMENT((#12607));
#12607 = SURFACE_STYLE_USAGE(.BOTH.,#12608);
#12608 = SURFACE_SIDE_STYLE('',(#12609));
#12609 = SURFACE_STYLE_FILL_AREA(#12610);
#12610 = FILL_AREA_STYLE('',(#12611));
#12611 = FILL_AREA_STYLE_COLOUR('',#10999);
#12612 = STYLED_ITEM('color',(#12613),#8031);
#12613 = PRESENTATION_STYLE_ASSIGNMENT((#12614));
#12614 = SURFACE_STYLE_USAGE(.BOTH.,#12615);
#12615 = SURFACE_SIDE_STYLE('',(#12616));
#12616 = SURFACE_STYLE_FILL_AREA(#12617);
#12617 = FILL_AREA_STYLE('',(#12618));
#12618 = FILL_AREA_STYLE_COLOUR('',#10999);
#12619 = STYLED_ITEM('color',(#12620),#8048);
#12620 = PRESENTATION_STYLE_ASSIGNMENT((#12621));
#12621 = SURFACE_STYLE_USAGE(.BOTH.,#12622);
#12622 = SURFACE_SIDE_STYLE('',(#12623));
#12623 = SURFACE_STYLE_FILL_AREA(#12624);
#12624 = FILL_AREA_STYLE('',(#12625));
#12625 = FILL_AREA_STYLE_COLOUR('',#10999);
#12626 = STYLED_ITEM('color',(#12627),#8060);
#12627 = PRESENTATION_STYLE_ASSIGNMENT((#12628));
#12628 = SURFACE_STYLE_USAGE(.BOTH.,#12629);
#12629 = SURFACE_SIDE_STYLE('',(#12630));
#12630 = SURFACE_STYLE_FILL_AREA(#12631);
#12631 = FILL_AREA_STYLE('',(#12632));
#12632 = FILL_AREA_STYLE_COLOUR('',#10999);
#12633 = STYLED_ITEM('color',(#12634),#8077);
#12634 = PRESENTATION_STYLE_ASSIGNMENT((#12635));
#12635 = SURFACE_STYLE_USAGE(.BOTH.,#12636);
#12636 = SURFACE_SIDE_STYLE('',(#12637));
#12637 = SURFACE_STYLE_FILL_AREA(#12638);
#12638 = FILL_AREA_STYLE('',(#12639));
#12639 = FILL_AREA_STYLE_COLOUR('',#10999);
#12640 = STYLED_ITEM('color',(#12641),#8089);
#12641 = PRESENTATION_STYLE_ASSIGNMENT((#12642));
#12642 = SURFACE_STYLE_USAGE(.BOTH.,#12643);
#12643 = SURFACE_SIDE_STYLE('',(#12644));
#12644 = SURFACE_STYLE_FILL_AREA(#12645);
#12645 = FILL_AREA_STYLE('',(#12646));
#12646 = FILL_AREA_STYLE_COLOUR('',#10999);
#12647 = STYLED_ITEM('color',(#12648),#8106);
#12648 = PRESENTATION_STYLE_ASSIGNMENT((#12649));
#12649 = SURFACE_STYLE_USAGE(.BOTH.,#12650);
#12650 = SURFACE_SIDE_STYLE('',(#12651));
#12651 = SURFACE_STYLE_FILL_AREA(#12652);
#12652 = FILL_AREA_STYLE('',(#12653));
#12653 = FILL_AREA_STYLE_COLOUR('',#10999);
#12654 = STYLED_ITEM('color',(#12655),#8118);
#12655 = PRESENTATION_STYLE_ASSIGNMENT((#12656));
#12656 = SURFACE_STYLE_USAGE(.BOTH.,#12657);
#12657 = SURFACE_SIDE_STYLE('',(#12658));
#12658 = SURFACE_STYLE_FILL_AREA(#12659);
#12659 = FILL_AREA_STYLE('',(#12660));
#12660 = FILL_AREA_STYLE_COLOUR('',#10999);
#12661 = STYLED_ITEM('color',(#12662),#8135);
#12662 = PRESENTATION_STYLE_ASSIGNMENT((#12663));
#12663 = SURFACE_STYLE_USAGE(.BOTH.,#12664);
#12664 = SURFACE_SIDE_STYLE('',(#12665));
#12665 = SURFACE_STYLE_FILL_AREA(#12666);
#12666 = FILL_AREA_STYLE('',(#12667));
#12667 = FILL_AREA_STYLE_COLOUR('',#10999);
#12668 = STYLED_ITEM('color',(#12669),#8147);
#12669 = PRESENTATION_STYLE_ASSIGNMENT((#12670));
#12670 = SURFACE_STYLE_USAGE(.BOTH.,#12671);
#12671 = SURFACE_SIDE_STYLE('',(#12672));
#12672 = SURFACE_STYLE_FILL_AREA(#12673);
#12673 = FILL_AREA_STYLE('',(#12674));
#12674 = FILL_AREA_STYLE_COLOUR('',#10999);
#12675 = STYLED_ITEM('color',(#12676),#8164);
#12676 = PRESENTATION_STYLE_ASSIGNMENT((#12677));
#12677 = SURFACE_STYLE_USAGE(.BOTH.,#12678);
#12678 = SURFACE_SIDE_STYLE('',(#12679));
#12679 = SURFACE_STYLE_FILL_AREA(#12680);
#12680 = FILL_AREA_STYLE('',(#12681));
#12681 = FILL_AREA_STYLE_COLOUR('',#10999);
#12682 = STYLED_ITEM('color',(#12683),#8176);
#12683 = PRESENTATION_STYLE_ASSIGNMENT((#12684));
#12684 = SURFACE_STYLE_USAGE(.BOTH.,#12685);
#12685 = SURFACE_SIDE_STYLE('',(#12686));
#12686 = SURFACE_STYLE_FILL_AREA(#12687);
#12687 = FILL_AREA_STYLE('',(#12688));
#12688 = FILL_AREA_STYLE_COLOUR('',#10999);
#12689 = STYLED_ITEM('color',(#12690),#8193);
#12690 = PRESENTATION_STYLE_ASSIGNMENT((#12691));
#12691 = SURFACE_STYLE_USAGE(.BOTH.,#12692);
#12692 = SURFACE_SIDE_STYLE('',(#12693));
#12693 = SURFACE_STYLE_FILL_AREA(#12694);
#12694 = FILL_AREA_STYLE('',(#12695));
#12695 = FILL_AREA_STYLE_COLOUR('',#10999);
#12696 = STYLED_ITEM('color',(#12697),#8205);
#12697 = PRESENTATION_STYLE_ASSIGNMENT((#12698));
#12698 = SURFACE_STYLE_USAGE(.BOTH.,#12699);
#12699 = SURFACE_SIDE_STYLE('',(#12700));
#12700 = SURFACE_STYLE_FILL_AREA(#12701);
#12701 = FILL_AREA_STYLE('',(#12702));
#12702 = FILL_AREA_STYLE_COLOUR('',#10999);
#12703 = STYLED_ITEM('color',(#12704),#8222);
#12704 = PRESENTATION_STYLE_ASSIGNMENT((#12705));
#12705 = SURFACE_STYLE_USAGE(.BOTH.,#12706);
#12706 = SURFACE_SIDE_STYLE('',(#12707));
#12707 = SURFACE_STYLE_FILL_AREA(#12708);
#12708 = FILL_AREA_STYLE('',(#12709));
#12709 = FILL_AREA_STYLE_COLOUR('',#10999);
#12710 = STYLED_ITEM('color',(#12711),#8234);
#12711 = PRESENTATION_STYLE_ASSIGNMENT((#12712));
#12712 = SURFACE_STYLE_USAGE(.BOTH.,#12713);
#12713 = SURFACE_SIDE_STYLE('',(#12714));
#12714 = SURFACE_STYLE_FILL_AREA(#12715);
#12715 = FILL_AREA_STYLE('',(#12716));
#12716 = FILL_AREA_STYLE_COLOUR('',#10999);
#12717 = STYLED_ITEM('color',(#12718),#8251);
#12718 = PRESENTATION_STYLE_ASSIGNMENT((#12719));
#12719 = SURFACE_STYLE_USAGE(.BOTH.,#12720);
#12720 = SURFACE_SIDE_STYLE('',(#12721));
#12721 = SURFACE_STYLE_FILL_AREA(#12722);
#12722 = FILL_AREA_STYLE('',(#12723));
#12723 = FILL_AREA_STYLE_COLOUR('',#10999);
#12724 = STYLED_ITEM('color',(#12725),#8263);
#12725 = PRESENTATION_STYLE_ASSIGNMENT((#12726));
#12726 = SURFACE_STYLE_USAGE(.BOTH.,#12727);
#12727 = SURFACE_SIDE_STYLE('',(#12728));
#12728 = SURFACE_STYLE_FILL_AREA(#12729);
#12729 = FILL_AREA_STYLE('',(#12730));
#12730 = FILL_AREA_STYLE_COLOUR('',#10999);
#12731 = STYLED_ITEM('color',(#12732),#8280);
#12732 = PRESENTATION_STYLE_ASSIGNMENT((#12733));
#12733 = SURFACE_STYLE_USAGE(.BOTH.,#12734);
#12734 = SURFACE_SIDE_STYLE('',(#12735));
#12735 = SURFACE_STYLE_FILL_AREA(#12736);
#12736 = FILL_AREA_STYLE('',(#12737));
#12737 = FILL_AREA_STYLE_COLOUR('',#10999);
#12738 = STYLED_ITEM('color',(#12739),#8292);
#12739 = PRESENTATION_STYLE_ASSIGNMENT((#12740));
#12740 = SURFACE_STYLE_USAGE(.BOTH.,#12741);
#12741 = SURFACE_SIDE_STYLE('',(#12742));
#12742 = SURFACE_STYLE_FILL_AREA(#12743);
#12743 = FILL_AREA_STYLE('',(#12744));
#12744 = FILL_AREA_STYLE_COLOUR('',#10999);
#12745 = STYLED_ITEM('color',(#12746),#8309);
#12746 = PRESENTATION_STYLE_ASSIGNMENT((#12747));
#12747 = SURFACE_STYLE_USAGE(.BOTH.,#12748);
#12748 = SURFACE_SIDE_STYLE('',(#12749));
#12749 = SURFACE_STYLE_FILL_AREA(#12750);
#12750 = FILL_AREA_STYLE('',(#12751));
#12751 = FILL_AREA_STYLE_COLOUR('',#10999);
#12752 = STYLED_ITEM('color',(#12753),#8321);
#12753 = PRESENTATION_STYLE_ASSIGNMENT((#12754));
#12754 = SURFACE_STYLE_USAGE(.BOTH.,#12755);
#12755 = SURFACE_SIDE_STYLE('',(#12756));
#12756 = SURFACE_STYLE_FILL_AREA(#12757);
#12757 = FILL_AREA_STYLE('',(#12758));
#12758 = FILL_AREA_STYLE_COLOUR('',#10999);
#12759 = STYLED_ITEM('color',(#12760),#8338);
#12760 = PRESENTATION_STYLE_ASSIGNMENT((#12761));
#12761 = SURFACE_STYLE_USAGE(.BOTH.,#12762);
#12762 = SURFACE_SIDE_STYLE('',(#12763));
#12763 = SURFACE_STYLE_FILL_AREA(#12764);
#12764 = FILL_AREA_STYLE('',(#12765));
#12765 = FILL_AREA_STYLE_COLOUR('',#10999);
#12766 = STYLED_ITEM('color',(#12767),#8350);
#12767 = PRESENTATION_STYLE_ASSIGNMENT((#12768));
#12768 = SURFACE_STYLE_USAGE(.BOTH.,#12769);
#12769 = SURFACE_SIDE_STYLE('',(#12770));
#12770 = SURFACE_STYLE_FILL_AREA(#12771);
#12771 = FILL_AREA_STYLE('',(#12772));
#12772 = FILL_AREA_STYLE_COLOUR('',#10999);
#12773 = STYLED_ITEM('color',(#12774),#8367);
#12774 = PRESENTATION_STYLE_ASSIGNMENT((#12775));
#12775 = SURFACE_STYLE_USAGE(.BOTH.,#12776);
#12776 = SURFACE_SIDE_STYLE('',(#12777));
#12777 = SURFACE_STYLE_FILL_AREA(#12778);
#12778 = FILL_AREA_STYLE('',(#12779));
#12779 = FILL_AREA_STYLE_COLOUR('',#10999);
#12780 = STYLED_ITEM('color',(#12781),#8379);
#12781 = PRESENTATION_STYLE_ASSIGNMENT((#12782));
#12782 = SURFACE_STYLE_USAGE(.BOTH.,#12783);
#12783 = SURFACE_SIDE_STYLE('',(#12784));
#12784 = SURFACE_STYLE_FILL_AREA(#12785);
#12785 = FILL_AREA_STYLE('',(#12786));
#12786 = FILL_AREA_STYLE_COLOUR('',#10999);
#12787 = STYLED_ITEM('color',(#12788),#8396);
#12788 = PRESENTATION_STYLE_ASSIGNMENT((#12789));
#12789 = SURFACE_STYLE_USAGE(.BOTH.,#12790);
#12790 = SURFACE_SIDE_STYLE('',(#12791));
#12791 = SURFACE_STYLE_FILL_AREA(#12792);
#12792 = FILL_AREA_STYLE('',(#12793));
#12793 = FILL_AREA_STYLE_COLOUR('',#10999);
#12794 = STYLED_ITEM('color',(#12795),#8408);
#12795 = PRESENTATION_STYLE_ASSIGNMENT((#12796));
#12796 = SURFACE_STYLE_USAGE(.BOTH.,#12797);
#12797 = SURFACE_SIDE_STYLE('',(#12798));
#12798 = SURFACE_STYLE_FILL_AREA(#12799);
#12799 = FILL_AREA_STYLE('',(#12800));
#12800 = FILL_AREA_STYLE_COLOUR('',#10999);
#12801 = STYLED_ITEM('color',(#12802),#8421);
#12802 = PRESENTATION_STYLE_ASSIGNMENT((#12803));
#12803 = SURFACE_STYLE_USAGE(.BOTH.,#12804);
#12804 = SURFACE_SIDE_STYLE('',(#12805));
#12805 = SURFACE_STYLE_FILL_AREA(#12806);
#12806 = FILL_AREA_STYLE('',(#12807));
#12807 = FILL_AREA_STYLE_COLOUR('',#12808);
#12808 = COLOUR_RGB('',0.690999977303,0.663999984767,0.597999987832);
#12809 = STYLED_ITEM('color',(#12810),#8446);
#12810 = PRESENTATION_STYLE_ASSIGNMENT((#12811));
#12811 = SURFACE_STYLE_USAGE(.BOTH.,#12812);
#12812 = SURFACE_SIDE_STYLE('',(#12813));
#12813 = SURFACE_STYLE_FILL_AREA(#12814);
#12814 = FILL_AREA_STYLE('',(#12815));
#12815 = FILL_AREA_STYLE_COLOUR('',#12808);
ENDSEC;
END-ISO-10303-21;
